trial_name,status,returncode,params,result_json,rmse,mse,mae,all_metrics,available_metrics
baseline,ok,0,"{""training.lr"": 0.0002, ""training.weight_decay"": 0.0, ""training.grad_clip"": 1.0, ""model.d_id"": 64, ""model.d_model"": 128, ""model.num_layers"": 1, ""model.num_intents"": 5, ""model.eta"": 0.6, ""model.dropout"": 0.2, ""model.tau_p"": 0.2, ""model.gate_alpha"": 5.0, ""model.history_top_k"": 50, ""loss.lambda_rating"": 1.0, ""loss.lambda_align"": 0.1, ""loss.lambda_sep"": 0.05, ""loss.lambda_recon"": 0.1}",/home/infolab/mnt/mingyu/review_rec/rating4review/results/iard_rm_42_Amazon_Office_Products_14_20260515_151428_262414/test_results.json,0.8696698579783987,,,"{""mse"": 0.7563256618761682, ""rmse"": 0.8696698579783987, ""mae"": 0.6574131345525034, ""num_samples"": 5325, ""eval_clip"": true, ""min_rating"": 1.0, ""max_rating"": 5.0, ""unclipped_prediction_min"": 2.7885146141052246, ""unclipped_prediction_max"": 5.072042942047119, ""clipped_prediction_min"": 2.7885146141052246, ""clipped_prediction_max"": 5.0, ""label_min"": 1.0, ""label_max"": 5.0, ""rating_mean"": 4.317183017730713, ""rating_std"": 0.9550731778144836, ""rating_distribution"": {""1.0"": 126, ""2.0"": 194, ""3.0"": 514, ""4.0"": 1522, ""5.0"": 2969}, ""pred_mean"": 4.3034652989794955, ""pred_std"": 0.3729103625892729, ""pred_min"": 2.7885146141052246, ""pred_max"": 5.0, ""abs_error_mean"": 0.6574131345525034, ""abs_error_p90"": 1.31063289642334, ""abs_error_p95"": 1.7459262371063256, ""abs_error_p99"": 3.1321815299987823, ""abs_error_max"": 3.806358814239502, ""mean_gate"": 0.31738871335983276, ""std_gate"": 0.13065330684185028, ""mean_p_inc"": 0.6826112866401672, ""std_p_inc"": 0.13065330684185028, ""mean_alignment"": 0.13510426878929138, ""std_alignment"": 0.27818238735198975, ""mean_intent_entropy"": 1.5276873111724854, ""mean_empty_history_ratio"": 0.0, ""history_source_ratio"": 1.0, ""low_alignment_rmse"": 1.089540958404541, ""low_alignment_mae"": 0.8695027828216553, ""low_alignment_count"": 1065.0, ""mid_alignment_rmse"": 0.8440863490104675, ""mid_alignment_mae"": 0.6580454111099243, ""mid_alignment_count"": 3195.0, ""high_alignment_rmse"": 0.6760793328285217, ""high_alignment_mae"": 0.4434267580509186, ""high_alignment_count"": 1065.0, ""best_valid_metric"": 0.824632937639443}",
round1_training.lr_0.0001,ok,0,"{""training.lr"": 0.0001, ""training.weight_decay"": 0.0, ""training.grad_clip"": 1.0, ""model.d_id"": 64, ""model.d_model"": 128, ""model.num_layers"": 1, ""model.num_intents"": 5, ""model.eta"": 0.6, ""model.dropout"": 0.2, ""model.tau_p"": 0.2, ""model.gate_alpha"": 5.0, ""model.history_top_k"": 50, ""loss.lambda_rating"": 1.0, ""loss.lambda_align"": 0.1, ""loss.lambda_sep"": 0.05, ""loss.lambda_recon"": 0.1}",/home/infolab/mnt/mingyu/review_rec/rating4review/results/iard_rm_42_Amazon_Office_Products_14_20260515_152053_893357/test_results.json,0.8804756964933881,,,"{""mse"": 0.7752374521155168, ""rmse"": 0.8804756964933881, ""mae"": 0.6344347549492204, ""num_samples"": 5325, ""eval_clip"": true, ""min_rating"": 1.0, ""max_rating"": 5.0, ""unclipped_prediction_min"": 2.658257246017456, ""unclipped_prediction_max"": 5.147326946258545, ""clipped_prediction_min"": 2.658257246017456, ""clipped_prediction_max"": 5.0, ""label_min"": 1.0, ""label_max"": 5.0, ""rating_mean"": 4.317183017730713, ""rating_std"": 0.9550731778144836, ""rating_distribution"": {""1.0"": 126, ""2.0"": 194, ""3.0"": 514, ""4.0"": 1522, ""5.0"": 2969}, ""pred_mean"": 4.360836041454978, ""pred_std"": 0.4798083550425438, ""pred_min"": 2.658257246017456, ""pred_max"": 5.0, ""abs_error_mean"": 0.6344347549492204, ""abs_error_p90"": 1.4123609542846685, ""abs_error_p95"": 1.8179167747497564, ""abs_error_p99"": 3.0726251602172896, ""abs_error_max"": 3.966254234313965, ""mean_gate"": 0.32757821679115295, ""std_gate"": 0.11707352846860886, ""mean_p_inc"": 0.6724218130111694, ""std_p_inc"": 0.11707352846860886, ""mean_alignment"": 0.15580281615257263, ""std_alignment"": 0.24313542246818542, ""mean_intent_entropy"": 1.548101544380188, ""mean_empty_history_ratio"": 0.0, ""history_source_ratio"": 1.0, ""low_alignment_rmse"": 1.1062575578689575, ""low_alignment_mae"": 0.911997377872467, ""low_alignment_count"": 1065.0, ""mid_alignment_rmse"": 0.8636809587478638, ""mid_alignment_mae"": 0.6444973349571228, ""mid_alignment_count"": 3195.0, ""high_alignment_rmse"": 0.6438531875610352, ""high_alignment_mae"": 0.3266845643520355, ""high_alignment_count"": 1065.0, ""best_valid_metric"": 0.8270206072302593}",
round1_training.lr_0.0005,ok,0,"{""training.lr"": 0.0005, ""training.weight_decay"": 0.0, ""training.grad_clip"": 1.0, ""model.d_id"": 64, ""model.d_model"": 128, ""model.num_layers"": 1, ""model.num_intents"": 5, ""model.eta"": 0.6, ""model.dropout"": 0.2, ""model.tau_p"": 0.2, ""model.gate_alpha"": 5.0, ""model.history_top_k"": 50, ""loss.lambda_rating"": 1.0, ""loss.lambda_align"": 0.1, ""loss.lambda_sep"": 0.05, ""loss.lambda_recon"": 0.1}",/home/infolab/mnt/mingyu/review_rec/rating4review/results/iard_rm_42_Amazon_Office_Products_14_20260515_152753_320183/test_results.json,0.868282768763932,,,"{""mse"": 0.7539149665323598, ""rmse"": 0.868282768763932, ""mae"": 0.6535718518467576, ""num_samples"": 5325, ""eval_clip"": true, ""min_rating"": 1.0, ""max_rating"": 5.0, ""unclipped_prediction_min"": 1.3749070167541504, ""unclipped_prediction_max"": 4.968609809875488, ""clipped_prediction_min"": 1.3749070167541504, ""clipped_prediction_max"": 4.968609809875488, ""label_min"": 1.0, ""label_max"": 5.0, ""rating_mean"": 4.317183017730713, ""rating_std"": 0.9550731778144836, ""rating_distribution"": {""1.0"": 126, ""2.0"": 194, ""3.0"": 514, ""4.0"": 1522, ""5.0"": 2969}, ""pred_mean"": 4.324044267627555, ""pred_std"": 0.39926756155549664, ""pred_min"": 1.3749070167541504, ""pred_max"": 4.968609809875488, ""abs_error_mean"": 0.6535718518467576, ""abs_error_p90"": 1.3116654396057144, ""abs_error_p95"": 1.747504806518555, ""abs_error_p99"": 3.1522003173828153, ""abs_error_max"": 3.83272647857666, ""mean_gate"": 0.03867683187127113, ""std_gate"": 0.038155630230903625, ""mean_p_inc"": 0.9613232016563416, ""std_p_inc"": 0.038155630230903625, ""mean_alignment"": -0.5636308789253235, ""std_alignment"": 0.17456825077533722, ""mean_intent_entropy"": 1.395858645439148, ""mean_empty_history_ratio"": 0.0, ""history_source_ratio"": 1.0, ""low_alignment_rmse"": 0.8826347589492798, ""low_alignment_mae"": 0.6874646544456482, ""low_alignment_count"": 1065.0, ""mid_alignment_rmse"": 0.891704261302948, ""mid_alignment_mae"": 0.6793166399002075, ""mid_alignment_count"": 3195.0, ""high_alignment_rmse"": 0.7778953909873962, ""high_alignment_mae"": 0.54244464635849, ""high_alignment_count"": 1065.0, ""best_valid_metric"": 0.8163930225711282}",
round1_training.lr_0.001,ok,0,"{""training.lr"": 0.001, ""training.weight_decay"": 0.0, ""training.grad_clip"": 1.0, ""model.d_id"": 64, ""model.d_model"": 128, ""model.num_layers"": 1, ""model.num_intents"": 5, ""model.eta"": 0.6, ""model.dropout"": 0.2, ""model.tau_p"": 0.2, ""model.gate_alpha"": 5.0, ""model.history_top_k"": 50, ""loss.lambda_rating"": 1.0, ""loss.lambda_align"": 0.1, ""loss.lambda_sep"": 0.05, ""loss.lambda_recon"": 0.1}",/home/infolab/mnt/mingyu/review_rec/rating4review/results/iard_rm_42_Amazon_Office_Products_14_20260515_153422_486985/test_results.json,0.8698840585617892,,,"{""mse"": 0.7566982753399303, ""rmse"": 0.8698840585617892, ""mae"": 0.6464429363286551, ""num_samples"": 5325, ""eval_clip"": true, ""min_rating"": 1.0, ""max_rating"": 5.0, ""unclipped_prediction_min"": 1.5779240131378174, ""unclipped_prediction_max"": 5.178067684173584, ""clipped_prediction_min"": 1.5779240131378174, ""clipped_prediction_max"": 5.0, ""label_min"": 1.0, ""label_max"": 5.0, ""rating_mean"": 4.317183017730713, ""rating_std"": 0.9550731778144836, ""rating_distribution"": {""1.0"": 126, ""2.0"": 194, ""3.0"": 514, ""4.0"": 1522, ""5.0"": 2969}, ""pred_mean"": 4.353663362628417, ""pred_std"": 0.39694563592551574, ""pred_min"": 1.5779240131378174, ""pred_max"": 5.0, ""abs_error_mean"": 0.6464429363286551, ""abs_error_p90"": 1.3439960479736328, ""abs_error_p95"": 1.7923917770385756, ""abs_error_p99"": 3.172386474609378, ""abs_error_max"": 3.86441707611084, ""mean_gate"": 0.10709206759929657, ""std_gate"": 0.11790040135383606, ""mean_p_inc"": 0.892907977104187, ""std_p_inc"": 0.11790040880441666, ""mean_alignment"": -0.3875263035297394, ""std_alignment"": 0.3296491801738739, ""mean_intent_entropy"": 0.7638338804244995, ""mean_empty_history_ratio"": 0.0, ""history_source_ratio"": 1.0, ""low_alignment_rmse"": 0.9671146273612976, ""low_alignment_mae"": 0.7392822504043579, ""low_alignment_count"": 1065.0, ""mid_alignment_rmse"": 0.8982549905776978, ""mid_alignment_mae"": 0.6924516558647156, ""mid_alignment_count"": 3195.0, ""high_alignment_rmse"": 0.6539071202278137, ""high_alignment_mae"": 0.4155774414539337, ""high_alignment_count"": 1065.0, ""best_valid_metric"": 0.817713216454839}",
round1_training.weight_decay_1e-06,ok,0,"{""training.lr"": 0.0005, ""training.weight_decay"": 1e-06, ""training.grad_clip"": 1.0, ""model.d_id"": 64, ""model.d_model"": 128, ""model.num_layers"": 1, ""model.num_intents"": 5, ""model.eta"": 0.6, ""model.dropout"": 0.2, ""model.tau_p"": 0.2, ""model.gate_alpha"": 5.0, ""model.history_top_k"": 50, ""loss.lambda_rating"": 1.0, ""loss.lambda_align"": 0.1, ""loss.lambda_sep"": 0.05, ""loss.lambda_recon"": 0.1}",/home/infolab/mnt/mingyu/review_rec/rating4review/results/iard_rm_42_Amazon_Office_Products_14_20260515_154047_107471/test_results.json,0.867786867077453,,,"{""mse"": 0.7530540466721011, ""rmse"": 0.867786867077453, ""mae"": 0.6539300455173976, ""num_samples"": 5325, ""eval_clip"": true, ""min_rating"": 1.0, ""max_rating"": 5.0, ""unclipped_prediction_min"": 1.607253074645996, ""unclipped_prediction_max"": 5.01587438583374, ""clipped_prediction_min"": 1.607253074645996, ""clipped_prediction_max"": 5.0, ""label_min"": 1.0, ""label_max"": 5.0, ""rating_mean"": 4.317183017730713, ""rating_std"": 0.9550731778144836, ""rating_distribution"": {""1.0"": 126, ""2.0"": 194, ""3.0"": 514, ""4.0"": 1522, ""5.0"": 2969}, ""pred_mean"": 4.310300911424306, ""pred_std"": 0.4145116448931071, ""pred_min"": 1.607253074645996, ""pred_max"": 5.0, ""abs_error_mean"": 0.6539300455173976, ""abs_error_p90"": 1.3162509918212892, ""abs_error_p95"": 1.757713127136231, ""abs_error_p99"": 3.1612907791137737, ""abs_error_max"": 3.854870319366455, ""mean_gate"": 0.03407979756593704, ""std_gate"": 0.038285184651613235, ""mean_p_inc"": 0.9659202694892883, ""std_p_inc"": 0.03828518092632294, ""mean_alignment"": -0.5858414769172668, ""std_alignment"": 0.15866540372371674, ""mean_intent_entropy"": 1.1889957189559937, ""mean_empty_history_ratio"": 0.0, ""history_source_ratio"": 1.0, ""low_alignment_rmse"": 0.8219372034072876, ""low_alignment_mae"": 0.6551122069358826, ""low_alignment_count"": 1065.0, ""mid_alignment_rmse"": 0.8452640771865845, ""mid_alignment_mae"": 0.6311618089675903, ""mid_alignment_count"": 3195.0, ""high_alignment_rmse"": 0.9727669954299927, ""high_alignment_mae"": 0.7210525870323181, ""high_alignment_count"": 1065.0, ""best_valid_metric"": 0.8156292840761835}",
round1_training.weight_decay_1e-05,ok,0,"{""training.lr"": 0.0005, ""training.weight_decay"": 1e-05, ""training.grad_clip"": 1.0, ""model.d_id"": 64, ""model.d_model"": 128, ""model.num_layers"": 1, ""model.num_intents"": 5, ""model.eta"": 0.6, ""model.dropout"": 0.2, ""model.tau_p"": 0.2, ""model.gate_alpha"": 5.0, ""model.history_top_k"": 50, ""loss.lambda_rating"": 1.0, ""loss.lambda_align"": 0.1, ""loss.lambda_sep"": 0.05, ""loss.lambda_recon"": 0.1}",/home/infolab/mnt/mingyu/review_rec/rating4review/results/iard_rm_42_Amazon_Office_Products_14_20260515_154714_651276/test_results.json,0.8681055961314146,,,"{""mse"": 0.7536073260346786, ""rmse"": 0.8681055961314146, ""mae"": 0.6538147184882366, ""num_samples"": 5325, ""eval_clip"": true, ""min_rating"": 1.0, ""max_rating"": 5.0, ""unclipped_prediction_min"": 1.703812837600708, ""unclipped_prediction_max"": 5.045012950897217, ""clipped_prediction_min"": 1.703812837600708, ""clipped_prediction_max"": 5.0, ""label_min"": 1.0, ""label_max"": 5.0, ""rating_mean"": 4.317183017730713, ""rating_std"": 0.9550731778144836, ""rating_distribution"": {""1.0"": 126, ""2.0"": 194, ""3.0"": 514, ""4.0"": 1522, ""5.0"": 2969}, ""pred_mean"": 4.3083713783120885, ""pred_std"": 0.41741686596658956, ""pred_min"": 1.703812837600708, ""pred_max"": 5.0, ""abs_error_mean"": 0.6538147184882366, ""abs_error_p90"": 1.3155323982238776, ""abs_error_p95"": 1.762004041671753, ""abs_error_p99"": 3.1693262100219775, ""abs_error_max"": 3.8520965576171875, ""mean_gate"": 0.03538690507411957, ""std_gate"": 0.0446508452296257, ""mean_p_inc"": 0.9646130204200745, ""std_p_inc"": 0.0446508452296257, ""mean_alignment"": -0.591204047203064, ""std_alignment"": 0.17299513518810272, ""mean_intent_entropy"": 1.1929751634597778, ""mean_empty_history_ratio"": 0.0, ""history_source_ratio"": 1.0, ""low_alignment_rmse"": 0.843720555305481, ""low_alignment_mae"": 0.6653446555137634, ""low_alignment_count"": 1065.0, ""mid_alignment_rmse"": 0.8107221722602844, ""mid_alignment_mae"": 0.5991291999816895, ""mid_alignment_count"": 3195.0, ""high_alignment_rmse"": 1.0413265228271484, ""high_alignment_mae"": 0.8063414096832275, ""high_alignment_count"": 1065.0, ""best_valid_metric"": 0.8158050771663965}",
round1_training.weight_decay_0.0001,ok,0,"{""training.lr"": 0.0005, ""training.weight_decay"": 0.0001, ""training.grad_clip"": 1.0, ""model.d_id"": 64, ""model.d_model"": 128, ""model.num_layers"": 1, ""model.num_intents"": 5, ""model.eta"": 0.6, ""model.dropout"": 0.2, ""model.tau_p"": 0.2, ""model.gate_alpha"": 5.0, ""model.history_top_k"": 50, ""loss.lambda_rating"": 1.0, ""loss.lambda_align"": 0.1, ""loss.lambda_sep"": 0.05, ""loss.lambda_recon"": 0.1}",/home/infolab/mnt/mingyu/review_rec/rating4review/results/iard_rm_42_Amazon_Office_Products_14_20260515_155343_543404/test_results.json,0.8685024231543602,,,"{""mse"": 0.7542964590249953, ""rmse"": 0.8685024231543602, ""mae"": 0.6538175127092102, ""num_samples"": 5325, ""eval_clip"": true, ""min_rating"": 1.0, ""max_rating"": 5.0, ""unclipped_prediction_min"": 1.7990577220916748, ""unclipped_prediction_max"": 5.072006702423096, ""clipped_prediction_min"": 1.7990577220916748, ""clipped_prediction_max"": 5.0, ""label_min"": 1.0, ""label_max"": 5.0, ""rating_mean"": 4.317183017730713, ""rating_std"": 0.9550731778144836, ""rating_distribution"": {""1.0"": 126, ""2.0"": 194, ""3.0"": 514, ""4.0"": 1522, ""5.0"": 2969}, ""pred_mean"": 4.313487108436549, ""pred_std"": 0.4158405114210182, ""pred_min"": 1.7990577220916748, ""pred_max"": 5.0, ""abs_error_mean"": 0.6538175127092102, ""abs_error_p90"": 1.3293974399566655, ""abs_error_p95"": 1.7464460372924808, ""abs_error_p99"": 3.1549831008911164, ""abs_error_max"": 3.8336634635925293, ""mean_gate"": 0.03452899307012558, ""std_gate"": 0.04659547656774521, ""mean_p_inc"": 0.9654709696769714, ""std_p_inc"": 0.04659547656774521, ""mean_alignment"": -0.6184573769569397, ""std_alignment"": 0.18858693540096283, ""mean_intent_entropy"": 1.2579350471496582, ""mean_empty_history_ratio"": 0.0, ""history_source_ratio"": 1.0, ""low_alignment_rmse"": 0.834369421005249, ""low_alignment_mae"": 0.6566886305809021, ""low_alignment_count"": 1065.0, ""mid_alignment_rmse"": 0.8021894097328186, ""mid_alignment_mae"": 0.5903732776641846, ""mid_alignment_count"": 3195.0, ""high_alignment_rmse"": 1.0699470043182373, ""high_alignment_mae"": 0.841279149055481, ""high_alignment_count"": 1065.0, ""best_valid_metric"": 0.8158030388100268}",
round1_training.grad_clip_0.5,ok,0,"{""training.lr"": 0.0005, ""training.weight_decay"": 1e-06, ""training.grad_clip"": 0.5, ""model.d_id"": 64, ""model.d_model"": 128, ""model.num_layers"": 1, ""model.num_intents"": 5, ""model.eta"": 0.6, ""model.dropout"": 0.2, ""model.tau_p"": 0.2, ""model.gate_alpha"": 5.0, ""model.history_top_k"": 50, ""loss.lambda_rating"": 1.0, ""loss.lambda_align"": 0.1, ""loss.lambda_sep"": 0.05, ""loss.lambda_recon"": 0.1}",/home/infolab/mnt/mingyu/review_rec/rating4review/results/iard_rm_42_Amazon_Office_Products_14_20260515_160002_963599/test_results.json,0.8679315904799163,,,"{""mse"": 0.7533052457529972, ""rmse"": 0.8679315904799163, ""mae"": 0.653257857219714, ""num_samples"": 5325, ""eval_clip"": true, ""min_rating"": 1.0, ""max_rating"": 5.0, ""unclipped_prediction_min"": 1.62996244430542, ""unclipped_prediction_max"": 5.021596908569336, ""clipped_prediction_min"": 1.62996244430542, ""clipped_prediction_max"": 5.0, ""label_min"": 1.0, ""label_max"": 5.0, ""rating_mean"": 4.317183017730713, ""rating_std"": 0.9550731778144836, ""rating_distribution"": {""1.0"": 126, ""2.0"": 194, ""3.0"": 514, ""4.0"": 1522, ""5.0"": 2969}, ""pred_mean"": 4.311985211976817, ""pred_std"": 0.4130512044343723, ""pred_min"": 1.62996244430542, ""pred_max"": 5.0, ""abs_error_mean"": 0.653257857219714, ""abs_error_p90"": 1.3195786476135258, ""abs_error_p95"": 1.7590479850769045, ""abs_error_p99"": 3.17315473556519, ""abs_error_max"": 3.8387084007263184, ""mean_gate"": 0.03297058492898941, ""std_gate"": 0.03805362805724144, ""mean_p_inc"": 0.9670293927192688, ""std_p_inc"": 0.03805362805724144, ""mean_alignment"": -0.5946521162986755, ""std_alignment"": 0.1590391993522644, ""mean_intent_entropy"": 1.2478289604187012, ""mean_empty_history_ratio"": 0.0, ""history_source_ratio"": 1.0, ""low_alignment_rmse"": 0.8116942048072815, ""low_alignment_mae"": 0.6502341032028198, ""low_alignment_count"": 1065.0, ""mid_alignment_rmse"": 0.8365908861160278, ""mid_alignment_mae"": 0.621917724609375, ""mid_alignment_count"": 3195.0, ""high_alignment_rmse"": 1.0040048360824585, ""high_alignment_mae"": 0.7503020763397217, ""high_alignment_count"": 1065.0, ""best_valid_metric"": 0.8158869509872735}",
round1_training.grad_clip_2.0,ok,0,"{""training.lr"": 0.0005, ""training.weight_decay"": 1e-06, ""training.grad_clip"": 2.0, ""model.d_id"": 64, ""model.d_model"": 128, ""model.num_layers"": 1, ""model.num_intents"": 5, ""model.eta"": 0.6, ""model.dropout"": 0.2, ""model.tau_p"": 0.2, ""model.gate_alpha"": 5.0, ""model.history_top_k"": 50, ""loss.lambda_rating"": 1.0, ""loss.lambda_align"": 0.1, ""loss.lambda_sep"": 0.05, ""loss.lambda_recon"": 0.1}",/home/infolab/mnt/mingyu/review_rec/rating4review/results/iard_rm_42_Amazon_Office_Products_14_20260515_160623_530798/test_results.json,0.8694567699646406,,,"{""mse"": 0.755955074837346, ""rmse"": 0.8694567699646406, ""mae"": 0.6480202628301343, ""num_samples"": 5325, ""eval_clip"": true, ""min_rating"": 1.0, ""max_rating"": 5.0, ""unclipped_prediction_min"": 1.5820977687835693, ""unclipped_prediction_max"": 5.076399803161621, ""clipped_prediction_min"": 1.5820977687835693, ""clipped_prediction_max"": 5.0, ""label_min"": 1.0, ""label_max"": 5.0, ""rating_mean"": 4.317183017730713, ""rating_std"": 0.9550731778144836, ""rating_distribution"": {""1.0"": 126, ""2.0"": 194, ""3.0"": 514, ""4.0"": 1522, ""5.0"": 2969}, ""pred_mean"": 4.333461924449939, ""pred_std"": 0.4223044848487016, ""pred_min"": 1.5820977687835693, ""pred_max"": 5.0, ""abs_error_mean"": 0.6480202628301343, ""abs_error_p90"": 1.3252148151397707, ""abs_error_p95"": 1.781149911880495, ""abs_error_p99"": 3.175764102935796, ""abs_error_max"": 3.9272398948669434, ""mean_gate"": 0.03571939095854759, ""std_gate"": 0.0409734807908535, ""mean_p_inc"": 0.9642806649208069, ""std_p_inc"": 0.0409734807908535, ""mean_alignment"": -0.5766028165817261, ""std_alignment"": 0.16191603243350983, ""mean_intent_entropy"": 1.2099530696868896, ""mean_empty_history_ratio"": 0.0, ""history_source_ratio"": 1.0, ""low_alignment_rmse"": 0.8463267683982849, ""low_alignment_mae"": 0.6648983955383301, ""low_alignment_count"": 1065.0, ""mid_alignment_rmse"": 0.8382905721664429, ""mid_alignment_mae"": 0.6196300387382507, ""mid_alignment_count"": 3195.0, ""high_alignment_rmse"": 0.9774011969566345, ""high_alignment_mae"": 0.7163127064704895, ""high_alignment_count"": 1065.0, ""best_valid_metric"": 0.8163419321286558}",
round1_training.grad_clip_5.0,ok,0,"{""training.lr"": 0.0005, ""training.weight_decay"": 1e-06, ""training.grad_clip"": 5.0, ""model.d_id"": 64, ""model.d_model"": 128, ""model.num_layers"": 1, ""model.num_intents"": 5, ""model.eta"": 0.6, ""model.dropout"": 0.2, ""model.tau_p"": 0.2, ""model.gate_alpha"": 5.0, ""model.history_top_k"": 50, ""loss.lambda_rating"": 1.0, ""loss.lambda_align"": 0.1, ""loss.lambda_sep"": 0.05, ""loss.lambda_recon"": 0.1}",/home/infolab/mnt/mingyu/review_rec/rating4review/results/iard_rm_42_Amazon_Office_Products_14_20260515_161253_156716/test_results.json,0.8688556124488134,,,"{""mse"": 0.7549100752838025, ""rmse"": 0.8688556124488134, ""mae"": 0.649670553565585, ""num_samples"": 5325, ""eval_clip"": true, ""min_rating"": 1.0, ""max_rating"": 5.0, ""unclipped_prediction_min"": 1.4403455257415771, ""unclipped_prediction_max"": 4.943163871765137, ""clipped_prediction_min"": 1.4403455257415771, ""clipped_prediction_max"": 4.943163871765137, ""label_min"": 1.0, ""label_max"": 5.0, ""rating_mean"": 4.317183017730713, ""rating_std"": 0.9550731778144836, ""rating_distribution"": {""1.0"": 126, ""2.0"": 194, ""3.0"": 514, ""4.0"": 1522, ""5.0"": 2969}, ""pred_mean"": 4.338247231183478, ""pred_std"": 0.40749545752990385, ""pred_min"": 1.4403455257415771, ""pred_max"": 4.943163871765137, ""abs_error_mean"": 0.649670553565585, ""abs_error_p90"": 1.3321047306060803, ""abs_error_p95"": 1.7805416107177736, ""abs_error_p99"": 3.1681291198730483, ""abs_error_max"": 3.861417770385742, ""mean_gate"": 0.04519753158092499, ""std_gate"": 0.04663122072815895, ""mean_p_inc"": 0.9548025131225586, ""std_p_inc"": 0.04663122072815895, ""mean_alignment"": -0.5443260073661804, ""std_alignment"": 0.2003341168165207, ""mean_intent_entropy"": 1.3377209901809692, ""mean_empty_history_ratio"": 0.0, ""history_source_ratio"": 1.0, ""low_alignment_rmse"": 0.9623226523399353, ""low_alignment_mae"": 0.7332563400268555, ""low_alignment_count"": 1065.0, ""mid_alignment_rmse"": 0.8822411894798279, ""mid_alignment_mae"": 0.6788532733917236, ""mid_alignment_count"": 3195.0, ""high_alignment_rmse"": 0.7165451049804688, ""high_alignment_mae"": 0.47853636741638184, ""high_alignment_count"": 1065.0, ""best_valid_metric"": 0.8164648117994286}",
round1_model.d_id_32,ok,0,"{""training.lr"": 0.0005, ""training.weight_decay"": 1e-06, ""training.grad_clip"": 1.0, ""model.d_id"": 32, ""model.d_model"": 128, ""model.num_layers"": 1, ""model.num_intents"": 5, ""model.eta"": 0.6, ""model.dropout"": 0.2, ""model.tau_p"": 0.2, ""model.gate_alpha"": 5.0, ""model.history_top_k"": 50, ""loss.lambda_rating"": 1.0, ""loss.lambda_align"": 0.1, ""loss.lambda_sep"": 0.05, ""loss.lambda_recon"": 0.1}",/home/infolab/mnt/mingyu/review_rec/rating4review/results/iard_rm_42_Amazon_Office_Products_14_20260515_161917_160510/test_results.json,0.8729359545874974,,,"{""mse"": 0.7620171808115853, ""rmse"": 0.8729359545874974, ""mae"": 0.6432996311993666, ""num_samples"": 5325, ""eval_clip"": true, ""min_rating"": 1.0, ""max_rating"": 5.0, ""unclipped_prediction_min"": 0.548790454864502, ""unclipped_prediction_max"": 5.151001930236816, ""clipped_prediction_min"": 1.0, ""clipped_prediction_max"": 5.0, ""label_min"": 1.0, ""label_max"": 5.0, ""rating_mean"": 4.317183017730713, ""rating_std"": 0.9550731778144836, ""rating_distribution"": {""1.0"": 126, ""2.0"": 194, ""3.0"": 514, ""4.0"": 1522, ""5.0"": 2969}, ""pred_mean"": 4.325610723361163, ""pred_std"": 0.4569492898953246, ""pred_min"": 1.0, ""pred_max"": 5.0, ""abs_error_mean"": 0.6432996311993666, ""abs_error_p90"": 1.3386326789855962, ""abs_error_p95"": 1.800475788116457, ""abs_error_p99"": 3.2039789962768612, ""abs_error_max"": 3.9784140586853027, ""ndcg@5"": 0.9838668929516218, ""hitrate@5"": 1.0, ""recall@5"": 0.9948490687531526, ""ndcg@10"": 0.9849061542036116, ""hitrate@10"": 1.0, ""recall@10"": 0.9998826784139636, ""ndcg@20"": 0.9849552844380934, ""hitrate@20"": 1.0, ""recall@20"": 1.0, ""mean_gate"": 0.4311680197715759, ""std_gate"": 0.07554396241903305, ""mean_p_inc"": 0.5688319206237793, ""std_p_inc"": 0.07554396241903305, ""mean_alignment"": 0.4818439185619354, ""std_alignment"": 0.26349857449531555, ""mean_intent_entropy"": 0.9496937394142151, ""mean_empty_history_ratio"": 0.0, ""history_source_ratio"": 1.0, ""low_alignment_rmse"": 1.0241541862487793, ""low_alignment_mae"": 0.8131968975067139, ""low_alignment_count"": 1065.0, ""mid_alignment_rmse"": 0.877785325050354, ""mid_alignment_mae"": 0.6734319925308228, ""mid_alignment_count"": 3195.0, ""high_alignment_rmse"": 0.6705764532089233, ""high_alignment_mae"": 0.3830054700374603, ""high_alignment_count"": 1065.0, ""best_valid_metric"": 0.818809197063529}",
round1_model.d_id_128,ok,0,"{""training.lr"": 0.0005, ""training.weight_decay"": 1e-06, ""training.grad_clip"": 1.0, ""model.d_id"": 128, ""model.d_model"": 128, ""model.num_layers"": 1, ""model.num_intents"": 5, ""model.eta"": 0.6, ""model.dropout"": 0.2, ""model.tau_p"": 0.2, ""model.gate_alpha"": 5.0, ""model.history_top_k"": 50, ""loss.lambda_rating"": 1.0, ""loss.lambda_align"": 0.1, ""loss.lambda_sep"": 0.05, ""loss.lambda_recon"": 0.1}",/home/infolab/mnt/mingyu/review_rec/rating4review/results/iard_rm_42_Amazon_Office_Products_14_20260515_162619_825872/test_results.json,0.8740542215065491,,,"{""mse"": 0.7639707821334195, ""rmse"": 0.8740542215065491, ""mae"": 0.6343882639083505, ""num_samples"": 5325, ""eval_clip"": true, ""min_rating"": 1.0, ""max_rating"": 5.0, ""unclipped_prediction_min"": 1.4253392219543457, ""unclipped_prediction_max"": 5.080326557159424, ""clipped_prediction_min"": 1.4253392219543457, ""clipped_prediction_max"": 5.0, ""label_min"": 1.0, ""label_max"": 5.0, ""rating_mean"": 4.317183017730713, ""rating_std"": 0.9550731778144836, ""rating_distribution"": {""1.0"": 126, ""2.0"": 194, ""3.0"": 514, ""4.0"": 1522, ""5.0"": 2969}, ""pred_mean"": 4.394075355395465, ""pred_std"": 0.42826983560668075, ""pred_min"": 1.4253392219543457, ""pred_max"": 5.0, ""abs_error_mean"": 0.6343882639083505, ""abs_error_p90"": 1.3756691932678238, ""abs_error_p95"": 1.809072875976563, ""abs_error_p99"": 3.215471515655523, ""abs_error_max"": 3.922408103942871, ""ndcg@5"": 0.9841733889770755, ""hitrate@5"": 1.0, ""recall@5"": 0.994774134320781, ""ndcg@10"": 0.9852595701446751, ""hitrate@10"": 1.0, ""recall@10"": 0.9998826784139636, ""ndcg@20"": 0.9853087003791569, ""hitrate@20"": 1.0, ""recall@20"": 1.0, ""mean_gate"": 0.032444629818201065, ""std_gate"": 0.033217303454875946, ""mean_p_inc"": 0.9675554037094116, ""std_p_inc"": 0.033217303454875946, ""mean_alignment"": -0.5992565155029297, ""std_alignment"": 0.16896666586399078, ""mean_intent_entropy"": 0.8072889447212219, ""mean_empty_history_ratio"": 0.0, ""history_source_ratio"": 1.0, ""low_alignment_rmse"": 0.8799745440483093, ""low_alignment_mae"": 0.6893177032470703, ""low_alignment_count"": 1065.0, ""mid_alignment_rmse"": 0.8646576404571533, ""mid_alignment_mae"": 0.631846010684967, ""mid_alignment_count"": 3195.0, ""high_alignment_rmse"": 0.8958795666694641, ""high_alignment_mae"": 0.5870855450630188, ""high_alignment_count"": 1065.0, ""best_valid_metric"": 0.8195940838127016}",
round1_model.d_model_64,ok,0,"{""training.lr"": 0.0005, ""training.weight_decay"": 1e-06, ""training.grad_clip"": 1.0, ""model.d_id"": 64, ""model.d_model"": 64, ""model.num_layers"": 1, ""model.num_intents"": 5, ""model.eta"": 0.6, ""model.dropout"": 0.2, ""model.tau_p"": 0.2, ""model.gate_alpha"": 5.0, ""model.history_top_k"": 50, ""loss.lambda_rating"": 1.0, ""loss.lambda_align"": 0.1, ""loss.lambda_sep"": 0.05, ""loss.lambda_recon"": 0.1}",/home/infolab/mnt/mingyu/review_rec/rating4review/results/iard_rm_42_Amazon_Office_Products_14_20260515_163255_878320/test_results.json,0.8815755704803193,,,"{""mse"": 0.7771754864677005, ""rmse"": 0.8815755704803193, ""mae"": 0.6535301135963117, ""num_samples"": 5325, ""eval_clip"": true, ""min_rating"": 1.0, ""max_rating"": 5.0, ""unclipped_prediction_min"": 1.2721562385559082, ""unclipped_prediction_max"": 5.120481967926025, ""clipped_prediction_min"": 1.2721562385559082, ""clipped_prediction_max"": 5.0, ""label_min"": 1.0, ""label_max"": 5.0, ""rating_mean"": 4.317183017730713, ""rating_std"": 0.9550731778144836, ""rating_distribution"": {""1.0"": 126, ""2.0"": 194, ""3.0"": 514, ""4.0"": 1522, ""5.0"": 2969}, ""pred_mean"": 4.2878648746293475, ""pred_std"": 0.5079165931197612, ""pred_min"": 1.2721562385559082, ""pred_max"": 5.0, ""abs_error_mean"": 0.6535301135963117, ""abs_error_p90"": 1.3905858993530276, ""abs_error_p95"": 1.8007396697998048, ""abs_error_p99"": 3.17164363861085, ""abs_error_max"": 3.9160099029541016, ""ndcg@5"": 0.9832775204723472, ""hitrate@5"": 1.0, ""recall@5"": 0.994755400712688, ""ndcg@10"": 0.984372178650073, ""hitrate@10"": 1.0, ""recall@10"": 0.9998826784139636, ""ndcg@20"": 0.9844205422969057, ""hitrate@20"": 1.0, ""recall@20"": 1.0, ""mean_gate"": 0.056378092616796494, ""std_gate"": 0.06324560195207596, ""mean_p_inc"": 0.9436218738555908, ""std_p_inc"": 0.06324560195207596, ""mean_alignment"": -0.5067542195320129, ""std_alignment"": 0.22343359887599945, ""mean_intent_entropy"": 1.0448371171951294, ""mean_empty_history_ratio"": 0.0, ""history_source_ratio"": 1.0, ""low_alignment_rmse"": 0.9024744629859924, ""low_alignment_mae"": 0.7051154971122742, ""low_alignment_count"": 1065.0, ""mid_alignment_rmse"": 0.8431183695793152, ""mid_alignment_mae"": 0.6275761723518372, ""mid_alignment_count"": 3195.0, ""high_alignment_rmse"": 0.9689537286758423, ""high_alignment_mae"": 0.6798064708709717, ""high_alignment_count"": 1065.0, ""best_valid_metric"": 0.8250960090355934}",
round1_model.d_model_256,ok,0,"{""training.lr"": 0.0005, ""training.weight_decay"": 1e-06, ""training.grad_clip"": 1.0, ""model.d_id"": 64, ""model.d_model"": 256, ""model.num_layers"": 1, ""model.num_intents"": 5, ""model.eta"": 0.6, ""model.dropout"": 0.2, ""model.tau_p"": 0.2, ""model.gate_alpha"": 5.0, ""model.history_top_k"": 50, ""loss.lambda_rating"": 1.0, ""loss.lambda_align"": 0.1, ""loss.lambda_sep"": 0.05, ""loss.lambda_recon"": 0.1}",/home/infolab/mnt/mingyu/review_rec/rating4review/results/iard_rm_42_Amazon_Office_Products_14_20260515_163932_544932/test_results.json,0.8756512585241327,,,"{""mse"": 0.7667651265548975, ""rmse"": 0.8756512585241327, ""mae"": 0.6275708682548272, ""num_samples"": 5325, ""eval_clip"": true, ""min_rating"": 1.0, ""max_rating"": 5.0, ""unclipped_prediction_min"": 1.064340591430664, ""unclipped_prediction_max"": 5.25687313079834, ""clipped_prediction_min"": 1.064340591430664, ""clipped_prediction_max"": 5.0, ""label_min"": 1.0, ""label_max"": 5.0, ""rating_mean"": 4.317183017730713, ""rating_std"": 0.9550731778144836, ""rating_distribution"": {""1.0"": 126, ""2.0"": 194, ""3.0"": 514, ""4.0"": 1522, ""5.0"": 2969}, ""pred_mean"": 4.397717864927552, ""pred_std"": 0.4365934659768367, ""pred_min"": 1.064340591430664, ""pred_max"": 5.0, ""abs_error_mean"": 0.6275708682548272, ""abs_error_p90"": 1.3507764339447028, ""abs_error_p95"": 1.835581779479981, ""abs_error_p99"": 3.1969713973999054, ""abs_error_max"": 3.980041027069092, ""mean_gate"": 0.04741248860955238, ""std_gate"": 0.054200150072574615, ""mean_p_inc"": 0.9525874853134155, ""std_p_inc"": 0.054200150072574615, ""mean_alignment"": -0.5499144196510315, ""std_alignment"": 0.22021429240703583, ""mean_intent_entropy"": 0.9778055548667908, ""mean_empty_history_ratio"": 0.0, ""history_source_ratio"": 1.0, ""low_alignment_rmse"": 0.9491295218467712, ""low_alignment_mae"": 0.7286682724952698, ""low_alignment_count"": 1065.0, ""mid_alignment_rmse"": 0.9046044945716858, ""mid_alignment_mae"": 0.6763848662376404, ""mid_alignment_count"": 3195.0, ""high_alignment_rmse"": 0.6914122700691223, ""high_alignment_mae"": 0.380031555891037, ""high_alignment_count"": 1065.0, ""best_valid_metric"": 0.8222924474158461}",
round1_model.num_layers_2,ok,0,"{""training.lr"": 0.0005, ""training.weight_decay"": 1e-06, ""training.grad_clip"": 1.0, ""model.d_id"": 64, ""model.d_model"": 128, ""model.num_layers"": 2, ""model.num_intents"": 5, ""model.eta"": 0.6, ""model.dropout"": 0.2, ""model.tau_p"": 0.2, ""model.gate_alpha"": 5.0, ""model.history_top_k"": 50, ""loss.lambda_rating"": 1.0, ""loss.lambda_align"": 0.1, ""loss.lambda_sep"": 0.05, ""loss.lambda_recon"": 0.1}",/home/infolab/mnt/mingyu/review_rec/rating4review/results/iard_rm_42_Amazon_Office_Products_14_20260515_164605_051377/test_results.json,0.868500451925752,,,"{""mse"": 0.7542930349952354, ""rmse"": 0.868500451925752, ""mae"": 0.647481779179103, ""num_samples"": 5325, ""eval_clip"": true, ""min_rating"": 1.0, ""max_rating"": 5.0, ""unclipped_prediction_min"": 1.4826490879058838, ""unclipped_prediction_max"": 5.025110244750977, ""clipped_prediction_min"": 1.4826490879058838, ""clipped_prediction_max"": 5.0, ""label_min"": 1.0, ""label_max"": 5.0, ""rating_mean"": 4.317183017730713, ""rating_std"": 0.9550731778144836, ""rating_distribution"": {""1.0"": 126, ""2.0"": 194, ""3.0"": 514, ""4.0"": 1522, ""5.0"": 2969}, ""pred_mean"": 4.330504967953678, ""pred_std"": 0.42025106358042746, ""pred_min"": 1.4826490879058838, ""pred_max"": 5.0, ""abs_error_mean"": 0.647481779179103, ""abs_error_p90"": 1.332265567779541, ""abs_error_p95"": 1.79642972946167, ""abs_error_p99"": 3.1263861846923846, ""abs_error_max"": 3.858671188354492, ""mean_gate"": 0.04450918361544609, ""std_gate"": 0.04497918486595154, ""mean_p_inc"": 0.95549076795578, ""std_p_inc"": 0.04497918486595154, ""mean_alignment"": -0.550347089767456, ""std_alignment"": 0.20209655165672302, ""mean_intent_entropy"": 1.3053767681121826, ""mean_empty_history_ratio"": 0.0, ""history_source_ratio"": 1.0, ""low_alignment_rmse"": 0.9753338098526001, ""low_alignment_mae"": 0.7417584657669067, ""low_alignment_count"": 1065.0, ""mid_alignment_rmse"": 0.8856959939002991, ""mid_alignment_mae"": 0.6852693557739258, ""mid_alignment_count"": 3195.0, ""high_alignment_rmse"": 0.6832401752471924, ""high_alignment_mae"": 0.43984225392341614, ""high_alignment_count"": 1065.0, ""best_valid_metric"": 0.815435606458878}",
round1_model.num_intents_3,ok,0,"{""training.lr"": 0.0005, ""training.weight_decay"": 1e-06, ""training.grad_clip"": 1.0, ""model.d_id"": 64, ""model.d_model"": 128, ""model.num_layers"": 1, ""model.num_intents"": 3, ""model.eta"": 0.6, ""model.dropout"": 0.2, ""model.tau_p"": 0.2, ""model.gate_alpha"": 5.0, ""model.history_top_k"": 50, ""loss.lambda_rating"": 1.0, ""loss.lambda_align"": 0.1, ""loss.lambda_sep"": 0.05, ""loss.lambda_recon"": 0.1}",/home/infolab/mnt/mingyu/review_rec/rating4review/results/iard_rm_42_Amazon_Office_Products_14_20260515_165251_800278/test_results.json,0.8783660391315197,,,"{""mse"": 0.7715268986995943, ""rmse"": 0.8783660391315197, ""mae"": 0.6356297255681714, ""num_samples"": 5325, ""eval_clip"": true, ""min_rating"": 1.0, ""max_rating"": 5.0, ""unclipped_prediction_min"": 0.5602397918701172, ""unclipped_prediction_max"": 5.233081817626953, ""clipped_prediction_min"": 1.0, ""clipped_prediction_max"": 5.0, ""label_min"": 1.0, ""label_max"": 5.0, ""rating_mean"": 4.317183017730713, ""rating_std"": 0.9550731778144836, ""rating_distribution"": {""1.0"": 126, ""2.0"": 194, ""3.0"": 514, ""4.0"": 1522, ""5.0"": 2969}, ""pred_mean"": 4.336544622770497, ""pred_std"": 0.5076930149400958, ""pred_min"": 1.0, ""pred_max"": 5.0, ""abs_error_mean"": 0.6356297255681714, ""abs_error_p90"": 1.3691069602966317, ""abs_error_p95"": 1.8059611320495614, ""abs_error_p99"": 3.144717235565186, ""abs_error_max"": 4.0, ""mean_gate"": 0.0494803823530674, ""std_gate"": 0.0567018985748291, ""mean_p_inc"": 0.9505196213722229, ""std_p_inc"": 0.0567018985748291, ""mean_alignment"": -0.5360997319221497, ""std_alignment"": 0.2180551290512085, ""mean_intent_entropy"": 0.8582724332809448, ""mean_empty_history_ratio"": 0.0, ""history_source_ratio"": 1.0, ""low_alignment_rmse"": 0.9242182970046997, ""low_alignment_mae"": 0.7176010608673096, ""low_alignment_count"": 1065.0, ""mid_alignment_rmse"": 0.8826939463615417, ""mid_alignment_mae"": 0.6637966632843018, ""mid_alignment_count"": 3195.0, ""high_alignment_rmse"": 0.8160938024520874, ""high_alignment_mae"": 0.4691576361656189, ""high_alignment_count"": 1065.0, ""best_valid_metric"": 0.824220340190315}",
round1_model.num_intents_8,ok,0,"{""training.lr"": 0.0005, ""training.weight_decay"": 1e-06, ""training.grad_clip"": 1.0, ""model.d_id"": 64, ""model.d_model"": 128, ""model.num_layers"": 1, ""model.num_intents"": 8, ""model.eta"": 0.6, ""model.dropout"": 0.2, ""model.tau_p"": 0.2, ""model.gate_alpha"": 5.0, ""model.history_top_k"": 50, ""loss.lambda_rating"": 1.0, ""loss.lambda_align"": 0.1, ""loss.lambda_sep"": 0.05, ""loss.lambda_recon"": 0.1}",/home/infolab/mnt/mingyu/review_rec/rating4review/results/iard_rm_42_Amazon_Office_Products_14_20260515_165925_356516/test_results.json,0.8743213783374911,,,"{""mse"": 0.7644378726179702, ""rmse"": 0.8743213783374911, ""mae"": 0.6455938474449193, ""num_samples"": 5325, ""eval_clip"": true, ""min_rating"": 1.0, ""max_rating"": 5.0, ""unclipped_prediction_min"": 1.0500638484954834, ""unclipped_prediction_max"": 5.176814079284668, ""clipped_prediction_min"": 1.0500638484954834, ""clipped_prediction_max"": 5.0, ""label_min"": 1.0, ""label_max"": 5.0, ""rating_mean"": 4.317183017730713, ""rating_std"": 0.9550731778144836, ""rating_distribution"": {""1.0"": 126, ""2.0"": 194, ""3.0"": 514, ""4.0"": 1522, ""5.0"": 2969}, ""pred_mean"": 4.31221411807996, ""pred_std"": 0.45775089960275445, ""pred_min"": 1.0500638484954834, ""pred_max"": 5.0, ""abs_error_mean"": 0.6455938474449193, ""abs_error_p90"": 1.343868446350098, ""abs_error_p95"": 1.788885259628296, ""abs_error_p99"": 3.146354379653931, ""abs_error_max"": 3.9868979454040527, ""mean_gate"": 0.03150086849927902, ""std_gate"": 0.033622659742832184, ""mean_p_inc"": 0.9684991240501404, ""std_p_inc"": 0.033622659742832184, ""mean_alignment"": -0.6155133843421936, ""std_alignment"": 0.1827409863471985, ""mean_intent_entropy"": 1.433849811553955, ""mean_empty_history_ratio"": 0.0, ""history_source_ratio"": 1.0, ""low_alignment_rmse"": 0.951604425907135, ""low_alignment_mae"": 0.7322158813476562, ""low_alignment_count"": 1065.0, ""mid_alignment_rmse"": 0.8885325789451599, ""mid_alignment_mae"": 0.6846686601638794, ""mid_alignment_count"": 3195.0, ""high_alignment_rmse"": 0.7403837442398071, ""high_alignment_mae"": 0.4417472779750824, ""high_alignment_count"": 1065.0, ""best_valid_metric"": 0.8211656883386241}",
round1_model.eta_0.3,ok,0,"{""training.lr"": 0.0005, ""training.weight_decay"": 1e-06, ""training.grad_clip"": 1.0, ""model.d_id"": 64, ""model.d_model"": 128, ""model.num_layers"": 1, ""model.num_intents"": 5, ""model.eta"": 0.3, ""model.dropout"": 0.2, ""model.tau_p"": 0.2, ""model.gate_alpha"": 5.0, ""model.history_top_k"": 50, ""loss.lambda_rating"": 1.0, ""loss.lambda_align"": 0.1, ""loss.lambda_sep"": 0.05, ""loss.lambda_recon"": 0.1}",/home/infolab/mnt/mingyu/review_rec/rating4review/results/iard_rm_42_Amazon_Office_Products_14_20260515_170557_856908/test_results.json,0.8677873771887795,,,"{""mse"": 0.7530549320081811, ""rmse"": 0.8677873771887795, ""mae"": 0.6539331086476644, ""num_samples"": 5325, ""eval_clip"": true, ""min_rating"": 1.0, ""max_rating"": 5.0, ""unclipped_prediction_min"": 1.6078081130981445, ""unclipped_prediction_max"": 5.0160298347473145, ""clipped_prediction_min"": 1.6078081130981445, ""clipped_prediction_max"": 5.0, ""label_min"": 1.0, ""label_max"": 5.0, ""rating_mean"": 4.317183017730713, ""rating_std"": 0.9550731778144836, ""rating_distribution"": {""1.0"": 126, ""2.0"": 194, ""3.0"": 514, ""4.0"": 1522, ""5.0"": 2969}, ""pred_mean"": 4.310278501421073, ""pred_std"": 0.4144945882354098, ""pred_min"": 1.6078081130981445, ""pred_max"": 5.0, ""abs_error_mean"": 0.6539331086476644, ""abs_error_p90"": 1.3160393714904788, ""abs_error_p95"": 1.7580087661743171, ""abs_error_p99"": 3.1612849044799844, ""abs_error_max"": 3.8546366691589355, ""mean_gate"": 0.03407856822013855, ""std_gate"": 0.038296714425086975, ""mean_p_inc"": 0.9659213423728943, ""std_p_inc"": 0.038296714425086975, ""mean_alignment"": -0.5858832001686096, ""std_alignment"": 0.1586996167898178, ""mean_intent_entropy"": 1.1886435747146606, ""mean_empty_history_ratio"": 0.0, ""history_source_ratio"": 1.0, ""low_alignment_rmse"": 0.8219373822212219, ""low_alignment_mae"": 0.6551178693771362, ""low_alignment_count"": 1065.0, ""mid_alignment_rmse"": 0.8450775146484375, ""mid_alignment_mae"": 0.6308321356773376, ""mid_alignment_count"": 3195.0, ""high_alignment_rmse"": 0.9732550382614136, ""high_alignment_mae"": 0.7220511436462402, ""high_alignment_count"": 1065.0, ""best_valid_metric"": 0.8156309678908847}",
round1_model.eta_0.5,ok,0,"{""training.lr"": 0.0005, ""training.weight_decay"": 1e-06, ""training.grad_clip"": 1.0, ""model.d_id"": 64, ""model.d_model"": 128, ""model.num_layers"": 1, ""model.num_intents"": 5, ""model.eta"": 0.5, ""model.dropout"": 0.2, ""model.tau_p"": 0.2, ""model.gate_alpha"": 5.0, ""model.history_top_k"": 50, ""loss.lambda_rating"": 1.0, ""loss.lambda_align"": 0.1, ""loss.lambda_sep"": 0.05, ""loss.lambda_recon"": 0.1}",/home/infolab/mnt/mingyu/review_rec/rating4review/results/iard_rm_42_Amazon_Office_Products_14_20260515_171228_368267/test_results.json,0.867740844068493,,,"{""mse"": 0.7529741724647006, ""rmse"": 0.867740844068493, ""mae"": 0.6538767240192969, ""num_samples"": 5325, ""eval_clip"": true, ""min_rating"": 1.0, ""max_rating"": 5.0, ""unclipped_prediction_min"": 1.606053113937378, ""unclipped_prediction_max"": 5.016331195831299, ""clipped_prediction_min"": 1.606053113937378, ""clipped_prediction_max"": 5.0, ""label_min"": 1.0, ""label_max"": 5.0, ""rating_mean"": 4.317183017730713, ""rating_std"": 0.9550731778144836, ""rating_distribution"": {""1.0"": 126, ""2.0"": 194, ""3.0"": 514, ""4.0"": 1522, ""5.0"": 2969}, ""pred_mean"": 4.310521576259058, ""pred_std"": 0.41416806005544987, ""pred_min"": 1.606053113937378, ""pred_max"": 5.0, ""abs_error_mean"": 0.6538767240192969, ""abs_error_p90"": 1.3172719955444343, ""abs_error_p95"": 1.7580513477325441, ""abs_error_p99"": 3.162124652862553, ""abs_error_max"": 3.8561596870422363, ""mean_gate"": 0.03416093438863754, ""std_gate"": 0.03834671899676323, ""mean_p_inc"": 0.9658390283584595, ""std_p_inc"": 0.03834671899676323, ""mean_alignment"": -0.5853971242904663, ""std_alignment"": 0.1588204950094223, ""mean_intent_entropy"": 1.2041611671447754, ""mean_empty_history_ratio"": 0.0, ""history_source_ratio"": 1.0, ""low_alignment_rmse"": 0.8218993544578552, ""low_alignment_mae"": 0.6550477743148804, ""low_alignment_count"": 1065.0, ""mid_alignment_rmse"": 0.8452944159507751, ""mid_alignment_mae"": 0.6310976147651672, ""mid_alignment_count"": 3195.0, ""high_alignment_rmse"": 0.9725144505500793, ""high_alignment_mae"": 0.7210429906845093, ""high_alignment_count"": 1065.0, ""best_valid_metric"": 0.8156103084283307}",
round1_model.eta_0.8,ok,0,"{""training.lr"": 0.0005, ""training.weight_decay"": 1e-06, ""training.grad_clip"": 1.0, ""model.d_id"": 64, ""model.d_model"": 128, ""model.num_layers"": 1, ""model.num_intents"": 5, ""model.eta"": 0.8, ""model.dropout"": 0.2, ""model.tau_p"": 0.2, ""model.gate_alpha"": 5.0, ""model.history_top_k"": 50, ""loss.lambda_rating"": 1.0, ""loss.lambda_align"": 0.1, ""loss.lambda_sep"": 0.05, ""loss.lambda_recon"": 0.1}",/home/infolab/mnt/mingyu/review_rec/rating4review/results/iard_rm_42_Amazon_Office_Products_14_20260515_171913_645029/test_results.json,0.8677621461234745,,,"{""mse"": 0.7530111422448182, ""rmse"": 0.8677621461234745, ""mae"": 0.653811775395568, ""num_samples"": 5325, ""eval_clip"": true, ""min_rating"": 1.0, ""max_rating"": 5.0, ""unclipped_prediction_min"": 1.6065025329589844, ""unclipped_prediction_max"": 5.0171122550964355, ""clipped_prediction_min"": 1.6065025329589844, ""clipped_prediction_max"": 5.0, ""label_min"": 1.0, ""label_max"": 5.0, ""rating_mean"": 4.317183017730713, ""rating_std"": 0.9550731778144836, ""rating_distribution"": {""1.0"": 126, ""2.0"": 194, ""3.0"": 514, ""4.0"": 1522, ""5.0"": 2969}, ""pred_mean"": 4.310524134255351, ""pred_std"": 0.4145278637457765, ""pred_min"": 1.6065025329589844, ""pred_max"": 5.0, ""abs_error_mean"": 0.653811775395568, ""abs_error_p90"": 1.3168672561645511, ""abs_error_p95"": 1.7572798728942876, ""abs_error_p99"": 3.161953697204594, ""abs_error_max"": 3.85568904876709, ""mean_gate"": 0.034186188131570816, ""std_gate"": 0.038488082587718964, ""mean_p_inc"": 0.9658138155937195, ""std_p_inc"": 0.038488078862428665, ""mean_alignment"": -0.5854126214981079, ""std_alignment"": 0.15901078283786774, ""mean_intent_entropy"": 1.1939581632614136, ""mean_empty_history_ratio"": 0.0, ""history_source_ratio"": 1.0, ""low_alignment_rmse"": 0.818429708480835, ""low_alignment_mae"": 0.654086709022522, ""low_alignment_count"": 1065.0, ""mid_alignment_rmse"": 0.8449581265449524, ""mid_alignment_mae"": 0.6297532320022583, ""mid_alignment_count"": 3195.0, ""high_alignment_rmse"": 0.9764045476913452, ""high_alignment_mae"": 0.7257124781608582, ""high_alignment_count"": 1065.0, ""best_valid_metric"": 0.8155982139642788}",
round1_model.dropout_0.1,ok,0,"{""training.lr"": 0.0005, ""training.weight_decay"": 1e-06, ""training.grad_clip"": 1.0, ""model.d_id"": 64, ""model.d_model"": 128, ""model.num_layers"": 1, ""model.num_intents"": 5, ""model.eta"": 0.5, ""model.dropout"": 0.1, ""model.tau_p"": 0.2, ""model.gate_alpha"": 5.0, ""model.history_top_k"": 50, ""loss.lambda_rating"": 1.0, ""loss.lambda_align"": 0.1, ""loss.lambda_sep"": 0.05, ""loss.lambda_recon"": 0.1}",/home/infolab/mnt/mingyu/review_rec/rating4review/results/iard_rm_42_Amazon_Office_Products_14_20260515_172550_068484/test_results.json,0.8671556358924316,,,"{""mse"": 0.7519588968600074, ""rmse"": 0.8671556358924316, ""mae"": 0.6479050880306764, ""num_samples"": 5325, ""eval_clip"": true, ""min_rating"": 1.0, ""max_rating"": 5.0, ""unclipped_prediction_min"": 1.645909309387207, ""unclipped_prediction_max"": 4.992001056671143, ""clipped_prediction_min"": 1.645909309387207, ""clipped_prediction_max"": 4.992001056671143, ""label_min"": 1.0, ""label_max"": 5.0, ""rating_mean"": 4.317183017730713, ""rating_std"": 0.9550731778144836, ""rating_distribution"": {""1.0"": 126, ""2.0"": 194, ""3.0"": 514, ""4.0"": 1522, ""5.0"": 2969}, ""pred_mean"": 4.333467377004489, ""pred_std"": 0.40889318379017364, ""pred_min"": 1.645909309387207, ""pred_max"": 4.992001056671143, ""abs_error_mean"": 0.6479050880306764, ""abs_error_p90"": 1.3254113197326665, ""abs_error_p95"": 1.7669448852539067, ""abs_error_p99"": 3.159380111694338, ""abs_error_max"": 3.835986614227295, ""mean_gate"": 0.03980622440576553, ""std_gate"": 0.03965631499886513, ""mean_p_inc"": 0.9601938724517822, ""std_p_inc"": 0.03965631499886513, ""mean_alignment"": -0.5573145747184753, ""std_alignment"": 0.17423172295093536, ""mean_intent_entropy"": 1.5241756439208984, ""mean_empty_history_ratio"": 0.0, ""history_source_ratio"": 1.0, ""low_alignment_rmse"": 0.8771474361419678, ""low_alignment_mae"": 0.6806897521018982, ""low_alignment_count"": 1065.0, ""mid_alignment_rmse"": 0.8631814122200012, ""mid_alignment_mae"": 0.6489052176475525, ""mid_alignment_count"": 3195.0, ""high_alignment_rmse"": 0.8689997792243958, ""high_alignment_mae"": 0.6121200323104858, ""high_alignment_count"": 1065.0, ""best_valid_metric"": 0.8141018022258898}",
round1_model.dropout_0.3,ok,0,"{""training.lr"": 0.0005, ""training.weight_decay"": 1e-06, ""training.grad_clip"": 1.0, ""model.d_id"": 64, ""model.d_model"": 128, ""model.num_layers"": 1, ""model.num_intents"": 5, ""model.eta"": 0.5, ""model.dropout"": 0.3, ""model.tau_p"": 0.2, ""model.gate_alpha"": 5.0, ""model.history_top_k"": 50, ""loss.lambda_rating"": 1.0, ""loss.lambda_align"": 0.1, ""loss.lambda_sep"": 0.05, ""loss.lambda_recon"": 0.1}",/home/infolab/mnt/mingyu/review_rec/rating4review/results/iard_rm_42_Amazon_Office_Products_14_20260515_173221_738038/test_results.json,0.8686816576257517,,,"{""mse"": 0.7546078222954237, ""rmse"": 0.8686816576257517, ""mae"": 0.6454007077552902, ""num_samples"": 5325, ""eval_clip"": true, ""min_rating"": 1.0, ""max_rating"": 5.0, ""unclipped_prediction_min"": 1.4218554496765137, ""unclipped_prediction_max"": 5.010641574859619, ""clipped_prediction_min"": 1.4218554496765137, ""clipped_prediction_max"": 5.0, ""label_min"": 1.0, ""label_max"": 5.0, ""rating_mean"": 4.317183017730713, ""rating_std"": 0.9550731778144836, ""rating_distribution"": {""1.0"": 126, ""2.0"": 194, ""3.0"": 514, ""4.0"": 1522, ""5.0"": 2969}, ""pred_mean"": 4.347436445576484, ""pred_std"": 0.41010038995022985, ""pred_min"": 1.4218554496765137, ""pred_max"": 5.0, ""abs_error_mean"": 0.6454007077552902, ""abs_error_p90"": 1.3373821258544925, ""abs_error_p95"": 1.7912215232849145, ""abs_error_p99"": 3.1981033134460466, ""abs_error_max"": 3.8757853507995605, ""mean_gate"": 0.047204144299030304, ""std_gate"": 0.04857641085982323, ""mean_p_inc"": 0.9527958035469055, ""std_p_inc"": 0.04857641085982323, ""mean_alignment"": -0.5373029708862305, ""std_alignment"": 0.20502299070358276, ""mean_intent_entropy"": 1.2506502866744995, ""mean_empty_history_ratio"": 0.0, ""history_source_ratio"": 1.0, ""low_alignment_rmse"": 0.976610541343689, ""low_alignment_mae"": 0.7453745007514954, ""low_alignment_count"": 1065.0, ""mid_alignment_rmse"": 0.8845224380493164, ""mid_alignment_mae"": 0.6779084205627441, ""mid_alignment_count"": 3195.0, ""high_alignment_rmse"": 0.6871179938316345, ""high_alignment_mae"": 0.4479035437107086, ""high_alignment_count"": 1065.0, ""best_valid_metric"": 0.8165119909459145}",
round1_model.dropout_0.5,ok,0,"{""training.lr"": 0.0005, ""training.weight_decay"": 1e-06, ""training.grad_clip"": 1.0, ""model.d_id"": 64, ""model.d_model"": 128, ""model.num_layers"": 1, ""model.num_intents"": 5, ""model.eta"": 0.5, ""model.dropout"": 0.5, ""model.tau_p"": 0.2, ""model.gate_alpha"": 5.0, ""model.history_top_k"": 50, ""loss.lambda_rating"": 1.0, ""loss.lambda_align"": 0.1, ""loss.lambda_sep"": 0.05, ""loss.lambda_recon"": 0.1}",/home/infolab/mnt/mingyu/review_rec/rating4review/results/iard_rm_42_Amazon_Office_Products_14_20260515_173843_551921/test_results.json,0.8701897687852213,,,"{""mse"": 0.7572302336984769, ""rmse"": 0.8701897687852213, ""mae"": 0.6417051733491567, ""num_samples"": 5325, ""eval_clip"": true, ""min_rating"": 1.0, ""max_rating"": 5.0, ""unclipped_prediction_min"": 1.784060001373291, ""unclipped_prediction_max"": 5.049524784088135, ""clipped_prediction_min"": 1.784060001373291, ""clipped_prediction_max"": 5.0, ""label_min"": 1.0, ""label_max"": 5.0, ""rating_mean"": 4.317183017730713, ""rating_std"": 0.9550731778144836, ""rating_distribution"": {""1.0"": 126, ""2.0"": 194, ""3.0"": 514, ""4.0"": 1522, ""5.0"": 2969}, ""pred_mean"": 4.358984990903469, ""pred_std"": 0.4012001561626608, ""pred_min"": 1.784060001373291, ""pred_max"": 5.0, ""abs_error_mean"": 0.6417051733491567, ""abs_error_p90"": 1.3437295913696292, ""abs_error_p95"": 1.8163741111755385, ""abs_error_p99"": 3.195790767669681, ""abs_error_max"": 3.860208511352539, ""mean_gate"": 0.03516048938035965, ""std_gate"": 0.035400986671447754, ""mean_p_inc"": 0.964839518070221, ""std_p_inc"": 0.035400982946157455, ""mean_alignment"": -0.5890565514564514, ""std_alignment"": 0.18543733656406403, ""mean_intent_entropy"": 0.3538919985294342, ""mean_empty_history_ratio"": 0.0, ""history_source_ratio"": 1.0, ""low_alignment_rmse"": 0.974718451499939, ""low_alignment_mae"": 0.7468259930610657, ""low_alignment_count"": 1065.0, ""mid_alignment_rmse"": 0.8952622413635254, ""mid_alignment_mae"": 0.6841028928756714, ""mid_alignment_count"": 3195.0, ""high_alignment_rmse"": 0.6569561958312988, ""high_alignment_mae"": 0.4093911349773407, ""high_alignment_count"": 1065.0, ""best_valid_metric"": 0.8201809235965064}",
round1_model.tau_p_0.1,ok,0,"{""training.lr"": 0.0005, ""training.weight_decay"": 1e-06, ""training.grad_clip"": 1.0, ""model.d_id"": 64, ""model.d_model"": 128, ""model.num_layers"": 1, ""model.num_intents"": 5, ""model.eta"": 0.5, ""model.dropout"": 0.1, ""model.tau_p"": 0.1, ""model.gate_alpha"": 5.0, ""model.history_top_k"": 50, ""loss.lambda_rating"": 1.0, ""loss.lambda_align"": 0.1, ""loss.lambda_sep"": 0.05, ""loss.lambda_recon"": 0.1}",/home/infolab/mnt/mingyu/review_rec/rating4review/results/iard_rm_42_Amazon_Office_Products_14_20260515_174509_568029/test_results.json,0.8674573375300977,,,"{""mse"": 0.7524822324348058, ""rmse"": 0.8674573375300977, ""mae"": 0.6481951442682687, ""num_samples"": 5325, ""eval_clip"": true, ""min_rating"": 1.0, ""max_rating"": 5.0, ""unclipped_prediction_min"": 1.7872860431671143, ""unclipped_prediction_max"": 5.072150230407715, ""clipped_prediction_min"": 1.7872860431671143, ""clipped_prediction_max"": 5.0, ""label_min"": 1.0, ""label_max"": 5.0, ""rating_mean"": 4.317183017730713, ""rating_std"": 0.9550731778144836, ""rating_distribution"": {""1.0"": 126, ""2.0"": 194, ""3.0"": 514, ""4.0"": 1522, ""5.0"": 2969}, ""pred_mean"": 4.33396593769951, ""pred_std"": 0.39887790431945014, ""pred_min"": 1.7872860431671143, ""pred_max"": 5.0, ""abs_error_mean"": 0.6481951442682687, ""abs_error_p90"": 1.3136128425598153, ""abs_error_p95"": 1.781205081939698, ""abs_error_p99"": 3.1869815254211464, ""abs_error_max"": 3.8508405685424805, ""mean_gate"": 0.03877553343772888, ""std_gate"": 0.04958946630358696, ""mean_p_inc"": 0.9612244963645935, ""std_p_inc"": 0.04958946630358696, ""mean_alignment"": -0.5758196711540222, ""std_alignment"": 0.18260733783245087, ""mean_intent_entropy"": 0.2965414226055145, ""mean_empty_history_ratio"": 0.0, ""history_source_ratio"": 1.0, ""low_alignment_rmse"": 0.866445779800415, ""low_alignment_mae"": 0.6755037903785706, ""low_alignment_count"": 1065.0, ""mid_alignment_rmse"": 0.8081480860710144, ""mid_alignment_mae"": 0.6009171605110168, ""mid_alignment_count"": 3195.0, ""high_alignment_rmse"": 1.0258523225784302, ""high_alignment_mae"": 0.7627204060554504, ""high_alignment_count"": 1065.0, ""best_valid_metric"": 0.8146413775224403}",
round1_model.tau_p_0.3,ok,0,"{""training.lr"": 0.0005, ""training.weight_decay"": 1e-06, ""training.grad_clip"": 1.0, ""model.d_id"": 64, ""model.d_model"": 128, ""model.num_layers"": 1, ""model.num_intents"": 5, ""model.eta"": 0.5, ""model.dropout"": 0.1, ""model.tau_p"": 0.3, ""model.gate_alpha"": 5.0, ""model.history_top_k"": 50, ""loss.lambda_rating"": 1.0, ""loss.lambda_align"": 0.1, ""loss.lambda_sep"": 0.05, ""loss.lambda_recon"": 0.1}",/home/infolab/mnt/mingyu/review_rec/rating4review/results/iard_rm_42_Amazon_Office_Products_14_20260515_175201_691766/test_results.json,0.8673112534905028,,,"{""mse"": 0.7522288104312672, ""rmse"": 0.8673112534905028, ""mae"": 0.6493442220643093, ""num_samples"": 5325, ""eval_clip"": true, ""min_rating"": 1.0, ""max_rating"": 5.0, ""unclipped_prediction_min"": 1.7748806476593018, ""unclipped_prediction_max"": 5.039701461791992, ""clipped_prediction_min"": 1.7748806476593018, ""clipped_prediction_max"": 5.0, ""label_min"": 1.0, ""label_max"": 5.0, ""rating_mean"": 4.317183017730713, ""rating_std"": 0.9550731778144836, ""rating_distribution"": {""1.0"": 126, ""2.0"": 194, ""3.0"": 514, ""4.0"": 1522, ""5.0"": 2969}, ""pred_mean"": 4.331800039452566, ""pred_std"": 0.3972874362897508, ""pred_min"": 1.7748806476593018, ""pred_max"": 5.0, ""abs_error_mean"": 0.6493442220643093, ""abs_error_p90"": 1.3142202377319345, ""abs_error_p95"": 1.783155536651613, ""abs_error_p99"": 3.1779753112793, ""abs_error_max"": 3.83205509185791, ""mean_gate"": 0.03874583914875984, ""std_gate"": 0.04761892184615135, ""mean_p_inc"": 0.9612542390823364, ""std_p_inc"": 0.04761892184615135, ""mean_alignment"": -0.5731486678123474, ""std_alignment"": 0.18065518140792847, ""mean_intent_entropy"": 1.5822652578353882, ""mean_empty_history_ratio"": 0.0, ""history_source_ratio"": 1.0, ""low_alignment_rmse"": 0.8710604906082153, ""low_alignment_mae"": 0.6774027943611145, ""low_alignment_count"": 1065.0, ""mid_alignment_rmse"": 0.8135172128677368, ""mid_alignment_mae"": 0.6083033680915833, ""mid_alignment_count"": 3195.0, ""high_alignment_rmse"": 1.0084476470947266, ""high_alignment_mae"": 0.7444082498550415, ""high_alignment_count"": 1065.0, ""best_valid_metric"": 0.8145408648399477}",
round1_model.gate_alpha_1.0,ok,0,"{""training.lr"": 0.0005, ""training.weight_decay"": 1e-06, ""training.grad_clip"": 1.0, ""model.d_id"": 64, ""model.d_model"": 128, ""model.num_layers"": 1, ""model.num_intents"": 5, ""model.eta"": 0.5, ""model.dropout"": 0.1, ""model.tau_p"": 0.2, ""model.gate_alpha"": 1.0, ""model.history_top_k"": 50, ""loss.lambda_rating"": 1.0, ""loss.lambda_align"": 0.1, ""loss.lambda_sep"": 0.05, ""loss.lambda_recon"": 0.1}",/home/infolab/mnt/mingyu/review_rec/rating4review/results/iard_rm_42_Amazon_Office_Products_14_20260515_175840_053386/test_results.json,0.8691155289408252,,,"{""mse"": 0.7553618026460903, ""rmse"": 0.8691155289408252, ""mae"": 0.6428417902485306, ""num_samples"": 5325, ""eval_clip"": true, ""min_rating"": 1.0, ""max_rating"": 5.0, ""unclipped_prediction_min"": 1.5031447410583496, ""unclipped_prediction_max"": 5.114278793334961, ""clipped_prediction_min"": 1.5031447410583496, ""clipped_prediction_max"": 5.0, ""label_min"": 1.0, ""label_max"": 5.0, ""rating_mean"": 4.317183017730713, ""rating_std"": 0.9550731778144836, ""rating_distribution"": {""1.0"": 126, ""2.0"": 194, ""3.0"": 514, ""4.0"": 1522, ""5.0"": 2969}, ""pred_mean"": 4.356636024260185, ""pred_std"": 0.40944462484647004, ""pred_min"": 1.5031447410583496, ""pred_max"": 5.0, ""abs_error_mean"": 0.6428417902485306, ""abs_error_p90"": 1.3442694664001469, ""abs_error_p95"": 1.789555406570436, ""abs_error_p99"": 3.175040149688722, ""abs_error_max"": 3.9116344451904297, ""mean_gate"": 0.27370136976242065, ""std_gate"": 0.03060210682451725, ""mean_p_inc"": 0.7262986898422241, ""std_p_inc"": 0.03060210682451725, ""mean_alignment"": 0.17695343494415283, ""std_alignment"": 0.2291356772184372, ""mean_intent_entropy"": 1.5244972705841064, ""mean_empty_history_ratio"": 0.0, ""history_source_ratio"": 1.0, ""low_alignment_rmse"": 0.8911812901496887, ""low_alignment_mae"": 0.6890147924423218, ""low_alignment_count"": 1065.0, ""mid_alignment_rmse"": 0.8129620552062988, ""mid_alignment_mae"": 0.6067419648170471, ""mid_alignment_count"": 3195.0, ""high_alignment_rmse"": 0.9999415278434753, ""high_alignment_mae"": 0.7049683332443237, ""high_alignment_count"": 1065.0, ""best_valid_metric"": 0.8161351098667692}",
round1_model.gate_alpha_10.0,ok,0,"{""training.lr"": 0.0005, ""training.weight_decay"": 1e-06, ""training.grad_clip"": 1.0, ""model.d_id"": 64, ""model.d_model"": 128, ""model.num_layers"": 1, ""model.num_intents"": 5, ""model.eta"": 0.5, ""model.dropout"": 0.1, ""model.tau_p"": 0.2, ""model.gate_alpha"": 10.0, ""model.history_top_k"": 50, ""loss.lambda_rating"": 1.0, ""loss.lambda_align"": 0.1, ""loss.lambda_sep"": 0.05, ""loss.lambda_recon"": 0.1}",/home/infolab/mnt/mingyu/review_rec/rating4review/results/iard_rm_42_Amazon_Office_Products_14_20260515_180502_171610/test_results.json,0.867419567596207,,,"{""mse"": 0.7524167062487906, ""rmse"": 0.867419567596207, ""mae"": 0.6359574790739677, ""num_samples"": 5325, ""eval_clip"": true, ""min_rating"": 1.0, ""max_rating"": 5.0, ""unclipped_prediction_min"": 1.3424222469329834, ""unclipped_prediction_max"": 5.107059478759766, ""clipped_prediction_min"": 1.3424222469329834, ""clipped_prediction_max"": 5.0, ""label_min"": 1.0, ""label_max"": 5.0, ""rating_mean"": 4.317183017730713, ""rating_std"": 0.9550731778144836, ""rating_distribution"": {""1.0"": 126, ""2.0"": 194, ""3.0"": 514, ""4.0"": 1522, ""5.0"": 2969}, ""pred_mean"": 4.349442220786368, ""pred_std"": 0.44356764824196954, ""pred_min"": 1.3424222469329834, ""pred_max"": 5.0, ""abs_error_mean"": 0.6359574790739677, ""abs_error_p90"": 1.3448894500732425, ""abs_error_p95"": 1.8018334388732913, ""abs_error_p99"": 3.161294841766361, ""abs_error_max"": 3.8869733810424805, ""mean_gate"": 0.025057289749383926, ""std_gate"": 0.04304251819849014, ""mean_p_inc"": 0.974942684173584, ""std_p_inc"": 0.04304251819849014, ""mean_alignment"": -0.4370776116847992, ""std_alignment"": 0.1904968023300171, ""mean_intent_entropy"": 1.553271770477295, ""mean_empty_history_ratio"": 0.0, ""history_source_ratio"": 1.0, ""low_alignment_rmse"": 0.9970890879631042, ""low_alignment_mae"": 0.7639880776405334, ""low_alignment_count"": 1065.0, ""mid_alignment_rmse"": 0.8705970644950867, ""mid_alignment_mae"": 0.6651799082756042, ""mid_alignment_count"": 3195.0, ""high_alignment_rmse"": 0.7029076814651489, ""high_alignment_mae"": 0.4202597737312317, ""high_alignment_count"": 1065.0, ""best_valid_metric"": 0.8141892970267834}",
round1_model.history_top_k_10,ok,0,"{""training.lr"": 0.0005, ""training.weight_decay"": 1e-06, ""training.grad_clip"": 1.0, ""model.d_id"": 64, ""model.d_model"": 128, ""model.num_layers"": 1, ""model.num_intents"": 5, ""model.eta"": 0.5, ""model.dropout"": 0.1, ""model.tau_p"": 0.2, ""model.gate_alpha"": 5.0, ""model.history_top_k"": 10, ""loss.lambda_rating"": 1.0, ""loss.lambda_align"": 0.1, ""loss.lambda_sep"": 0.05, ""loss.lambda_recon"": 0.1}",/home/infolab/mnt/mingyu/review_rec/rating4review/results/iard_rm_42_Amazon_Office_Products_14_20260515_181121_328755/test_results.json,0.8667863462453211,,,"{""mse"": 0.7513185700373137, ""rmse"": 0.8667863462453211, ""mae"": 0.6433343821959876, ""num_samples"": 5325, ""eval_clip"": true, ""min_rating"": 1.0, ""max_rating"": 5.0, ""unclipped_prediction_min"": 1.4630126953125, ""unclipped_prediction_max"": 5.244024753570557, ""clipped_prediction_min"": 1.4630126953125, ""clipped_prediction_max"": 5.0, ""label_min"": 1.0, ""label_max"": 5.0, ""rating_mean"": 4.317183017730713, ""rating_std"": 0.9550731778144836, ""rating_distribution"": {""1.0"": 126, ""2.0"": 194, ""3.0"": 514, ""4.0"": 1522, ""5.0"": 2969}, ""pred_mean"": 4.335564147429847, ""pred_std"": 0.4266406309382358, ""pred_min"": 1.4630126953125, ""pred_max"": 5.0, ""abs_error_mean"": 0.6433343821959876, ""abs_error_p90"": 1.3234184265136721, ""abs_error_p95"": 1.78204402923584, ""abs_error_p99"": 3.164919643402107, ""abs_error_max"": 3.770552635192871, ""mean_gate"": 0.06347883492708206, ""std_gate"": 0.06977874785661697, ""mean_p_inc"": 0.9365212321281433, ""std_p_inc"": 0.06977874785661697, ""mean_alignment"": -0.4901072382926941, ""std_alignment"": 0.24150918424129486, ""mean_intent_entropy"": 1.477378010749817, ""mean_empty_history_ratio"": 0.0, ""history_source_ratio"": 1.0, ""low_alignment_rmse"": 0.9652748107910156, ""low_alignment_mae"": 0.7431479096412659, ""low_alignment_count"": 1065.0, ""mid_alignment_rmse"": 0.8837975263595581, ""mid_alignment_mae"": 0.6804598569869995, ""mid_alignment_count"": 3195.0, ""high_alignment_rmse"": 0.6939331889152527, ""high_alignment_mae"": 0.43214449286460876, ""high_alignment_count"": 1065.0, ""best_valid_metric"": 0.8138895040609178}",
round1_model.history_top_k_30,ok,0,"{""training.lr"": 0.0005, ""training.weight_decay"": 1e-06, ""training.grad_clip"": 1.0, ""model.d_id"": 64, ""model.d_model"": 128, ""model.num_layers"": 1, ""model.num_intents"": 5, ""model.eta"": 0.5, ""model.dropout"": 0.1, ""model.tau_p"": 0.2, ""model.gate_alpha"": 5.0, ""model.history_top_k"": 30, ""loss.lambda_rating"": 1.0, ""loss.lambda_align"": 0.1, ""loss.lambda_sep"": 0.05, ""loss.lambda_recon"": 0.1}",/home/infolab/mnt/mingyu/review_rec/rating4review/results/iard_rm_42_Amazon_Office_Products_14_20260515_181640_199498/test_results.json,0.8674190772354023,,,"{""mse"": 0.7524158555519169, ""rmse"": 0.8674190772354023, ""mae"": 0.6502990643407257, ""num_samples"": 5325, ""eval_clip"": true, ""min_rating"": 1.0, ""max_rating"": 5.0, ""unclipped_prediction_min"": 1.8262171745300293, ""unclipped_prediction_max"": 5.055548667907715, ""clipped_prediction_min"": 1.8262171745300293, ""clipped_prediction_max"": 5.0, ""label_min"": 1.0, ""label_max"": 5.0, ""rating_mean"": 4.317183017730713, ""rating_std"": 0.9550731778144836, ""rating_distribution"": {""1.0"": 126, ""2.0"": 194, ""3.0"": 514, ""4.0"": 1522, ""5.0"": 2969}, ""pred_mean"": 4.327175149738509, ""pred_std"": 0.39842302841455757, ""pred_min"": 1.8262171745300293, ""pred_max"": 5.0, ""abs_error_mean"": 0.6502990643407257, ""abs_error_p90"": 1.31043348312378, ""abs_error_p95"": 1.792394256591797, ""abs_error_p99"": 3.18191329956055, ""abs_error_max"": 3.824662685394287, ""mean_gate"": 0.04115430265665054, ""std_gate"": 0.04964850842952728, ""mean_p_inc"": 0.9588456153869629, ""std_p_inc"": 0.04964850842952728, ""mean_alignment"": -0.5583062171936035, ""std_alignment"": 0.17967495322227478, ""mean_intent_entropy"": 1.4959537982940674, ""mean_empty_history_ratio"": 0.0, ""history_source_ratio"": 1.0, ""low_alignment_rmse"": 0.8698383569717407, ""low_alignment_mae"": 0.6787180304527283, ""low_alignment_count"": 1065.0, ""mid_alignment_rmse"": 0.8114222884178162, ""mid_alignment_mae"": 0.606631338596344, ""mid_alignment_count"": 3195.0, ""high_alignment_rmse"": 1.0150084495544434, ""high_alignment_mae"": 0.7528831362724304, ""high_alignment_count"": 1065.0, ""best_valid_metric"": 0.8147793114189004}",
round1_loss.lambda_rating_0.5,ok,0,"{""training.lr"": 0.0005, ""training.weight_decay"": 1e-06, ""training.grad_clip"": 1.0, ""model.d_id"": 64, ""model.d_model"": 128, ""model.num_layers"": 1, ""model.num_intents"": 5, ""model.eta"": 0.5, ""model.dropout"": 0.1, ""model.tau_p"": 0.2, ""model.gate_alpha"": 5.0, ""model.history_top_k"": 10, ""loss.lambda_rating"": 0.5, ""loss.lambda_align"": 0.1, ""loss.lambda_sep"": 0.05, ""loss.lambda_recon"": 0.1}",/home/infolab/mnt/mingyu/review_rec/rating4review/results/iard_rm_42_Amazon_Office_Products_14_20260515_182245_852205/test_results.json,0.8693122729726969,,,"{""mse"": 0.7557038279409567, ""rmse"": 0.8693122729726969, ""mae"": 0.6424271251338188, ""num_samples"": 5325, ""eval_clip"": true, ""min_rating"": 1.0, ""max_rating"": 5.0, ""unclipped_prediction_min"": 1.841418743133545, ""unclipped_prediction_max"": 5.330196857452393, ""clipped_prediction_min"": 1.841418743133545, ""clipped_prediction_max"": 5.0, ""label_min"": 1.0, ""label_max"": 5.0, ""rating_mean"": 4.317183017730713, ""rating_std"": 0.9550731778144836, ""rating_distribution"": {""1.0"": 126, ""2.0"": 194, ""3.0"": 514, ""4.0"": 1522, ""5.0"": 2969}, ""pred_mean"": 4.345183102513703, ""pred_std"": 0.4234116585723192, ""pred_min"": 1.841418743133545, ""pred_max"": 5.0, ""abs_error_mean"": 0.6424271251338188, ""abs_error_p90"": 1.3426128387451173, ""abs_error_p95"": 1.802354812622071, ""abs_error_p99"": 3.173435249328614, ""abs_error_max"": 3.900749683380127, ""mean_gate"": 0.0956210270524025, ""std_gate"": 0.10352437943220139, ""mean_p_inc"": 0.9043789505958557, ""std_p_inc"": 0.10352437943220139, ""mean_alignment"": -0.3948952257633209, ""std_alignment"": 0.28297582268714905, ""mean_intent_entropy"": 1.4858360290527344, ""mean_empty_history_ratio"": 0.0, ""history_source_ratio"": 1.0, ""low_alignment_rmse"": 0.9500249028205872, ""low_alignment_mae"": 0.7198892831802368, ""low_alignment_count"": 1065.0, ""mid_alignment_rmse"": 0.8544493913650513, ""mid_alignment_mae"": 0.6576464772224426, ""mid_alignment_count"": 3195.0, ""high_alignment_rmse"": 0.8280824422836304, ""high_alignment_mae"": 0.519307017326355, ""high_alignment_count"": 1065.0, ""best_valid_metric"": 0.8158651744352733}",
round1_loss.lambda_rating_2.0,ok,0,"{""training.lr"": 0.0005, ""training.weight_decay"": 1e-06, ""training.grad_clip"": 1.0, ""model.d_id"": 64, ""model.d_model"": 128, ""model.num_layers"": 1, ""model.num_intents"": 5, ""model.eta"": 0.5, ""model.dropout"": 0.1, ""model.tau_p"": 0.2, ""model.gate_alpha"": 5.0, ""model.history_top_k"": 10, ""loss.lambda_rating"": 2.0, ""loss.lambda_align"": 0.1, ""loss.lambda_sep"": 0.05, ""loss.lambda_recon"": 0.1}",/home/infolab/mnt/mingyu/review_rec/rating4review/results/iard_rm_42_Amazon_Office_Products_14_20260515_182809_691623/test_results.json,0.8665115221292836,,,"{""mse"": 0.7508422179828079, ""rmse"": 0.8665115221292836, ""mae"": 0.6459500092519841, ""num_samples"": 5325, ""eval_clip"": true, ""min_rating"": 1.0, ""max_rating"": 5.0, ""unclipped_prediction_min"": 1.40256929397583, ""unclipped_prediction_max"": 5.049923896789551, ""clipped_prediction_min"": 1.40256929397583, ""clipped_prediction_max"": 5.0, ""label_min"": 1.0, ""label_max"": 5.0, ""rating_mean"": 4.317183017730713, ""rating_std"": 0.9550731778144836, ""rating_distribution"": {""1.0"": 126, ""2.0"": 194, ""3.0"": 514, ""4.0"": 1522, ""5.0"": 2969}, ""pred_mean"": 4.334366145872734, ""pred_std"": 0.41511986039188586, ""pred_min"": 1.40256929397583, ""pred_max"": 5.0, ""abs_error_mean"": 0.6459500092519841, ""abs_error_p90"": 1.333224201202393, ""abs_error_p95"": 1.7546631336212157, ""abs_error_p99"": 3.1628338623046908, ""abs_error_max"": 3.8220205307006836, ""mean_gate"": 0.04450156167149544, ""std_gate"": 0.045357413589954376, ""mean_p_inc"": 0.955498456954956, ""std_p_inc"": 0.045357413589954376, ""mean_alignment"": -0.5479187965393066, ""std_alignment"": 0.19906169176101685, ""mean_intent_entropy"": 1.2750662565231323, ""mean_empty_history_ratio"": 0.0, ""history_source_ratio"": 1.0, ""low_alignment_rmse"": 0.960574746131897, ""low_alignment_mae"": 0.7318211793899536, ""low_alignment_count"": 1065.0, ""mid_alignment_rmse"": 0.884392261505127, ""mid_alignment_mae"": 0.6816652417182922, ""mid_alignment_count"": 3195.0, ""high_alignment_rmse"": 0.6964612603187561, ""high_alignment_mae"": 0.4529331922531128, ""high_alignment_count"": 1065.0, ""best_valid_metric"": 0.8143847330237249}",
round1_loss.lambda_align_0.05,ok,0,"{""training.lr"": 0.0005, ""training.weight_decay"": 1e-06, ""training.grad_clip"": 1.0, ""model.d_id"": 64, ""model.d_model"": 128, ""model.num_layers"": 1, ""model.num_intents"": 5, ""model.eta"": 0.5, ""model.dropout"": 0.1, ""model.tau_p"": 0.2, ""model.gate_alpha"": 5.0, ""model.history_top_k"": 10, ""loss.lambda_rating"": 2.0, ""loss.lambda_align"": 0.05, ""loss.lambda_sep"": 0.05, ""loss.lambda_recon"": 0.1}",/home/infolab/mnt/mingyu/review_rec/rating4review/results/iard_rm_42_Amazon_Office_Products_14_20260515_183320_547217/test_results.json,0.8665165404678873,,,"{""mse"": 0.7508509149044357, ""rmse"": 0.8665165404678873, ""mae"": 0.6456430207283844, ""num_samples"": 5325, ""eval_clip"": true, ""min_rating"": 1.0, ""max_rating"": 5.0, ""unclipped_prediction_min"": 1.4135239124298096, ""unclipped_prediction_max"": 5.052506923675537, ""clipped_prediction_min"": 1.4135239124298096, ""clipped_prediction_max"": 5.0, ""label_min"": 1.0, ""label_max"": 5.0, ""rating_mean"": 4.317183017730713, ""rating_std"": 0.9550731778144836, ""rating_distribution"": {""1.0"": 126, ""2.0"": 194, ""3.0"": 514, ""4.0"": 1522, ""5.0"": 2969}, ""pred_mean"": 4.334595127687767, ""pred_std"": 0.41568923023437365, ""pred_min"": 1.4135239124298096, ""pred_max"": 5.0, ""abs_error_mean"": 0.6456430207283844, ""abs_error_p90"": 1.3344285964965823, ""abs_error_p95"": 1.7605624198913579, ""abs_error_p99"": 3.163396472930911, ""abs_error_max"": 3.818535327911377, ""mean_gate"": 0.04344502091407776, ""std_gate"": 0.04446890205144882, ""mean_p_inc"": 0.9565550088882446, ""std_p_inc"": 0.04446890205144882, ""mean_alignment"": -0.5538169145584106, ""std_alignment"": 0.19918954372406006, ""mean_intent_entropy"": 1.2514415979385376, ""mean_empty_history_ratio"": 0.0, ""history_source_ratio"": 1.0, ""low_alignment_rmse"": 0.9557996988296509, ""low_alignment_mae"": 0.7294695973396301, ""low_alignment_count"": 1065.0, ""mid_alignment_rmse"": 0.8878539204597473, ""mid_alignment_mae"": 0.6835607290267944, ""mid_alignment_count"": 3195.0, ""high_alignment_rmse"": 0.6898170709609985, ""high_alignment_mae"": 0.4480631649494171, ""high_alignment_count"": 1065.0, ""best_valid_metric"": 0.8144031341157394}",
round1_loss.lambda_align_0.2,ok,0,"{""training.lr"": 0.0005, ""training.weight_decay"": 1e-06, ""training.grad_clip"": 1.0, ""model.d_id"": 64, ""model.d_model"": 128, ""model.num_layers"": 1, ""model.num_intents"": 5, ""model.eta"": 0.5, ""model.dropout"": 0.1, ""model.tau_p"": 0.2, ""model.gate_alpha"": 5.0, ""model.history_top_k"": 10, ""loss.lambda_rating"": 2.0, ""loss.lambda_align"": 0.2, ""loss.lambda_sep"": 0.05, ""loss.lambda_recon"": 0.1}",/home/infolab/mnt/mingyu/review_rec/rating4review/results/iard_rm_42_Amazon_Office_Products_14_20260515_183845_675389/test_results.json,0.8665718796732977,,,"{""mse"": 0.7509468226405124, ""rmse"": 0.8665718796732977, ""mae"": 0.6461127015234719, ""num_samples"": 5325, ""eval_clip"": true, ""min_rating"": 1.0, ""max_rating"": 5.0, ""unclipped_prediction_min"": 1.3784620761871338, ""unclipped_prediction_max"": 5.041803359985352, ""clipped_prediction_min"": 1.3784620761871338, ""clipped_prediction_max"": 5.0, ""label_min"": 1.0, ""label_max"": 5.0, ""rating_mean"": 4.317183017730713, ""rating_std"": 0.9550731778144836, ""rating_distribution"": {""1.0"": 126, ""2.0"": 194, ""3.0"": 514, ""4.0"": 1522, ""5.0"": 2969}, ""pred_mean"": 4.334855941539639, ""pred_std"": 0.41445605618093506, ""pred_min"": 1.3784620761871338, ""pred_max"": 5.0, ""abs_error_mean"": 0.6461127015234719, ""abs_error_p90"": 1.3340836048126221, ""abs_error_p95"": 1.758588790893555, ""abs_error_p99"": 3.166917057037357, ""abs_error_max"": 3.8240160942077637, ""mean_gate"": 0.04420159384608269, ""std_gate"": 0.04522084444761276, ""mean_p_inc"": 0.9557985067367554, ""std_p_inc"": 0.04522084817290306, ""mean_alignment"": -0.5498286485671997, ""std_alignment"": 0.19947314262390137, ""mean_intent_entropy"": 1.3036484718322754, ""mean_empty_history_ratio"": 0.0, ""history_source_ratio"": 1.0, ""low_alignment_rmse"": 0.9608996510505676, ""low_alignment_mae"": 0.7325141429901123, ""low_alignment_count"": 1065.0, ""mid_alignment_rmse"": 0.8844180107116699, ""mid_alignment_mae"": 0.6813664436340332, ""mid_alignment_count"": 3195.0, ""high_alignment_rmse"": 0.6962904930114746, ""high_alignment_mae"": 0.4539501368999481, ""high_alignment_count"": 1065.0, ""best_valid_metric"": 0.8143789827102775}",
round1_loss.lambda_sep_0.01,ok,0,"{""training.lr"": 0.0005, ""training.weight_decay"": 1e-06, ""training.grad_clip"": 1.0, ""model.d_id"": 64, ""model.d_model"": 128, ""model.num_layers"": 1, ""model.num_intents"": 5, ""model.eta"": 0.5, ""model.dropout"": 0.1, ""model.tau_p"": 0.2, ""model.gate_alpha"": 5.0, ""model.history_top_k"": 10, ""loss.lambda_rating"": 2.0, ""loss.lambda_align"": 0.1, ""loss.lambda_sep"": 0.01, ""loss.lambda_recon"": 0.1}",/home/infolab/mnt/mingyu/review_rec/rating4review/results/iard_rm_42_Amazon_Office_Products_14_20260515_184404_787093/test_results.json,0.8665453546744004,,,"{""mse"": 0.7509008517077824, ""rmse"": 0.8665453546744004, ""mae"": 0.646087394902404, ""num_samples"": 5325, ""eval_clip"": true, ""min_rating"": 1.0, ""max_rating"": 5.0, ""unclipped_prediction_min"": 1.4027125835418701, ""unclipped_prediction_max"": 5.052371025085449, ""clipped_prediction_min"": 1.4027125835418701, ""clipped_prediction_max"": 5.0, ""label_min"": 1.0, ""label_max"": 5.0, ""rating_mean"": 4.317183017730713, ""rating_std"": 0.9550731778144836, ""rating_distribution"": {""1.0"": 126, ""2.0"": 194, ""3.0"": 514, ""4.0"": 1522, ""5.0"": 2969}, ""pred_mean"": 4.33413699508273, ""pred_std"": 0.41466052628090827, ""pred_min"": 1.4027125835418701, ""pred_max"": 5.0, ""abs_error_mean"": 0.646087394902404, ""abs_error_p90"": 1.3333967208862305, ""abs_error_p95"": 1.758948802947998, ""abs_error_p99"": 3.163694000244143, ""abs_error_max"": 3.8239002227783203, ""mean_gate"": 0.043984513729810715, ""std_gate"": 0.04507048428058624, ""mean_p_inc"": 0.9560154676437378, ""std_p_inc"": 0.04507048428058624, ""mean_alignment"": -0.5513730049133301, ""std_alignment"": 0.19986368715763092, ""mean_intent_entropy"": 1.2978041172027588, ""mean_empty_history_ratio"": 0.0, ""history_source_ratio"": 1.0, ""low_alignment_rmse"": 0.9550911784172058, ""low_alignment_mae"": 0.7294288277626038, ""low_alignment_count"": 1065.0, ""mid_alignment_rmse"": 0.8869553804397583, ""mid_alignment_mae"": 0.6829407215118408, ""mid_alignment_count"": 3195.0, ""high_alignment_rmse"": 0.6944317817687988, ""high_alignment_mae"": 0.45218583941459656, ""high_alignment_count"": 1065.0, ""best_valid_metric"": 0.8144264226236628}",
round1_loss.lambda_sep_0.1,ok,0,"{""training.lr"": 0.0005, ""training.weight_decay"": 1e-06, ""training.grad_clip"": 1.0, ""model.d_id"": 64, ""model.d_model"": 128, ""model.num_layers"": 1, ""model.num_intents"": 5, ""model.eta"": 0.5, ""model.dropout"": 0.1, ""model.tau_p"": 0.2, ""model.gate_alpha"": 5.0, ""model.history_top_k"": 10, ""loss.lambda_rating"": 2.0, ""loss.lambda_align"": 0.1, ""loss.lambda_sep"": 0.1, ""loss.lambda_recon"": 0.1}",/home/infolab/mnt/mingyu/review_rec/rating4review/results/iard_rm_42_Amazon_Office_Products_14_20260515_185104_339736/test_results.json,0.8665209973210016,,,"{""mse"": 0.7508586387981833, ""rmse"": 0.8665209973210016, ""mae"": 0.6455046692700454, ""num_samples"": 5325, ""eval_clip"": true, ""min_rating"": 1.0, ""max_rating"": 5.0, ""unclipped_prediction_min"": 1.4094979763031006, ""unclipped_prediction_max"": 5.049335479736328, ""clipped_prediction_min"": 1.4094979763031006, ""clipped_prediction_max"": 5.0, ""label_min"": 1.0, ""label_max"": 5.0, ""rating_mean"": 4.317183017730713, ""rating_std"": 0.9550731778144836, ""rating_distribution"": {""1.0"": 126, ""2.0"": 194, ""3.0"": 514, ""4.0"": 1522, ""5.0"": 2969}, ""pred_mean"": 4.336078192616852, ""pred_std"": 0.4148554826713934, ""pred_min"": 1.4094979763031006, ""pred_max"": 5.0, ""abs_error_mean"": 0.6455046692700454, ""abs_error_p90"": 1.3348159790039062, ""abs_error_p95"": 1.7600124359130862, ""abs_error_p99"": 3.164237442016604, ""abs_error_max"": 3.8173208236694336, ""mean_gate"": 0.043719787150621414, ""std_gate"": 0.04484252631664276, ""mean_p_inc"": 0.9562802314758301, ""std_p_inc"": 0.04484252259135246, ""mean_alignment"": -0.5529119968414307, ""std_alignment"": 0.2000121921300888, ""mean_intent_entropy"": 1.2554612159729004, ""mean_empty_history_ratio"": 0.0, ""history_source_ratio"": 1.0, ""low_alignment_rmse"": 0.9579359292984009, ""low_alignment_mae"": 0.7315270304679871, ""low_alignment_count"": 1065.0, ""mid_alignment_rmse"": 0.8870616555213928, ""mid_alignment_mae"": 0.6824917197227478, ""mid_alignment_count"": 3195.0, ""high_alignment_rmse"": 0.6899396777153015, ""high_alignment_mae"": 0.4485209882259369, ""high_alignment_count"": 1065.0, ""best_valid_metric"": 0.8143501476186071}",
round1_loss.lambda_recon_0.05,ok,0,"{""training.lr"": 0.0005, ""training.weight_decay"": 1e-06, ""training.grad_clip"": 1.0, ""model.d_id"": 64, ""model.d_model"": 128, ""model.num_layers"": 1, ""model.num_intents"": 5, ""model.eta"": 0.5, ""model.dropout"": 0.1, ""model.tau_p"": 0.2, ""model.gate_alpha"": 5.0, ""model.history_top_k"": 10, ""loss.lambda_rating"": 2.0, ""loss.lambda_align"": 0.1, ""loss.lambda_sep"": 0.05, ""loss.lambda_recon"": 0.05}",/home/infolab/mnt/mingyu/review_rec/rating4review/results/iard_rm_42_Amazon_Office_Products_14_20260515_185744_109677/test_results.json,0.8664988934173581,,,"{""mse"": 0.7508203322935061, ""rmse"": 0.8664988934173581, ""mae"": 0.6460891651099836, ""num_samples"": 5325, ""eval_clip"": true, ""min_rating"": 1.0, ""max_rating"": 5.0, ""unclipped_prediction_min"": 1.4129531383514404, ""unclipped_prediction_max"": 5.051950454711914, ""clipped_prediction_min"": 1.4129531383514404, ""clipped_prediction_max"": 5.0, ""label_min"": 1.0, ""label_max"": 5.0, ""rating_mean"": 4.317183017730713, ""rating_std"": 0.9550731778144836, ""rating_distribution"": {""1.0"": 126, ""2.0"": 194, ""3.0"": 514, ""4.0"": 1522, ""5.0"": 2969}, ""pred_mean"": 4.332508046503918, ""pred_std"": 0.4161831034297862, ""pred_min"": 1.4129531383514404, ""pred_max"": 5.0, ""abs_error_mean"": 0.6460891651099836, ""abs_error_p90"": 1.3342723846435556, ""abs_error_p95"": 1.758516883850098, ""abs_error_p99"": 3.155443382263185, ""abs_error_max"": 3.8204030990600586, ""mean_gate"": 0.04333502799272537, ""std_gate"": 0.04443803057074547, ""mean_p_inc"": 0.9566650390625, ""std_p_inc"": 0.04443803057074547, ""mean_alignment"": -0.5544271469116211, ""std_alignment"": 0.19916009902954102, ""mean_intent_entropy"": 1.2481275796890259, ""mean_empty_history_ratio"": 0.0, ""history_source_ratio"": 1.0, ""low_alignment_rmse"": 0.9572175741195679, ""low_alignment_mae"": 0.7311882972717285, ""low_alignment_count"": 1065.0, ""mid_alignment_rmse"": 0.8871777653694153, ""mid_alignment_mae"": 0.6831789612770081, ""mid_alignment_count"": 3195.0, ""high_alignment_rmse"": 0.6903499960899353, ""high_alignment_mae"": 0.44972074031829834, ""high_alignment_count"": 1065.0, ""best_valid_metric"": 0.8143802537729703}",
round1_loss.lambda_recon_0.2,ok,0,"{""training.lr"": 0.0005, ""training.weight_decay"": 1e-06, ""training.grad_clip"": 1.0, ""model.d_id"": 64, ""model.d_model"": 128, ""model.num_layers"": 1, ""model.num_intents"": 5, ""model.eta"": 0.5, ""model.dropout"": 0.1, ""model.tau_p"": 0.2, ""model.gate_alpha"": 5.0, ""model.history_top_k"": 10, ""loss.lambda_rating"": 2.0, ""loss.lambda_align"": 0.1, ""loss.lambda_sep"": 0.05, ""loss.lambda_recon"": 0.2}",/home/infolab/mnt/mingyu/review_rec/rating4review/results/iard_rm_42_Amazon_Office_Products_14_20260515_190358_710040/test_results.json,0.8664984727357876,,,"{""mse"": 0.7508196032534525, ""rmse"": 0.8664984727357876, ""mae"": 0.6454707686106363, ""num_samples"": 5325, ""eval_clip"": true, ""min_rating"": 1.0, ""max_rating"": 5.0, ""unclipped_prediction_min"": 1.4127562046051025, ""unclipped_prediction_max"": 5.050617694854736, ""clipped_prediction_min"": 1.4127562046051025, ""clipped_prediction_max"": 5.0, ""label_min"": 1.0, ""label_max"": 5.0, ""rating_mean"": 4.317183017730713, ""rating_std"": 0.9550731778144836, ""rating_distribution"": {""1.0"": 126, ""2.0"": 194, ""3.0"": 514, ""4.0"": 1522, ""5.0"": 2969}, ""pred_mean"": 4.335961181971949, ""pred_std"": 0.4149738277727022, ""pred_min"": 1.4127562046051025, ""pred_max"": 5.0, ""abs_error_mean"": 0.6454707686106363, ""abs_error_p90"": 1.334998893737793, ""abs_error_p95"": 1.7602281570434573, ""abs_error_p99"": 3.164245223999026, ""abs_error_max"": 3.81704044342041, ""mean_gate"": 0.04376029223203659, ""std_gate"": 0.044864922761917114, ""mean_p_inc"": 0.9562397003173828, ""std_p_inc"": 0.044864922761917114, ""mean_alignment"": -0.552687406539917, ""std_alignment"": 0.20001468062400818, ""mean_intent_entropy"": 1.2564018964767456, ""mean_empty_history_ratio"": 0.0, ""history_source_ratio"": 1.0, ""low_alignment_rmse"": 0.9578229188919067, ""low_alignment_mae"": 0.7313606142997742, ""low_alignment_count"": 1065.0, ""mid_alignment_rmse"": 0.8870576620101929, ""mid_alignment_mae"": 0.6825107336044312, ""mid_alignment_count"": 3195.0, ""high_alignment_rmse"": 0.6899705529212952, ""high_alignment_mae"": 0.4484608769416809, ""high_alignment_count"": 1065.0, ""best_valid_metric"": 0.8143594389247854}",
round2_training.lr_0.0001,ok,0,"{""training.lr"": 0.0001, ""training.weight_decay"": 1e-06, ""training.grad_clip"": 1.0, ""model.d_id"": 64, ""model.d_model"": 128, ""model.num_layers"": 1, ""model.num_intents"": 5, ""model.eta"": 0.5, ""model.dropout"": 0.1, ""model.tau_p"": 0.2, ""model.gate_alpha"": 5.0, ""model.history_top_k"": 10, ""loss.lambda_rating"": 2.0, ""loss.lambda_align"": 0.1, ""loss.lambda_sep"": 0.05, ""loss.lambda_recon"": 0.2}",/home/infolab/mnt/mingyu/review_rec/rating4review/results/iard_rm_42_Amazon_Office_Products_14_20260515_190959_091079/test_results.json,0.8716231408848396,,,"{""mse"": 0.7597268997259529, ""rmse"": 0.8716231408848396, ""mae"": 0.647152020808117, ""num_samples"": 5325, ""eval_clip"": true, ""min_rating"": 1.0, ""max_rating"": 5.0, ""unclipped_prediction_min"": 2.9433255195617676, ""unclipped_prediction_max"": 5.0997443199157715, ""clipped_prediction_min"": 2.9433255195617676, ""clipped_prediction_max"": 5.0, ""label_min"": 1.0, ""label_max"": 5.0, ""rating_mean"": 4.317183017730713, ""rating_std"": 0.9550731778144836, ""rating_distribution"": {""1.0"": 126, ""2.0"": 194, ""3.0"": 514, ""4.0"": 1522, ""5.0"": 2969}, ""pred_mean"": 4.318859793703321, ""pred_std"": 0.393718132486192, ""pred_min"": 2.9433255195617676, ""pred_max"": 5.0, ""abs_error_mean"": 0.647152020808117, ""abs_error_p90"": 1.3012096405029299, ""abs_error_p95"": 1.7588269233703617, ""abs_error_p99"": 3.058626327514649, ""abs_error_max"": 3.8667168617248535, ""mean_gate"": 0.2859463095664978, ""std_gate"": 0.10574839264154434, ""mean_p_inc"": 0.7140536904335022, ""std_p_inc"": 0.10574839264154434, ""mean_alignment"": 0.06417261809110641, ""std_alignment"": 0.2016969472169876, ""mean_intent_entropy"": 1.5900139808654785, ""mean_empty_history_ratio"": 0.0, ""history_source_ratio"": 1.0, ""low_alignment_rmse"": 1.0561320781707764, ""low_alignment_mae"": 0.8451806902885437, ""low_alignment_count"": 1065.0, ""mid_alignment_rmse"": 0.860971212387085, ""mid_alignment_mae"": 0.6601174473762512, ""mid_alignment_count"": 3195.0, ""high_alignment_rmse"": 0.6777943968772888, ""high_alignment_mae"": 0.4102272689342499, ""high_alignment_count"": 1065.0, ""best_valid_metric"": 0.8267508258490326}",
round2_training.lr_0.0002,ok,0,"{""training.lr"": 0.0002, ""training.weight_decay"": 1e-06, ""training.grad_clip"": 1.0, ""model.d_id"": 64, ""model.d_model"": 128, ""model.num_layers"": 1, ""model.num_intents"": 5, ""model.eta"": 0.5, ""model.dropout"": 0.1, ""model.tau_p"": 0.2, ""model.gate_alpha"": 5.0, ""model.history_top_k"": 10, ""loss.lambda_rating"": 2.0, ""loss.lambda_align"": 0.1, ""loss.lambda_sep"": 0.05, ""loss.lambda_recon"": 0.2}",/home/infolab/mnt/mingyu/review_rec/rating4review/results/iard_rm_42_Amazon_Office_Products_14_20260515_191655_876999/test_results.json,0.8711203836354908,,,"{""mse"": 0.7588507227852447, ""rmse"": 0.8711203836354908, ""mae"": 0.6623069322612923, ""num_samples"": 5325, ""eval_clip"": true, ""min_rating"": 1.0, ""max_rating"": 5.0, ""unclipped_prediction_min"": 2.099963426589966, ""unclipped_prediction_max"": 5.003167152404785, ""clipped_prediction_min"": 2.099963426589966, ""clipped_prediction_max"": 5.0, ""label_min"": 1.0, ""label_max"": 5.0, ""rating_mean"": 4.317183017730713, ""rating_std"": 0.9550731778144836, ""rating_distribution"": {""1.0"": 126, ""2.0"": 194, ""3.0"": 514, ""4.0"": 1522, ""5.0"": 2969}, ""pred_mean"": 4.290269559045353, ""pred_std"": 0.4107305482056951, ""pred_min"": 2.099963426589966, ""pred_max"": 5.0, ""abs_error_mean"": 0.6623069322612923, ""abs_error_p90"": 1.3401704788208009, ""abs_error_p95"": 1.7467185974121096, ""abs_error_p99"": 3.1681860923767116, ""abs_error_max"": 3.7346081733703613, ""mean_gate"": 0.09707222878932953, ""std_gate"": 0.08994543552398682, ""mean_p_inc"": 0.9029278755187988, ""std_p_inc"": 0.08994543552398682, ""mean_alignment"": -0.35445910692214966, ""std_alignment"": 0.2295377403497696, ""mean_intent_entropy"": 1.5411399602890015, ""mean_empty_history_ratio"": 0.0, ""history_source_ratio"": 1.0, ""low_alignment_rmse"": 0.6937530636787415, ""low_alignment_mae"": 0.47025537490844727, ""low_alignment_count"": 1065.0, ""mid_alignment_rmse"": 0.8455142974853516, ""mid_alignment_mae"": 0.6569477915763855, ""mid_alignment_count"": 3195.0, ""high_alignment_rmse"": 1.0808686017990112, ""high_alignment_mae"": 0.8704357743263245, ""high_alignment_count"": 1065.0, ""best_valid_metric"": 0.8196464850832135}",
round2_training.lr_0.001,ok,0,"{""training.lr"": 0.001, ""training.weight_decay"": 1e-06, ""training.grad_clip"": 1.0, ""model.d_id"": 64, ""model.d_model"": 128, ""model.num_layers"": 1, ""model.num_intents"": 5, ""model.eta"": 0.5, ""model.dropout"": 0.1, ""model.tau_p"": 0.2, ""model.gate_alpha"": 5.0, ""model.history_top_k"": 10, ""loss.lambda_rating"": 2.0, ""loss.lambda_align"": 0.1, ""loss.lambda_sep"": 0.05, ""loss.lambda_recon"": 0.2}",/home/infolab/mnt/mingyu/review_rec/rating4review/results/iard_rm_42_Amazon_Office_Products_14_20260515_192226_579074/test_results.json,0.8695759595920789,,,"{""mse"": 0.7561623495004849, ""rmse"": 0.8695759595920789, ""mae"": 0.6542524384332934, ""num_samples"": 5325, ""eval_clip"": true, ""min_rating"": 1.0, ""max_rating"": 5.0, ""unclipped_prediction_min"": 1.3988497257232666, ""unclipped_prediction_max"": 4.960724353790283, ""clipped_prediction_min"": 1.3988497257232666, ""clipped_prediction_max"": 4.960724353790283, ""label_min"": 1.0, ""label_max"": 5.0, ""rating_mean"": 4.317183017730713, ""rating_std"": 0.9550731778144836, ""rating_distribution"": {""1.0"": 126, ""2.0"": 194, ""3.0"": 514, ""4.0"": 1522, ""5.0"": 2969}, ""pred_mean"": 4.336257977015536, ""pred_std"": 0.38991815214973563, ""pred_min"": 1.3988497257232666, ""pred_max"": 4.960724353790283, ""abs_error_mean"": 0.6542524384332934, ""abs_error_p90"": 1.3415880680084238, ""abs_error_p95"": 1.7966723442077648, ""abs_error_p99"": 3.2124297332763687, ""abs_error_max"": 3.784579277038574, ""mean_gate"": 0.050759512931108475, ""std_gate"": 0.05331612005829811, ""mean_p_inc"": 0.949240505695343, ""std_p_inc"": 0.05331612005829811, ""mean_alignment"": -0.5392135977745056, ""std_alignment"": 0.2343650758266449, ""mean_intent_entropy"": 1.2628684043884277, ""mean_empty_history_ratio"": 0.0, ""history_source_ratio"": 1.0, ""low_alignment_rmse"": 0.9662910103797913, ""low_alignment_mae"": 0.7358577251434326, ""low_alignment_count"": 1065.0, ""mid_alignment_rmse"": 0.8821584582328796, ""mid_alignment_mae"": 0.6812547445297241, ""mid_alignment_count"": 3195.0, ""high_alignment_rmse"": 0.7158788442611694, ""high_alignment_mae"": 0.49164018034935, ""high_alignment_count"": 1065.0, ""best_valid_metric"": 0.8178576906641323}",
round2_training.weight_decay_0.0,ok,0,"{""training.lr"": 0.0005, ""training.weight_decay"": 0.0, ""training.grad_clip"": 1.0, ""model.d_id"": 64, ""model.d_model"": 128, ""model.num_layers"": 1, ""model.num_intents"": 5, ""model.eta"": 0.5, ""model.dropout"": 0.1, ""model.tau_p"": 0.2, ""model.gate_alpha"": 5.0, ""model.history_top_k"": 10, ""loss.lambda_rating"": 2.0, ""loss.lambda_align"": 0.1, ""loss.lambda_sep"": 0.05, ""loss.lambda_recon"": 0.2}",/home/infolab/mnt/mingyu/review_rec/rating4review/results/iard_rm_42_Amazon_Office_Products_14_20260515_192852_805702/test_results.json,0.8662636782014729,,,"{""mse"": 0.750412760171145, ""rmse"": 0.8662636782014729, ""mae"": 0.6449303303749908, ""num_samples"": 5325, ""eval_clip"": true, ""min_rating"": 1.0, ""max_rating"": 5.0, ""unclipped_prediction_min"": 1.535153865814209, ""unclipped_prediction_max"": 5.053756237030029, ""clipped_prediction_min"": 1.535153865814209, ""clipped_prediction_max"": 5.0, ""label_min"": 1.0, ""label_max"": 5.0, ""rating_mean"": 4.317183017730713, ""rating_std"": 0.9550731778144836, ""rating_distribution"": {""1.0"": 126, ""2.0"": 194, ""3.0"": 514, ""4.0"": 1522, ""5.0"": 2969}, ""pred_mean"": 4.340284013434755, ""pred_std"": 0.41173793261280733, ""pred_min"": 1.535153865814209, ""pred_max"": 5.0, ""abs_error_mean"": 0.6449303303749908, ""abs_error_p90"": 1.3424705982208258, ""abs_error_p95"": 1.758611202239991, ""abs_error_p99"": 3.1669459533691446, ""abs_error_max"": 3.770392894744873, ""mean_gate"": 0.061385296285152435, ""std_gate"": 0.06364857405424118, ""mean_p_inc"": 0.9386147260665894, ""std_p_inc"": 0.06364857405424118, ""mean_alignment"": -0.49040400981903076, ""std_alignment"": 0.2320718765258789, ""mean_intent_entropy"": 1.26398503780365, ""mean_empty_history_ratio"": 0.0, ""history_source_ratio"": 1.0, ""low_alignment_rmse"": 0.9665006995201111, ""low_alignment_mae"": 0.7453113198280334, ""low_alignment_count"": 1065.0, ""mid_alignment_rmse"": 0.890316367149353, ""mid_alignment_mae"": 0.6848791837692261, ""mid_alignment_count"": 3195.0, ""high_alignment_rmse"": 0.6632877588272095, ""high_alignment_mae"": 0.4247027039527893, ""high_alignment_count"": 1065.0, ""best_valid_metric"": 0.814852395431128}",
round2_training.weight_decay_1e-05,ok,0,"{""training.lr"": 0.0005, ""training.weight_decay"": 1e-05, ""training.grad_clip"": 1.0, ""model.d_id"": 64, ""model.d_model"": 128, ""model.num_layers"": 1, ""model.num_intents"": 5, ""model.eta"": 0.5, ""model.dropout"": 0.1, ""model.tau_p"": 0.2, ""model.gate_alpha"": 5.0, ""model.history_top_k"": 10, ""loss.lambda_rating"": 2.0, ""loss.lambda_align"": 0.1, ""loss.lambda_sep"": 0.05, ""loss.lambda_recon"": 0.2}",/home/infolab/mnt/mingyu/review_rec/rating4review/results/iard_rm_42_Amazon_Office_Products_14_20260515_193500_817216/test_results.json,0.8666743952157594,,,"{""mse"": 0.7511245073226024, ""rmse"": 0.8666743952157594, ""mae"": 0.6467045318800518, ""num_samples"": 5325, ""eval_clip"": true, ""min_rating"": 1.0, ""max_rating"": 5.0, ""unclipped_prediction_min"": 1.436772346496582, ""unclipped_prediction_max"": 5.034180641174316, ""clipped_prediction_min"": 1.436772346496582, ""clipped_prediction_max"": 5.0, ""label_min"": 1.0, ""label_max"": 5.0, ""rating_mean"": 4.317183017730713, ""rating_std"": 0.9550731778144836, ""rating_distribution"": {""1.0"": 126, ""2.0"": 194, ""3.0"": 514, ""4.0"": 1522, ""5.0"": 2969}, ""pred_mean"": 4.332294399055517, ""pred_std"": 0.4148672768847455, ""pred_min"": 1.436772346496582, ""pred_max"": 5.0, ""abs_error_mean"": 0.6467045318800518, ""abs_error_p90"": 1.3353952407836915, ""abs_error_p95"": 1.7596014022827153, ""abs_error_p99"": 3.1692637634277347, ""abs_error_max"": 3.8040618896484375, ""mean_gate"": 0.040196493268013, ""std_gate"": 0.041782792657613754, ""mean_p_inc"": 0.9598035216331482, ""std_p_inc"": 0.041782792657613754, ""mean_alignment"": -0.5724453330039978, ""std_alignment"": 0.19715343415737152, ""mean_intent_entropy"": 1.294358253479004, ""mean_empty_history_ratio"": 0.0, ""history_source_ratio"": 1.0, ""low_alignment_rmse"": 0.9568339586257935, ""low_alignment_mae"": 0.7332481145858765, ""low_alignment_count"": 1065.0, ""mid_alignment_rmse"": 0.8858976364135742, ""mid_alignment_mae"": 0.6814127564430237, ""mid_alignment_count"": 3195.0, ""high_alignment_rmse"": 0.6968839168548584, ""high_alignment_mae"": 0.45603635907173157, ""high_alignment_count"": 1065.0, ""best_valid_metric"": 0.8143096966921343}",
round2_training.weight_decay_0.0001,ok,0,"{""training.lr"": 0.0005, ""training.weight_decay"": 0.0001, ""training.grad_clip"": 1.0, ""model.d_id"": 64, ""model.d_model"": 128, ""model.num_layers"": 1, ""model.num_intents"": 5, ""model.eta"": 0.5, ""model.dropout"": 0.1, ""model.tau_p"": 0.2, ""model.gate_alpha"": 5.0, ""model.history_top_k"": 10, ""loss.lambda_rating"": 2.0, ""loss.lambda_align"": 0.1, ""loss.lambda_sep"": 0.05, ""loss.lambda_recon"": 0.2}",/home/infolab/mnt/mingyu/review_rec/rating4review/results/iard_rm_42_Amazon_Office_Products_14_20260515_194007_055590/test_results.json,0.8662172596952301,,,"{""mse"": 0.7503323409939137, ""rmse"": 0.8662172596952301, ""mae"": 0.65055726096104, ""num_samples"": 5325, ""eval_clip"": true, ""min_rating"": 1.0, ""max_rating"": 5.0, ""unclipped_prediction_min"": 1.6976642608642578, ""unclipped_prediction_max"": 5.01906681060791, ""clipped_prediction_min"": 1.6976642608642578, ""clipped_prediction_max"": 5.0, ""label_min"": 1.0, ""label_max"": 5.0, ""rating_mean"": 4.317183017730713, ""rating_std"": 0.9550731778144836, ""rating_distribution"": {""1.0"": 126, ""2.0"": 194, ""3.0"": 514, ""4.0"": 1522, ""5.0"": 2969}, ""pred_mean"": 4.329630052315797, ""pred_std"": 0.4010610383147107, ""pred_min"": 1.6976642608642578, ""pred_max"": 5.0, ""abs_error_mean"": 0.65055726096104, ""abs_error_p90"": 1.3362975597381594, ""abs_error_p95"": 1.758754587173462, ""abs_error_p99"": 3.158764076232911, ""abs_error_max"": 3.7489333152770996, ""mean_gate"": 0.05535592511296272, ""std_gate"": 0.05950001999735832, ""mean_p_inc"": 0.944644033908844, ""std_p_inc"": 0.05950001999735832, ""mean_alignment"": -0.5362528562545776, ""std_alignment"": 0.24460992217063904, ""mean_intent_entropy"": 1.390679121017456, ""mean_empty_history_ratio"": 0.0, ""history_source_ratio"": 1.0, ""low_alignment_rmse"": 0.9739722609519958, ""low_alignment_mae"": 0.750606894493103, ""low_alignment_count"": 1065.0, ""mid_alignment_rmse"": 0.8890628814697266, ""mid_alignment_mae"": 0.6860774755477905, ""mid_alignment_count"": 3195.0, ""high_alignment_rmse"": 0.6570702195167542, ""high_alignment_mae"": 0.4439469873905182, ""high_alignment_count"": 1065.0, ""best_valid_metric"": 0.8156195425325864}",
round2_training.grad_clip_0.5,ok,0,"{""training.lr"": 0.0005, ""training.weight_decay"": 0.0001, ""training.grad_clip"": 0.5, ""model.d_id"": 64, ""model.d_model"": 128, ""model.num_layers"": 1, ""model.num_intents"": 5, ""model.eta"": 0.5, ""model.dropout"": 0.1, ""model.tau_p"": 0.2, ""model.gate_alpha"": 5.0, ""model.history_top_k"": 10, ""loss.lambda_rating"": 2.0, ""loss.lambda_align"": 0.1, ""loss.lambda_sep"": 0.05, ""loss.lambda_recon"": 0.2}",/home/infolab/mnt/mingyu/review_rec/rating4review/results/iard_rm_42_Amazon_Office_Products_14_20260515_194611_999442/test_results.json,0.8694571488256347,,,"{""mse"": 0.7559557336440019, ""rmse"": 0.8694571488256347, ""mae"": 0.6423554127205146, ""num_samples"": 5325, ""eval_clip"": true, ""min_rating"": 1.0, ""max_rating"": 5.0, ""unclipped_prediction_min"": 2.3328075408935547, ""unclipped_prediction_max"": 5.169602394104004, ""clipped_prediction_min"": 2.3328075408935547, ""clipped_prediction_max"": 5.0, ""label_min"": 1.0, ""label_max"": 5.0, ""rating_mean"": 4.317183017730713, ""rating_std"": 0.9550731778144836, ""rating_distribution"": {""1.0"": 126, ""2.0"": 194, ""3.0"": 514, ""4.0"": 1522, ""5.0"": 2969}, ""pred_mean"": 4.35804497978497, ""pred_std"": 0.3897694939318471, ""pred_min"": 2.3328075408935547, ""pred_max"": 5.0, ""abs_error_mean"": 0.6423554127205146, ""abs_error_p90"": 1.3289696693420412, ""abs_error_p95"": 1.7906164169311527, ""abs_error_p99"": 3.189135055541993, ""abs_error_max"": 3.8525023460388184, ""mean_gate"": 0.3679782450199127, ""std_gate"": 0.14172112941741943, ""mean_p_inc"": 0.6320217847824097, ""std_p_inc"": 0.14172112941741943, ""mean_alignment"": 0.2817353904247284, ""std_alignment"": 0.3399941921234131, ""mean_intent_entropy"": 1.4352850914001465, ""mean_empty_history_ratio"": 0.0, ""history_source_ratio"": 1.0, ""low_alignment_rmse"": 1.0783345699310303, ""low_alignment_mae"": 0.8526287078857422, ""low_alignment_count"": 1065.0, ""mid_alignment_rmse"": 0.8329289555549622, ""mid_alignment_mae"": 0.6262162923812866, ""mid_alignment_count"": 3195.0, ""high_alignment_rmse"": 0.7318887114524841, ""high_alignment_mae"": 0.4804994463920593, ""high_alignment_count"": 1065.0, ""best_valid_metric"": 0.8190765006077708}",
round2_training.grad_clip_2.0,ok,0,"{""training.lr"": 0.0005, ""training.weight_decay"": 0.0001, ""training.grad_clip"": 2.0, ""model.d_id"": 64, ""model.d_model"": 128, ""model.num_layers"": 1, ""model.num_intents"": 5, ""model.eta"": 0.5, ""model.dropout"": 0.1, ""model.tau_p"": 0.2, ""model.gate_alpha"": 5.0, ""model.history_top_k"": 10, ""loss.lambda_rating"": 2.0, ""loss.lambda_align"": 0.1, ""loss.lambda_sep"": 0.05, ""loss.lambda_recon"": 0.2}",/home/infolab/mnt/mingyu/review_rec/rating4review/results/iard_rm_42_Amazon_Office_Products_14_20260515_195208_444178/test_results.json,0.8668713211894237,,,"{""mse"": 0.751465887500697, ""rmse"": 0.8668713211894237, ""mae"": 0.6519060904095431, ""num_samples"": 5325, ""eval_clip"": true, ""min_rating"": 1.0, ""max_rating"": 5.0, ""unclipped_prediction_min"": 1.2227590084075928, ""unclipped_prediction_max"": 4.980590343475342, ""clipped_prediction_min"": 1.2227590084075928, ""clipped_prediction_max"": 4.980590343475342, ""label_min"": 1.0, ""label_max"": 5.0, ""rating_mean"": 4.317183017730713, ""rating_std"": 0.9550731778144836, ""rating_distribution"": {""1.0"": 126, ""2.0"": 194, ""3.0"": 514, ""4.0"": 1522, ""5.0"": 2969}, ""pred_mean"": 4.323010584871534, ""pred_std"": 0.41510042921162077, ""pred_min"": 1.2227590084075928, ""pred_max"": 4.980590343475342, ""abs_error_mean"": 0.6519060904095431, ""abs_error_p90"": 1.3377899646759033, ""abs_error_p95"": 1.7576085090637208, ""abs_error_p99"": 3.1627955245971746, ""abs_error_max"": 3.820767402648926, ""mean_gate"": 0.04767771065235138, ""std_gate"": 0.050263386219739914, ""mean_p_inc"": 0.9523223042488098, ""std_p_inc"": 0.050263386219739914, ""mean_alignment"": -0.5492350459098816, ""std_alignment"": 0.21809831261634827, ""mean_intent_entropy"": 1.364752173423767, ""mean_empty_history_ratio"": 0.0, ""history_source_ratio"": 1.0, ""low_alignment_rmse"": 0.9799332022666931, ""low_alignment_mae"": 0.7523124814033508, ""low_alignment_count"": 1065.0, ""mid_alignment_rmse"": 0.8775208592414856, ""mid_alignment_mae"": 0.6755821108818054, ""mid_alignment_count"": 3195.0, ""high_alignment_rmse"": 0.6978048086166382, ""high_alignment_mae"": 0.48047155141830444, ""high_alignment_count"": 1065.0, ""best_valid_metric"": 0.8138372831213836}",
round2_training.grad_clip_5.0,ok,0,"{""training.lr"": 0.0005, ""training.weight_decay"": 0.0001, ""training.grad_clip"": 5.0, ""model.d_id"": 64, ""model.d_model"": 128, ""model.num_layers"": 1, ""model.num_intents"": 5, ""model.eta"": 0.5, ""model.dropout"": 0.1, ""model.tau_p"": 0.2, ""model.gate_alpha"": 5.0, ""model.history_top_k"": 10, ""loss.lambda_rating"": 2.0, ""loss.lambda_align"": 0.1, ""loss.lambda_sep"": 0.05, ""loss.lambda_recon"": 0.2}",/home/infolab/mnt/mingyu/review_rec/rating4review/results/iard_rm_42_Amazon_Office_Products_14_20260515_195852_688653/test_results.json,0.8691151997561594,,,"{""mse"": 0.7553612304471887, ""rmse"": 0.8691151997561594, ""mae"": 0.6479310876550809, ""num_samples"": 5325, ""eval_clip"": true, ""min_rating"": 1.0, ""max_rating"": 5.0, ""unclipped_prediction_min"": 1.7325713634490967, ""unclipped_prediction_max"": 5.105950832366943, ""clipped_prediction_min"": 1.7325713634490967, ""clipped_prediction_max"": 5.0, ""label_min"": 1.0, ""label_max"": 5.0, ""rating_mean"": 4.317183017730713, ""rating_std"": 0.9550731778144836, ""rating_distribution"": {""1.0"": 126, ""2.0"": 194, ""3.0"": 514, ""4.0"": 1522, ""5.0"": 2969}, ""pred_mean"": 4.336066368085118, ""pred_std"": 0.4133986415628429, ""pred_min"": 1.7325713634490967, ""pred_max"": 5.0, ""abs_error_mean"": 0.6479310876550809, ""abs_error_p90"": 1.3464095115661625, ""abs_error_p95"": 1.7778874397277833, ""abs_error_p99"": 3.1782960319519105, ""abs_error_max"": 3.8526062965393066, ""mean_gate"": 0.03931855037808418, ""std_gate"": 0.05009833350777626, ""mean_p_inc"": 0.9606814980506897, ""std_p_inc"": 0.05009833350777626, ""mean_alignment"": -0.5766389966011047, ""std_alignment"": 0.1855802983045578, ""mean_intent_entropy"": 1.3175843954086304, ""mean_empty_history_ratio"": 0.0, ""history_source_ratio"": 1.0, ""low_alignment_rmse"": 0.8234623670578003, ""low_alignment_mae"": 0.6548154950141907, ""low_alignment_count"": 1065.0, ""mid_alignment_rmse"": 0.81392502784729, ""mid_alignment_mae"": 0.590445876121521, ""mid_alignment_count"": 3195.0, ""high_alignment_rmse"": 1.054179310798645, ""high_alignment_mae"": 0.8135023713111877, ""high_alignment_count"": 1065.0, ""best_valid_metric"": 0.8140650890169895}",
round2_model.d_id_32,ok,0,"{""training.lr"": 0.0005, ""training.weight_decay"": 0.0001, ""training.grad_clip"": 1.0, ""model.d_id"": 32, ""model.d_model"": 128, ""model.num_layers"": 1, ""model.num_intents"": 5, ""model.eta"": 0.5, ""model.dropout"": 0.1, ""model.tau_p"": 0.2, ""model.gate_alpha"": 5.0, ""model.history_top_k"": 10, ""loss.lambda_rating"": 2.0, ""loss.lambda_align"": 0.1, ""loss.lambda_sep"": 0.05, ""loss.lambda_recon"": 0.2}",/home/infolab/mnt/mingyu/review_rec/rating4review/results/iard_rm_42_Amazon_Office_Products_14_20260515_200514_886441/test_results.json,0.8789125599387827,,,"{""mse"": 0.7724872880181444, ""rmse"": 0.8789125599387827, ""mae"": 0.6375371058558075, ""num_samples"": 5325, ""eval_clip"": true, ""min_rating"": 1.0, ""max_rating"": 5.0, ""unclipped_prediction_min"": 2.1243784427642822, ""unclipped_prediction_max"": 5.309192657470703, ""clipped_prediction_min"": 2.1243784427642822, ""clipped_prediction_max"": 5.0, ""label_min"": 1.0, ""label_max"": 5.0, ""rating_mean"": 4.317183017730713, ""rating_std"": 0.9550731778144836, ""rating_distribution"": {""1.0"": 126, ""2.0"": 194, ""3.0"": 514, ""4.0"": 1522, ""5.0"": 2969}, ""pred_mean"": 4.347602075254414, ""pred_std"": 0.46107005740416435, ""pred_min"": 2.1243784427642822, ""pred_max"": 5.0, ""abs_error_mean"": 0.6375371058558075, ""abs_error_p90"": 1.3808124542236329, ""abs_error_p95"": 1.8224822998046877, ""abs_error_p99"": 3.1716493797302254, ""abs_error_max"": 4.0, ""mean_gate"": 0.3538963496685028, ""std_gate"": 0.12838958203792572, ""mean_p_inc"": 0.6461036801338196, ""std_p_inc"": 0.12838958203792572, ""mean_alignment"": 0.22080263495445251, ""std_alignment"": 0.2918711006641388, ""mean_intent_entropy"": 1.4582650661468506, ""mean_empty_history_ratio"": 0.0, ""history_source_ratio"": 1.0, ""low_alignment_rmse"": 1.0693061351776123, ""low_alignment_mae"": 0.8743366003036499, ""low_alignment_count"": 1065.0, ""mid_alignment_rmse"": 0.8538165092468262, ""mid_alignment_mae"": 0.6388111710548401, ""mid_alignment_count"": 3195.0, ""high_alignment_rmse"": 0.7293920516967773, ""high_alignment_mae"": 0.3969155251979828, ""high_alignment_count"": 1065.0, ""best_valid_metric"": 0.8253429996288422}",
round2_model.d_id_128,ok,0,"{""training.lr"": 0.0005, ""training.weight_decay"": 0.0001, ""training.grad_clip"": 1.0, ""model.d_id"": 128, ""model.d_model"": 128, ""model.num_layers"": 1, ""model.num_intents"": 5, ""model.eta"": 0.5, ""model.dropout"": 0.1, ""model.tau_p"": 0.2, ""model.gate_alpha"": 5.0, ""model.history_top_k"": 10, ""loss.lambda_rating"": 2.0, ""loss.lambda_align"": 0.1, ""loss.lambda_sep"": 0.05, ""loss.lambda_recon"": 0.2}",/home/infolab/mnt/mingyu/review_rec/rating4review/results/iard_rm_42_Amazon_Office_Products_14_20260515_201045_211629/test_results.json,0.8727127259423284,,,"{""mse"": 0.7616275020216896, ""rmse"": 0.8727127259423284, ""mae"": 0.6470032297949276, ""num_samples"": 5325, ""eval_clip"": true, ""min_rating"": 1.0, ""max_rating"": 5.0, ""unclipped_prediction_min"": 1.8268189430236816, ""unclipped_prediction_max"": 5.084488391876221, ""clipped_prediction_min"": 1.8268189430236816, ""clipped_prediction_max"": 5.0, ""label_min"": 1.0, ""label_max"": 5.0, ""rating_mean"": 4.317183017730713, ""rating_std"": 0.9550731778144836, ""rating_distribution"": {""1.0"": 126, ""2.0"": 194, ""3.0"": 514, ""4.0"": 1522, ""5.0"": 2969}, ""pred_mean"": 4.3588537840328305, ""pred_std"": 0.4147044922095712, ""pred_min"": 1.8268189430236816, ""pred_max"": 5.0, ""abs_error_mean"": 0.6470032297949276, ""abs_error_p90"": 1.3629710197448741, ""abs_error_p95"": 1.7789017677307133, ""abs_error_p99"": 3.2369016075134343, ""abs_error_max"": 3.8441720008850098, ""mean_gate"": 0.034960146993398666, ""std_gate"": 0.050681307911872864, ""mean_p_inc"": 0.9650397896766663, ""std_p_inc"": 0.050681307911872864, ""mean_alignment"": -0.6275036931037903, ""std_alignment"": 0.20238763093948364, ""mean_intent_entropy"": 0.9080246686935425, ""mean_empty_history_ratio"": 0.0, ""history_source_ratio"": 1.0, ""low_alignment_rmse"": 0.852733314037323, ""low_alignment_mae"": 0.6666743755340576, ""low_alignment_count"": 1065.0, ""mid_alignment_rmse"": 0.8038487434387207, ""mid_alignment_mae"": 0.5792106986045837, ""mid_alignment_count"": 3195.0, ""high_alignment_rmse"": 1.068861722946167, ""high_alignment_mae"": 0.8307095766067505, ""high_alignment_count"": 1065.0, ""best_valid_metric"": 0.8215315954867176}",
round2_model.d_model_64,ok,0,"{""training.lr"": 0.0005, ""training.weight_decay"": 0.0001, ""training.grad_clip"": 1.0, ""model.d_id"": 64, ""model.d_model"": 64, ""model.num_layers"": 1, ""model.num_intents"": 5, ""model.eta"": 0.5, ""model.dropout"": 0.1, ""model.tau_p"": 0.2, ""model.gate_alpha"": 5.0, ""model.history_top_k"": 10, ""loss.lambda_rating"": 2.0, ""loss.lambda_align"": 0.1, ""loss.lambda_sep"": 0.05, ""loss.lambda_recon"": 0.2}",/home/infolab/mnt/mingyu/review_rec/rating4review/results/iard_rm_42_Amazon_Office_Products_14_20260515_201843_921312/test_results.json,0.8786342247314881,,,"{""mse"": 0.7719981008695032, ""rmse"": 0.8786342247314881, ""mae"": 0.6628225072224935, ""num_samples"": 5325, ""eval_clip"": true, ""min_rating"": 1.0, ""max_rating"": 5.0, ""unclipped_prediction_min"": 2.3131871223449707, ""unclipped_prediction_max"": 5.140231609344482, ""clipped_prediction_min"": 2.3131871223449707, ""clipped_prediction_max"": 5.0, ""label_min"": 1.0, ""label_max"": 5.0, ""rating_mean"": 4.317183017730713, ""rating_std"": 0.9550731778144836, ""rating_distribution"": {""1.0"": 126, ""2.0"": 194, ""3.0"": 514, ""4.0"": 1522, ""5.0"": 2969}, ""pred_mean"": 4.303140426331283, ""pred_std"": 0.4066702717036594, ""pred_min"": 2.3131871223449707, ""pred_max"": 5.0, ""abs_error_mean"": 0.6628225072224935, ""abs_error_p90"": 1.3585037231445314, ""abs_error_p95"": 1.7710541725158697, ""abs_error_p99"": 3.212376251220705, ""abs_error_max"": 3.7946596145629883, ""mean_gate"": 0.08747660368680954, ""std_gate"": 0.09974434226751328, ""mean_p_inc"": 0.9125233888626099, ""std_p_inc"": 0.09974434226751328, ""mean_alignment"": -0.42447856068611145, ""std_alignment"": 0.2778701186180115, ""mean_intent_entropy"": 1.3068084716796875, ""mean_empty_history_ratio"": 0.0, ""history_source_ratio"": 1.0, ""low_alignment_rmse"": 0.6519649028778076, ""low_alignment_mae"": 0.45605266094207764, ""low_alignment_count"": 1065.0, ""mid_alignment_rmse"": 0.8750988841056824, ""mid_alignment_mae"": 0.6640356779098511, ""mid_alignment_count"": 3195.0, ""high_alignment_rmse"": 1.0665541887283325, ""high_alignment_mae"": 0.8659529089927673, ""high_alignment_count"": 1065.0, ""best_valid_metric"": 0.8292253857187559}",
round2_model.d_model_256,ok,0,"{""training.lr"": 0.0005, ""training.weight_decay"": 0.0001, ""training.grad_clip"": 1.0, ""model.d_id"": 64, ""model.d_model"": 256, ""model.num_layers"": 1, ""model.num_intents"": 5, ""model.eta"": 0.5, ""model.dropout"": 0.1, ""model.tau_p"": 0.2, ""model.gate_alpha"": 5.0, ""model.history_top_k"": 10, ""loss.lambda_rating"": 2.0, ""loss.lambda_align"": 0.1, ""loss.lambda_sep"": 0.05, ""loss.lambda_recon"": 0.2}",/home/infolab/mnt/mingyu/review_rec/rating4review/results/iard_rm_42_Amazon_Office_Products_14_20260515_202518_881366/test_results.json,0.8724741572113782,,,"{""mse"": 0.7612111550017048, ""rmse"": 0.8724741572113782, ""mae"": 0.63241289022383, ""num_samples"": 5325, ""eval_clip"": true, ""min_rating"": 1.0, ""max_rating"": 5.0, ""unclipped_prediction_min"": 1.2111225128173828, ""unclipped_prediction_max"": 5.186653137207031, ""clipped_prediction_min"": 1.2111225128173828, ""clipped_prediction_max"": 5.0, ""label_min"": 1.0, ""label_max"": 5.0, ""rating_mean"": 4.317183017730713, ""rating_std"": 0.9550731778144836, ""rating_distribution"": {""1.0"": 126, ""2.0"": 194, ""3.0"": 514, ""4.0"": 1522, ""5.0"": 2969}, ""pred_mean"": 4.3760365278396245, ""pred_std"": 0.43852495899370025, ""pred_min"": 1.2111225128173828, ""pred_max"": 5.0, ""abs_error_mean"": 0.63241289022383, ""abs_error_p90"": 1.354147052764893, ""abs_error_p95"": 1.8239619255065924, ""abs_error_p99"": 3.1293737983703642, ""abs_error_max"": 3.949512481689453, ""mean_gate"": 0.05598710849881172, ""std_gate"": 0.06673642247915268, ""mean_p_inc"": 0.9440129995346069, ""std_p_inc"": 0.06673642247915268, ""mean_alignment"": -0.543617308139801, ""std_alignment"": 0.25275132060050964, ""mean_intent_entropy"": 1.5821967124938965, ""mean_empty_history_ratio"": 0.0, ""history_source_ratio"": 1.0, ""low_alignment_rmse"": 0.9466903805732727, ""low_alignment_mae"": 0.7316661477088928, ""low_alignment_count"": 1065.0, ""mid_alignment_rmse"": 0.9027824997901917, ""mid_alignment_mae"": 0.6796210408210754, ""mid_alignment_count"": 3195.0, ""high_alignment_rmse"": 0.681751012802124, ""high_alignment_mae"": 0.3915351927280426, ""high_alignment_count"": 1065.0, ""best_valid_metric"": 0.8209621714484182}",
round2_model.num_layers_2,ok,0,"{""training.lr"": 0.0005, ""training.weight_decay"": 0.0001, ""training.grad_clip"": 1.0, ""model.d_id"": 64, ""model.d_model"": 128, ""model.num_layers"": 2, ""model.num_intents"": 5, ""model.eta"": 0.5, ""model.dropout"": 0.1, ""model.tau_p"": 0.2, ""model.gate_alpha"": 5.0, ""model.history_top_k"": 10, ""loss.lambda_rating"": 2.0, ""loss.lambda_align"": 0.1, ""loss.lambda_sep"": 0.05, ""loss.lambda_recon"": 0.2}",/home/infolab/mnt/mingyu/review_rec/rating4review/results/iard_rm_42_Amazon_Office_Products_14_20260515_203201_114018/test_results.json,0.8710994971032768,,,"{""mse"": 0.7588143338535819, ""rmse"": 0.8710994971032768, ""mae"": 0.6405095459038103, ""num_samples"": 5325, ""eval_clip"": true, ""min_rating"": 1.0, ""max_rating"": 5.0, ""unclipped_prediction_min"": 2.341078758239746, ""unclipped_prediction_max"": 5.191982746124268, ""clipped_prediction_min"": 2.341078758239746, ""clipped_prediction_max"": 5.0, ""label_min"": 1.0, ""label_max"": 5.0, ""rating_mean"": 4.317183017730713, ""rating_std"": 0.9550731778144836, ""rating_distribution"": {""1.0"": 126, ""2.0"": 194, ""3.0"": 514, ""4.0"": 1522, ""5.0"": 2969}, ""pred_mean"": 4.373510688056409, ""pred_std"": 0.38259138809654364, ""pred_min"": 2.341078758239746, ""pred_max"": 5.0, ""abs_error_mean"": 0.6405095459038103, ""abs_error_p90"": 1.3356128692626954, ""abs_error_p95"": 1.821217823028565, ""abs_error_p99"": 3.2046840476989766, ""abs_error_max"": 3.9064221382141113, ""mean_gate"": 0.3791562020778656, ""std_gate"": 0.1310316026210785, ""mean_p_inc"": 0.620843768119812, ""std_p_inc"": 0.1310316026210785, ""mean_alignment"": 0.3015216290950775, ""std_alignment"": 0.3143419027328491, ""mean_intent_entropy"": 1.4174023866653442, ""mean_empty_history_ratio"": 0.0, ""history_source_ratio"": 1.0, ""low_alignment_rmse"": 1.0981614589691162, ""low_alignment_mae"": 0.8656341433525085, ""low_alignment_count"": 1065.0, ""mid_alignment_rmse"": 0.8372736573219299, ""mid_alignment_mae"": 0.6325615048408508, ""mid_alignment_count"": 3195.0, ""high_alignment_rmse"": 0.6964420676231384, ""high_alignment_mae"": 0.4392290711402893, ""high_alignment_count"": 1065.0, ""best_valid_metric"": 0.8204565065185596}",
round2_model.num_intents_3,ok,0,"{""training.lr"": 0.0005, ""training.weight_decay"": 0.0001, ""training.grad_clip"": 1.0, ""model.d_id"": 64, ""model.d_model"": 128, ""model.num_layers"": 1, ""model.num_intents"": 3, ""model.eta"": 0.5, ""model.dropout"": 0.1, ""model.tau_p"": 0.2, ""model.gate_alpha"": 5.0, ""model.history_top_k"": 10, ""loss.lambda_rating"": 2.0, ""loss.lambda_align"": 0.1, ""loss.lambda_sep"": 0.05, ""loss.lambda_recon"": 0.2}",/home/infolab/mnt/mingyu/review_rec/rating4review/results/iard_rm_42_Amazon_Office_Products_14_20260515_203727_300949/test_results.json,0.8809803487786191,,,"{""mse"": 0.7761263749340974, ""rmse"": 0.8809803487786191, ""mae"": 0.6585173092873443, ""num_samples"": 5325, ""eval_clip"": true, ""min_rating"": 1.0, ""max_rating"": 5.0, ""unclipped_prediction_min"": 0.9191873073577881, ""unclipped_prediction_max"": 5.155395030975342, ""clipped_prediction_min"": 1.0, ""clipped_prediction_max"": 5.0, ""label_min"": 1.0, ""label_max"": 5.0, ""rating_mean"": 4.317183017730713, ""rating_std"": 0.9550731778144836, ""rating_distribution"": {""1.0"": 126, ""2.0"": 194, ""3.0"": 514, ""4.0"": 1522, ""5.0"": 2969}, ""pred_mean"": 4.277076953476024, ""pred_std"": 0.4929702790139903, ""pred_min"": 1.0, ""pred_max"": 5.0, ""abs_error_mean"": 0.6585173092873443, ""abs_error_p90"": 1.3891898632049564, ""abs_error_p95"": 1.8206774711608893, ""abs_error_p99"": 3.1678537368774426, ""abs_error_max"": 3.91409969329834, ""mean_gate"": 0.40561652183532715, ""std_gate"": 0.1322956383228302, ""mean_p_inc"": 0.5943834781646729, ""std_p_inc"": 0.1322956383228302, ""mean_alignment"": 0.420827180147171, ""std_alignment"": 0.3471526801586151, ""mean_intent_entropy"": 0.9208221435546875, ""mean_empty_history_ratio"": 0.0, ""history_source_ratio"": 1.0, ""low_alignment_rmse"": 1.1192277669906616, ""low_alignment_mae"": 0.9263985753059387, ""low_alignment_count"": 1065.0, ""mid_alignment_rmse"": 0.7984750866889954, ""mid_alignment_mae"": 0.5948517322540283, ""mid_alignment_count"": 3195.0, ""high_alignment_rmse"": 0.8457385301589966, ""high_alignment_mae"": 0.5816329121589661, ""high_alignment_count"": 1065.0, ""best_valid_metric"": 0.8263336142351531}",
round2_model.num_intents_8,ok,0,"{""training.lr"": 0.0005, ""training.weight_decay"": 0.0001, ""training.grad_clip"": 1.0, ""model.d_id"": 64, ""model.d_model"": 128, ""model.num_layers"": 1, ""model.num_intents"": 8, ""model.eta"": 0.5, ""model.dropout"": 0.1, ""model.tau_p"": 0.2, ""model.gate_alpha"": 5.0, ""model.history_top_k"": 10, ""loss.lambda_rating"": 2.0, ""loss.lambda_align"": 0.1, ""loss.lambda_sep"": 0.05, ""loss.lambda_recon"": 0.2}",/home/infolab/mnt/mingyu/review_rec/rating4review/results/iard_rm_42_Amazon_Office_Products_14_20260515_204400_890548/test_results.json,0.8767591293281313,,,"{""mse"": 0.7687065708602228, ""rmse"": 0.8767591293281313, ""mae"": 0.6561010655327022, ""num_samples"": 5325, ""eval_clip"": true, ""min_rating"": 1.0, ""max_rating"": 5.0, ""unclipped_prediction_min"": 1.810910940170288, ""unclipped_prediction_max"": 5.19096040725708, ""clipped_prediction_min"": 1.810910940170288, ""clipped_prediction_max"": 5.0, ""label_min"": 1.0, ""label_max"": 5.0, ""rating_mean"": 4.317183017730713, ""rating_std"": 0.9550731778144836, ""rating_distribution"": {""1.0"": 126, ""2.0"": 194, ""3.0"": 514, ""4.0"": 1522, ""5.0"": 2969}, ""pred_mean"": 4.289929053346876, ""pred_std"": 0.44971439482962694, ""pred_min"": 1.810910940170288, ""pred_max"": 5.0, ""abs_error_mean"": 0.6561010655327022, ""abs_error_p90"": 1.3790453433990482, ""abs_error_p95"": 1.7540877342224126, ""abs_error_p99"": 3.098688011169436, ""abs_error_max"": 3.888719081878662, ""mean_gate"": 0.36572250723838806, ""std_gate"": 0.14139577746391296, ""mean_p_inc"": 0.6342775225639343, ""std_p_inc"": 0.14139577746391296, ""mean_alignment"": 0.27307507395744324, ""std_alignment"": 0.3346409201622009, ""mean_intent_entropy"": 1.8568830490112305, ""mean_empty_history_ratio"": 0.0, ""history_source_ratio"": 1.0, ""low_alignment_rmse"": 1.0847340822219849, ""low_alignment_mae"": 0.8986683487892151, ""low_alignment_count"": 1065.0, ""mid_alignment_rmse"": 0.8456259965896606, ""mid_alignment_mae"": 0.6406853199005127, ""mid_alignment_count"": 3195.0, ""high_alignment_rmse"": 0.7222427725791931, ""high_alignment_mae"": 0.45978111028671265, ""high_alignment_count"": 1065.0, ""best_valid_metric"": 0.825300989559933}",
round2_model.eta_0.3,ok,0,"{""training.lr"": 0.0005, ""training.weight_decay"": 0.0001, ""training.grad_clip"": 1.0, ""model.d_id"": 64, ""model.d_model"": 128, ""model.num_layers"": 1, ""model.num_intents"": 5, ""model.eta"": 0.3, ""model.dropout"": 0.1, ""model.tau_p"": 0.2, ""model.gate_alpha"": 5.0, ""model.history_top_k"": 10, ""loss.lambda_rating"": 2.0, ""loss.lambda_align"": 0.1, ""loss.lambda_sep"": 0.05, ""loss.lambda_recon"": 0.2}",/home/infolab/mnt/mingyu/review_rec/rating4review/results/iard_rm_42_Amazon_Office_Products_14_20260515_204951_433912/test_results.json,0.8661932795519848,,,"{""mse"": 0.7502907975410228, ""rmse"": 0.8661932795519848, ""mae"": 0.6505650831500129, ""num_samples"": 5325, ""eval_clip"": true, ""min_rating"": 1.0, ""max_rating"": 5.0, ""unclipped_prediction_min"": 1.700981616973877, ""unclipped_prediction_max"": 5.02039098739624, ""clipped_prediction_min"": 1.700981616973877, ""clipped_prediction_max"": 5.0, ""label_min"": 1.0, ""label_max"": 5.0, ""rating_mean"": 4.317183017730713, ""rating_std"": 0.9550731778144836, ""rating_distribution"": {""1.0"": 126, ""2.0"": 194, ""3.0"": 514, ""4.0"": 1522, ""5.0"": 2969}, ""pred_mean"": 4.3293017394106155, ""pred_std"": 0.4012309719015817, ""pred_min"": 1.700981616973877, ""pred_max"": 5.0, ""abs_error_mean"": 0.6505650831500129, ""abs_error_p90"": 1.3379505157470704, ""abs_error_p95"": 1.7571051597595218, ""abs_error_p99"": 3.1588599014282237, ""abs_error_max"": 3.748878002166748, ""mean_gate"": 0.05563702806830406, ""std_gate"": 0.05987092852592468, ""mean_p_inc"": 0.944362998008728, ""std_p_inc"": 0.05987092852592468, ""mean_alignment"": -0.5355778932571411, ""std_alignment"": 0.24544410407543182, ""mean_intent_entropy"": 1.3792030811309814, ""mean_empty_history_ratio"": 0.0, ""history_source_ratio"": 1.0, ""low_alignment_rmse"": 0.9740583896636963, ""low_alignment_mae"": 0.7511906027793884, ""low_alignment_count"": 1065.0, ""mid_alignment_rmse"": 0.8889923095703125, ""mid_alignment_mae"": 0.6859598159790039, ""mid_alignment_count"": 3195.0, ""high_alignment_rmse"": 0.6570712327957153, ""high_alignment_mae"": 0.443755567073822, ""high_alignment_count"": 1065.0, ""best_valid_metric"": 0.815616206066235}",
round2_model.eta_0.6,ok,0,"{""training.lr"": 0.0005, ""training.weight_decay"": 0.0001, ""training.grad_clip"": 1.0, ""model.d_id"": 64, ""model.d_model"": 128, ""model.num_layers"": 1, ""model.num_intents"": 5, ""model.eta"": 0.6, ""model.dropout"": 0.1, ""model.tau_p"": 0.2, ""model.gate_alpha"": 5.0, ""model.history_top_k"": 10, ""loss.lambda_rating"": 2.0, ""loss.lambda_align"": 0.1, ""loss.lambda_sep"": 0.05, ""loss.lambda_recon"": 0.2}",/home/infolab/mnt/mingyu/review_rec/rating4review/results/iard_rm_42_Amazon_Office_Products_14_20260515_205601_158818/test_results.json,0.8661851513757813,,,"{""mse"": 0.7502767164638853, ""rmse"": 0.8661851513757813, ""mae"": 0.6501131029979724, ""num_samples"": 5325, ""eval_clip"": true, ""min_rating"": 1.0, ""max_rating"": 5.0, ""unclipped_prediction_min"": 1.6936109066009521, ""unclipped_prediction_max"": 5.022580146789551, ""clipped_prediction_min"": 1.6936109066009521, ""clipped_prediction_max"": 5.0, ""label_min"": 1.0, ""label_max"": 5.0, ""rating_mean"": 4.317183017730713, ""rating_std"": 0.9550731778144836, ""rating_distribution"": {""1.0"": 126, ""2.0"": 194, ""3.0"": 514, ""4.0"": 1522, ""5.0"": 2969}, ""pred_mean"": 4.330277968572339, ""pred_std"": 0.4025849191695442, ""pred_min"": 1.6936109066009521, ""pred_max"": 5.0, ""abs_error_mean"": 0.6501131029979724, ""abs_error_p90"": 1.3369519233703615, ""abs_error_p95"": 1.7585876464843753, ""abs_error_p99"": 3.1585374069213885, ""abs_error_max"": 3.749631404876709, ""mean_gate"": 0.055810052901506424, ""std_gate"": 0.06024693697690964, ""mean_p_inc"": 0.9441899657249451, ""std_p_inc"": 0.06024693325161934, ""mean_alignment"": -0.5355302691459656, ""std_alignment"": 0.24627844989299774, ""mean_intent_entropy"": 1.3858989477157593, ""mean_empty_history_ratio"": 0.0, ""history_source_ratio"": 1.0, ""low_alignment_rmse"": 0.974570631980896, ""low_alignment_mae"": 0.751303493976593, ""low_alignment_count"": 1065.0, ""mid_alignment_rmse"": 0.8891132473945618, ""mid_alignment_mae"": 0.6857248544692993, ""mid_alignment_count"": 3195.0, ""high_alignment_rmse"": 0.6557657122612, ""high_alignment_mae"": 0.4420875012874603, ""high_alignment_count"": 1065.0, ""best_valid_metric"": 0.8155010975496115}",
round2_model.eta_0.8,ok,0,"{""training.lr"": 0.0005, ""training.weight_decay"": 0.0001, ""training.grad_clip"": 1.0, ""model.d_id"": 64, ""model.d_model"": 128, ""model.num_layers"": 1, ""model.num_intents"": 5, ""model.eta"": 0.8, ""model.dropout"": 0.1, ""model.tau_p"": 0.2, ""model.gate_alpha"": 5.0, ""model.history_top_k"": 10, ""loss.lambda_rating"": 2.0, ""loss.lambda_align"": 0.1, ""loss.lambda_sep"": 0.05, ""loss.lambda_recon"": 0.2}",/home/infolab/mnt/mingyu/review_rec/rating4review/results/iard_rm_42_Amazon_Office_Products_14_20260515_210013_223599/test_results.json,0.8662146349706646,,,"{""mse"": 0.7503277938373618, ""rmse"": 0.8662146349706646, ""mae"": 0.6505317252790425, ""num_samples"": 5325, ""eval_clip"": true, ""min_rating"": 1.0, ""max_rating"": 5.0, ""unclipped_prediction_min"": 1.6806750297546387, ""unclipped_prediction_max"": 5.019281387329102, ""clipped_prediction_min"": 1.6806750297546387, ""clipped_prediction_max"": 5.0, ""label_min"": 1.0, ""label_max"": 5.0, ""rating_mean"": 4.317183017730713, ""rating_std"": 0.9550731778144836, ""rating_distribution"": {""1.0"": 126, ""2.0"": 194, ""3.0"": 514, ""4.0"": 1522, ""5.0"": 2969}, ""pred_mean"": 4.329667948960139, ""pred_std"": 0.40163779778070063, ""pred_min"": 1.6806750297546387, ""pred_max"": 5.0, ""abs_error_mean"": 0.6505317252790425, ""abs_error_p90"": 1.336774826049805, ""abs_error_p95"": 1.758396911621094, ""abs_error_p99"": 3.1590033531188983, ""abs_error_max"": 3.748751163482666, ""mean_gate"": 0.05532221868634224, ""std_gate"": 0.059488002210855484, ""mean_p_inc"": 0.9446777701377869, ""std_p_inc"": 0.059487998485565186, ""mean_alignment"": -0.5363574028015137, ""std_alignment"": 0.2445036768913269, ""mean_intent_entropy"": 1.3987635374069214, ""mean_empty_history_ratio"": 0.0, ""history_source_ratio"": 1.0, ""low_alignment_rmse"": 0.9736396670341492, ""low_alignment_mae"": 0.7505685091018677, ""low_alignment_count"": 1065.0, ""mid_alignment_rmse"": 0.8903433680534363, ""mid_alignment_mae"": 0.6867567896842957, ""mid_alignment_count"": 3195.0, ""high_alignment_rmse"": 0.6523272395133972, ""high_alignment_mae"": 0.44181978702545166, ""high_alignment_count"": 1065.0, ""best_valid_metric"": 0.8155923251017149}",
round2_model.dropout_0.2,ok,0,"{""training.lr"": 0.0005, ""training.weight_decay"": 0.0001, ""training.grad_clip"": 1.0, ""model.d_id"": 64, ""model.d_model"": 128, ""model.num_layers"": 1, ""model.num_intents"": 5, ""model.eta"": 0.6, ""model.dropout"": 0.2, ""model.tau_p"": 0.2, ""model.gate_alpha"": 5.0, ""model.history_top_k"": 10, ""loss.lambda_rating"": 2.0, ""loss.lambda_align"": 0.1, ""loss.lambda_sep"": 0.05, ""loss.lambda_recon"": 0.2}",/home/infolab/mnt/mingyu/review_rec/rating4review/results/iard_rm_42_Amazon_Office_Products_14_20260515_210647_750642/test_results.json,0.8683029016221464,,,"{""mse"": 0.7539499289654389, ""rmse"": 0.8683029016221464, ""mae"": 0.6496333010767548, ""num_samples"": 5325, ""eval_clip"": true, ""min_rating"": 1.0, ""max_rating"": 5.0, ""unclipped_prediction_min"": 1.901258945465088, ""unclipped_prediction_max"": 5.157541275024414, ""clipped_prediction_min"": 1.901258945465088, ""clipped_prediction_max"": 5.0, ""label_min"": 1.0, ""label_max"": 5.0, ""rating_mean"": 4.317183017730713, ""rating_std"": 0.9550731778144836, ""rating_distribution"": {""1.0"": 126, ""2.0"": 194, ""3.0"": 514, ""4.0"": 1522, ""5.0"": 2969}, ""pred_mean"": 4.330049477742871, ""pred_std"": 0.41076621637791944, ""pred_min"": 1.901258945465088, ""pred_max"": 5.0, ""abs_error_mean"": 0.6496333010767548, ""abs_error_p90"": 1.3313395500183107, ""abs_error_p95"": 1.7788299560546896, ""abs_error_p99"": 3.160594100952149, ""abs_error_max"": 3.823845386505127, ""mean_gate"": 0.03733702376484871, ""std_gate"": 0.05459610000252724, ""mean_p_inc"": 0.962662935256958, ""std_p_inc"": 0.05459610000252724, ""mean_alignment"": -0.619963526725769, ""std_alignment"": 0.20877699553966522, ""mean_intent_entropy"": 1.3671247959136963, ""mean_empty_history_ratio"": 0.0, ""history_source_ratio"": 1.0, ""low_alignment_rmse"": 0.8120623230934143, ""low_alignment_mae"": 0.6358233690261841, ""low_alignment_count"": 1065.0, ""mid_alignment_rmse"": 0.8019700646400452, ""mid_alignment_mae"": 0.5817469358444214, ""mid_alignment_count"": 3195.0, ""high_alignment_rmse"": 1.086663007736206, ""high_alignment_mae"": 0.8671024441719055, ""high_alignment_count"": 1065.0, ""best_valid_metric"": 0.8160736950643255}",
round2_model.dropout_0.3,ok,0,"{""training.lr"": 0.0005, ""training.weight_decay"": 0.0001, ""training.grad_clip"": 1.0, ""model.d_id"": 64, ""model.d_model"": 128, ""model.num_layers"": 1, ""model.num_intents"": 5, ""model.eta"": 0.6, ""model.dropout"": 0.3, ""model.tau_p"": 0.2, ""model.gate_alpha"": 5.0, ""model.history_top_k"": 10, ""loss.lambda_rating"": 2.0, ""loss.lambda_align"": 0.1, ""loss.lambda_sep"": 0.05, ""loss.lambda_recon"": 0.2}",/home/infolab/mnt/mingyu/review_rec/rating4review/results/iard_rm_42_Amazon_Office_Products_14_20260515_211243_155177/test_results.json,0.8691652099672259,,,"{""mse"": 0.7554481622173719, ""rmse"": 0.8691652099672259, ""mae"": 0.6466401097472285, ""num_samples"": 5325, ""eval_clip"": true, ""min_rating"": 1.0, ""max_rating"": 5.0, ""unclipped_prediction_min"": 1.540621280670166, ""unclipped_prediction_max"": 5.0633416175842285, ""clipped_prediction_min"": 1.540621280670166, ""clipped_prediction_max"": 5.0, ""label_min"": 1.0, ""label_max"": 5.0, ""rating_mean"": 4.317183017730713, ""rating_std"": 0.9550731778144836, ""rating_distribution"": {""1.0"": 126, ""2.0"": 194, ""3.0"": 514, ""4.0"": 1522, ""5.0"": 2969}, ""pred_mean"": 4.350455201556425, ""pred_std"": 0.4033657150974806, ""pred_min"": 1.540621280670166, ""pred_max"": 5.0, ""abs_error_mean"": 0.6466401097472285, ""abs_error_p90"": 1.339690113067627, ""abs_error_p95"": 1.7949308395385752, ""abs_error_p99"": 3.1866147804260305, ""abs_error_max"": 3.896672248840332, ""mean_gate"": 0.034107599407434464, ""std_gate"": 0.03465379402041435, ""mean_p_inc"": 0.9658923745155334, ""std_p_inc"": 0.03465379402041435, ""mean_alignment"": -0.6091738939285278, ""std_alignment"": 0.1869307905435562, ""mean_intent_entropy"": 1.3726786375045776, ""mean_empty_history_ratio"": 0.0, ""history_source_ratio"": 1.0, ""low_alignment_rmse"": 0.9424551129341125, ""low_alignment_mae"": 0.7302901744842529, ""low_alignment_count"": 1065.0, ""mid_alignment_rmse"": 0.8881689310073853, ""mid_alignment_mae"": 0.6740281581878662, ""mid_alignment_count"": 3195.0, ""high_alignment_rmse"": 0.7228326797485352, ""high_alignment_mae"": 0.48082584142684937, ""high_alignment_count"": 1065.0, ""best_valid_metric"": 0.8157327701901931}",
round2_model.dropout_0.5,ok,0,"{""training.lr"": 0.0005, ""training.weight_decay"": 0.0001, ""training.grad_clip"": 1.0, ""model.d_id"": 64, ""model.d_model"": 128, ""model.num_layers"": 1, ""model.num_intents"": 5, ""model.eta"": 0.6, ""model.dropout"": 0.5, ""model.tau_p"": 0.2, ""model.gate_alpha"": 5.0, ""model.history_top_k"": 10, ""loss.lambda_rating"": 2.0, ""loss.lambda_align"": 0.1, ""loss.lambda_sep"": 0.05, ""loss.lambda_recon"": 0.2}",/home/infolab/mnt/mingyu/review_rec/rating4review/results/iard_rm_42_Amazon_Office_Products_14_20260515_211845_305074/test_results.json,0.8706443774468143,,,"{""mse"": 0.7580216319797508, ""rmse"": 0.8706443774468143, ""mae"": 0.6413414809625473, ""num_samples"": 5325, ""eval_clip"": true, ""min_rating"": 1.0, ""max_rating"": 5.0, ""unclipped_prediction_min"": 1.9709954261779785, ""unclipped_prediction_max"": 5.0460357666015625, ""clipped_prediction_min"": 1.9709954261779785, ""clipped_prediction_max"": 5.0, ""label_min"": 1.0, ""label_max"": 5.0, ""rating_mean"": 4.317183017730713, ""rating_std"": 0.9550731778144836, ""rating_distribution"": {""1.0"": 126, ""2.0"": 194, ""3.0"": 514, ""4.0"": 1522, ""5.0"": 2969}, ""pred_mean"": 4.368331269859708, ""pred_std"": 0.39204164518333157, ""pred_min"": 1.9709954261779785, ""pred_max"": 5.0, ""abs_error_mean"": 0.6413414809625473, ""abs_error_p90"": 1.3503499984741214, ""abs_error_p95"": 1.8085116386413576, ""abs_error_p99"": 3.1987084960937504, ""abs_error_max"": 3.8357977867126465, ""mean_gate"": 0.02871357463300228, ""std_gate"": 0.028238359838724136, ""mean_p_inc"": 0.9712864756584167, ""std_p_inc"": 0.028238361701369286, ""mean_alignment"": -0.641555905342102, ""std_alignment"": 0.18241465091705322, ""mean_intent_entropy"": 0.6500093340873718, ""mean_empty_history_ratio"": 0.0, ""history_source_ratio"": 1.0, ""low_alignment_rmse"": 0.9674716591835022, ""low_alignment_mae"": 0.736825704574585, ""low_alignment_count"": 1065.0, ""mid_alignment_rmse"": 0.8907169103622437, ""mid_alignment_mae"": 0.681631326675415, ""mid_alignment_count"": 3195.0, ""high_alignment_rmse"": 0.6884596347808838, ""high_alignment_mae"": 0.42498794198036194, ""high_alignment_count"": 1065.0, ""best_valid_metric"": 0.8205085656054285}",
round2_model.tau_p_0.1,ok,0,"{""training.lr"": 0.0005, ""training.weight_decay"": 0.0001, ""training.grad_clip"": 1.0, ""model.d_id"": 64, ""model.d_model"": 128, ""model.num_layers"": 1, ""model.num_intents"": 5, ""model.eta"": 0.6, ""model.dropout"": 0.1, ""model.tau_p"": 0.1, ""model.gate_alpha"": 5.0, ""model.history_top_k"": 10, ""loss.lambda_rating"": 2.0, ""loss.lambda_align"": 0.1, ""loss.lambda_sep"": 0.05, ""loss.lambda_recon"": 0.2}",/home/infolab/mnt/mingyu/review_rec/rating4review/results/iard_rm_42_Amazon_Office_Products_14_20260515_212502_535907/test_results.json,0.8669763774819256,,,"{""mse"": 0.7516480391116823, ""rmse"": 0.8669763774819256, ""mae"": 0.6509892867988264, ""num_samples"": 5325, ""eval_clip"": true, ""min_rating"": 1.0, ""max_rating"": 5.0, ""unclipped_prediction_min"": 1.4593982696533203, ""unclipped_prediction_max"": 4.985812664031982, ""clipped_prediction_min"": 1.4593982696533203, ""clipped_prediction_max"": 4.985812664031982, ""label_min"": 1.0, ""label_max"": 5.0, ""rating_mean"": 4.317183017730713, ""rating_std"": 0.9550731778144836, ""rating_distribution"": {""1.0"": 126, ""2.0"": 194, ""3.0"": 514, ""4.0"": 1522, ""5.0"": 2969}, ""pred_mean"": 4.320502953283104, ""pred_std"": 0.41509855470565965, ""pred_min"": 1.4593982696533203, ""pred_max"": 4.985812664031982, ""abs_error_mean"": 0.6509892867988264, ""abs_error_p90"": 1.3315736293792726, ""abs_error_p95"": 1.747826147079468, ""abs_error_p99"": 3.1469503784179693, ""abs_error_max"": 3.8397836685180664, ""mean_gate"": 0.04145698994398117, ""std_gate"": 0.044171854853630066, ""mean_p_inc"": 0.958543062210083, ""std_p_inc"": 0.044171854853630066, ""mean_alignment"": -0.5849676132202148, ""std_alignment"": 0.21300595998764038, ""mean_intent_entropy"": 0.4201376438140869, ""mean_empty_history_ratio"": 0.0, ""history_source_ratio"": 1.0, ""low_alignment_rmse"": 0.9860627055168152, ""low_alignment_mae"": 0.7566046118736267, ""low_alignment_count"": 1065.0, ""mid_alignment_rmse"": 0.876125693321228, ""mid_alignment_mae"": 0.6758506894111633, ""mid_alignment_count"": 3195.0, ""high_alignment_rmse"": 0.6950771808624268, ""high_alignment_mae"": 0.4707896411418915, ""high_alignment_count"": 1065.0, ""best_valid_metric"": 0.815272749320395}",
round2_model.tau_p_0.3,ok,0,"{""training.lr"": 0.0005, ""training.weight_decay"": 0.0001, ""training.grad_clip"": 1.0, ""model.d_id"": 64, ""model.d_model"": 128, ""model.num_layers"": 1, ""model.num_intents"": 5, ""model.eta"": 0.6, ""model.dropout"": 0.1, ""model.tau_p"": 0.3, ""model.gate_alpha"": 5.0, ""model.history_top_k"": 10, ""loss.lambda_rating"": 2.0, ""loss.lambda_align"": 0.1, ""loss.lambda_sep"": 0.05, ""loss.lambda_recon"": 0.2}",/home/infolab/mnt/mingyu/review_rec/rating4review/results/iard_rm_42_Amazon_Office_Products_14_20260515_213111_367453/test_results.json,0.8681634801340108,,,"{""mse"": 0.7537078282383969, ""rmse"": 0.8681634801340108, ""mae"": 0.6491297217266101, ""num_samples"": 5325, ""eval_clip"": true, ""min_rating"": 1.0, ""max_rating"": 5.0, ""unclipped_prediction_min"": 1.715665578842163, ""unclipped_prediction_max"": 5.060417652130127, ""clipped_prediction_min"": 1.715665578842163, ""clipped_prediction_max"": 5.0, ""label_min"": 1.0, ""label_max"": 5.0, ""rating_mean"": 4.317183017730713, ""rating_std"": 0.9550731778144836, ""rating_distribution"": {""1.0"": 126, ""2.0"": 194, ""3.0"": 514, ""4.0"": 1522, ""5.0"": 2969}, ""pred_mean"": 4.332658490149628, ""pred_std"": 0.4044356953984917, ""pred_min"": 1.715665578842163, ""pred_max"": 5.0, ""abs_error_mean"": 0.6491297217266101, ""abs_error_p90"": 1.3231796264648439, ""abs_error_p95"": 1.7656097412109388, ""abs_error_p99"": 3.192527294158942, ""abs_error_max"": 3.8340702056884766, ""mean_gate"": 0.032065920531749725, ""std_gate"": 0.04096653684973717, ""mean_p_inc"": 0.9679340720176697, ""std_p_inc"": 0.04096653684973717, ""mean_alignment"": -0.6309607625007629, ""std_alignment"": 0.18364930152893066, ""mean_intent_entropy"": 1.5182020664215088, ""mean_empty_history_ratio"": 0.0, ""history_source_ratio"": 1.0, ""low_alignment_rmse"": 0.7841982841491699, ""low_alignment_mae"": 0.6373454928398132, ""low_alignment_count"": 1065.0, ""mid_alignment_rmse"": 0.8433184623718262, ""mid_alignment_mae"": 0.6157366633415222, ""mid_alignment_count"": 3195.0, ""high_alignment_rmse"": 1.0099574327468872, ""high_alignment_mae"": 0.7610931992530823, ""high_alignment_count"": 1065.0, ""best_valid_metric"": 0.8141008301368081}",
round2_model.gate_alpha_1.0,ok,0,"{""training.lr"": 0.0005, ""training.weight_decay"": 0.0001, ""training.grad_clip"": 1.0, ""model.d_id"": 64, ""model.d_model"": 128, ""model.num_layers"": 1, ""model.num_intents"": 5, ""model.eta"": 0.6, ""model.dropout"": 0.1, ""model.tau_p"": 0.2, ""model.gate_alpha"": 1.0, ""model.history_top_k"": 10, ""loss.lambda_rating"": 2.0, ""loss.lambda_align"": 0.1, ""loss.lambda_sep"": 0.05, ""loss.lambda_recon"": 0.2}",/home/infolab/mnt/mingyu/review_rec/rating4review/results/iard_rm_42_Amazon_Office_Products_14_20260515_213438_182481/test_results.json,0.8677640631116014,,,"{""mse"": 0.7530144692279552, ""rmse"": 0.8677640631116014, ""mae"": 0.654702995416704, ""num_samples"": 5325, ""eval_clip"": true, ""min_rating"": 1.0, ""max_rating"": 5.0, ""unclipped_prediction_min"": 1.9187729358673096, ""unclipped_prediction_max"": 5.082095146179199, ""clipped_prediction_min"": 1.9187729358673096, ""clipped_prediction_max"": 5.0, ""label_min"": 1.0, ""label_max"": 5.0, ""rating_mean"": 4.317183017730713, ""rating_std"": 0.9550731778144836, ""rating_distribution"": {""1.0"": 126, ""2.0"": 194, ""3.0"": 514, ""4.0"": 1522, ""5.0"": 2969}, ""pred_mean"": 4.313976466711698, ""pred_std"": 0.39312544068486566, ""pred_min"": 1.9187729358673096, ""pred_max"": 5.0, ""abs_error_mean"": 0.654702995416704, ""abs_error_p90"": 1.3239248275756836, ""abs_error_p95"": 1.7602279663085958, ""abs_error_p99"": 3.159504299163824, ""abs_error_max"": 3.819553852081299, ""mean_gate"": 0.1834978610277176, ""std_gate"": 0.03805234283208847, ""mean_p_inc"": 0.8165021538734436, ""std_p_inc"": 0.03805233910679817, ""mean_alignment"": -0.49981990456581116, ""std_alignment"": 0.288547545671463, ""mean_intent_entropy"": 1.2861945629119873, ""mean_empty_history_ratio"": 0.0, ""history_source_ratio"": 1.0, ""low_alignment_rmse"": 0.8909410834312439, ""low_alignment_mae"": 0.6920678019523621, ""low_alignment_count"": 1065.0, ""mid_alignment_rmse"": 0.7874874472618103, ""mid_alignment_mae"": 0.5878373980522156, ""mid_alignment_count"": 3195.0, ""high_alignment_rmse"": 1.0539863109588623, ""high_alignment_mae"": 0.817935049533844, ""high_alignment_count"": 1065.0, ""best_valid_metric"": 0.817812348985304}",
round2_model.gate_alpha_10.0,ok,0,"{""training.lr"": 0.0005, ""training.weight_decay"": 0.0001, ""training.grad_clip"": 1.0, ""model.d_id"": 64, ""model.d_model"": 128, ""model.num_layers"": 1, ""model.num_intents"": 5, ""model.eta"": 0.6, ""model.dropout"": 0.1, ""model.tau_p"": 0.2, ""model.gate_alpha"": 10.0, ""model.history_top_k"": 10, ""loss.lambda_rating"": 2.0, ""loss.lambda_align"": 0.1, ""loss.lambda_sep"": 0.05, ""loss.lambda_recon"": 0.2}",/home/infolab/mnt/mingyu/review_rec/rating4review/results/iard_rm_42_Amazon_Office_Products_14_20260515_214058_753058/test_results.json,0.8675248040009353,,,"{""mse"": 0.7525992855568613, ""rmse"": 0.8675248040009353, ""mae"": 0.6434318196381762, ""num_samples"": 5325, ""eval_clip"": true, ""min_rating"": 1.0, ""max_rating"": 5.0, ""unclipped_prediction_min"": 1.6135997772216797, ""unclipped_prediction_max"": 5.113862991333008, ""clipped_prediction_min"": 1.6135997772216797, ""clipped_prediction_max"": 5.0, ""label_min"": 1.0, ""label_max"": 5.0, ""rating_mean"": 4.317183017730713, ""rating_std"": 0.9550731778144836, ""rating_distribution"": {""1.0"": 126, ""2.0"": 194, ""3.0"": 514, ""4.0"": 1522, ""5.0"": 2969}, ""pred_mean"": 4.327542451983886, ""pred_std"": 0.4293564302218775, ""pred_min"": 1.6135997772216797, ""pred_max"": 5.0, ""abs_error_mean"": 0.6434318196381762, ""abs_error_p90"": 1.336013126373291, ""abs_error_p95"": 1.7682120323181159, ""abs_error_p99"": 3.113882846832276, ""abs_error_max"": 3.8668127059936523, ""mean_gate"": 0.02301751635968685, ""std_gate"": 0.037982966750860214, ""mean_p_inc"": 0.9769824743270874, ""std_p_inc"": 0.037982966750860214, ""mean_alignment"": -0.4514440894126892, ""std_alignment"": 0.18634742498397827, ""mean_intent_entropy"": 1.4125944375991821, ""mean_empty_history_ratio"": 0.0, ""history_source_ratio"": 1.0, ""low_alignment_rmse"": 0.9514398574829102, ""low_alignment_mae"": 0.730485200881958, ""low_alignment_count"": 1065.0, ""mid_alignment_rmse"": 0.8807685375213623, ""mid_alignment_mae"": 0.6767658591270447, ""mid_alignment_count"": 3195.0, ""high_alignment_rmse"": 0.7283536195755005, ""high_alignment_mae"": 0.45637646317481995, ""high_alignment_count"": 1065.0, ""best_valid_metric"": 0.8159547845539473}",
round2_model.history_top_k_30,ok,0,"{""training.lr"": 0.0005, ""training.weight_decay"": 0.0001, ""training.grad_clip"": 1.0, ""model.d_id"": 64, ""model.d_model"": 128, ""model.num_layers"": 1, ""model.num_intents"": 5, ""model.eta"": 0.6, ""model.dropout"": 0.1, ""model.tau_p"": 0.2, ""model.gate_alpha"": 5.0, ""model.history_top_k"": 30, ""loss.lambda_rating"": 2.0, ""loss.lambda_align"": 0.1, ""loss.lambda_sep"": 0.05, ""loss.lambda_recon"": 0.2}",/home/infolab/mnt/mingyu/review_rec/rating4review/results/iard_rm_42_Amazon_Office_Products_14_20260515_214624_104917/test_results.json,0.867776267122984,,,"{""mse"": 0.7530356497819003, ""rmse"": 0.867776267122984, ""mae"": 0.6534275073736486, ""num_samples"": 5325, ""eval_clip"": true, ""min_rating"": 1.0, ""max_rating"": 5.0, ""unclipped_prediction_min"": 1.9400866031646729, ""unclipped_prediction_max"": 5.099735736846924, ""clipped_prediction_min"": 1.9400866031646729, ""clipped_prediction_max"": 5.0, ""label_min"": 1.0, ""label_max"": 5.0, ""rating_mean"": 4.317183017730713, ""rating_std"": 0.9550731778144836, ""rating_distribution"": {""1.0"": 126, ""2.0"": 194, ""3.0"": 514, ""4.0"": 1522, ""5.0"": 2969}, ""pred_mean"": 4.319017770167248, ""pred_std"": 0.39630867866355945, ""pred_min"": 1.9400866031646729, ""pred_max"": 5.0, ""abs_error_mean"": 0.6534275073736486, ""abs_error_p90"": 1.312261199951172, ""abs_error_p95"": 1.7726634979248062, ""abs_error_p99"": 3.196606655120854, ""abs_error_max"": 3.832530975341797, ""mean_gate"": 0.042870331555604935, ""std_gate"": 0.06150469183921814, ""mean_p_inc"": 0.9571296572685242, ""std_p_inc"": 0.06150469928979874, ""mean_alignment"": -0.5919471383094788, ""std_alignment"": 0.21866858005523682, ""mean_intent_entropy"": 1.5071682929992676, ""mean_empty_history_ratio"": 0.0, ""history_source_ratio"": 1.0, ""low_alignment_rmse"": 0.8036371469497681, ""low_alignment_mae"": 0.6298214197158813, ""low_alignment_count"": 1065.0, ""mid_alignment_rmse"": 0.7993280291557312, ""mid_alignment_mae"": 0.5882711410522461, ""mid_alignment_count"": 3195.0, ""high_alignment_rmse"": 1.096617341041565, ""high_alignment_mae"": 0.8725027441978455, ""high_alignment_count"": 1065.0, ""best_valid_metric"": 0.815775865269825}",
round2_model.history_top_k_50,ok,0,"{""training.lr"": 0.0005, ""training.weight_decay"": 0.0001, ""training.grad_clip"": 1.0, ""model.d_id"": 64, ""model.d_model"": 128, ""model.num_layers"": 1, ""model.num_intents"": 5, ""model.eta"": 0.6, ""model.dropout"": 0.1, ""model.tau_p"": 0.2, ""model.gate_alpha"": 5.0, ""model.history_top_k"": 50, ""loss.lambda_rating"": 2.0, ""loss.lambda_align"": 0.1, ""loss.lambda_sep"": 0.05, ""loss.lambda_recon"": 0.2}",/home/infolab/mnt/mingyu/review_rec/rating4review/results/iard_rm_42_Amazon_Office_Products_14_20260515_215223_068597/test_results.json,0.8680240624351163,,,"{""mse"": 0.7534657729663627, ""rmse"": 0.8680240624351163, ""mae"": 0.6529187958229316, ""num_samples"": 5325, ""eval_clip"": true, ""min_rating"": 1.0, ""max_rating"": 5.0, ""unclipped_prediction_min"": 1.9177720546722412, ""unclipped_prediction_max"": 5.088802337646484, ""clipped_prediction_min"": 1.9177720546722412, ""clipped_prediction_max"": 5.0, ""label_min"": 1.0, ""label_max"": 5.0, ""rating_mean"": 4.317183017730713, ""rating_std"": 0.9550731778144836, ""rating_distribution"": {""1.0"": 126, ""2.0"": 194, ""3.0"": 514, ""4.0"": 1522, ""5.0"": 2969}, ""pred_mean"": 4.320258490513188, ""pred_std"": 0.39965457137665783, ""pred_min"": 1.9177720546722412, ""pred_max"": 5.0, ""abs_error_mean"": 0.6529187958229316, ""abs_error_p90"": 1.3174285411834716, ""abs_error_p95"": 1.758664703369141, ""abs_error_p99"": 3.1825912475585967, ""abs_error_max"": 3.8218774795532227, ""mean_gate"": 0.04010453447699547, ""std_gate"": 0.05833788961172104, ""mean_p_inc"": 0.9598954916000366, ""std_p_inc"": 0.05833788961172104, ""mean_alignment"": -0.606132447719574, ""std_alignment"": 0.21467971801757812, ""mean_intent_entropy"": 1.5008702278137207, ""mean_empty_history_ratio"": 0.0, ""history_source_ratio"": 1.0, ""low_alignment_rmse"": 0.8020547032356262, ""low_alignment_mae"": 0.628105878829956, ""low_alignment_count"": 1065.0, ""mid_alignment_rmse"": 0.8035100698471069, ""mid_alignment_mae"": 0.5899792909622192, ""mid_alignment_count"": 3195.0, ""high_alignment_rmse"": 1.0895650386810303, ""high_alignment_mae"": 0.8665502071380615, ""high_alignment_count"": 1065.0, ""best_valid_metric"": 0.8152941732626648}",
round2_loss.lambda_rating_0.5,ok,0,"{""training.lr"": 0.0005, ""training.weight_decay"": 0.0001, ""training.grad_clip"": 1.0, ""model.d_id"": 64, ""model.d_model"": 128, ""model.num_layers"": 1, ""model.num_intents"": 5, ""model.eta"": 0.6, ""model.dropout"": 0.1, ""model.tau_p"": 0.2, ""model.gate_alpha"": 5.0, ""model.history_top_k"": 10, ""loss.lambda_rating"": 0.5, ""loss.lambda_align"": 0.1, ""loss.lambda_sep"": 0.05, ""loss.lambda_recon"": 0.2}",/home/infolab/mnt/mingyu/review_rec/rating4review/results/iard_rm_42_Amazon_Office_Products_14_20260515_215918_055482/test_results.json,0.8694867105458115,,,"{""mse"": 0.7560071398157757, ""rmse"": 0.8694867105458115, ""mae"": 0.650903177709087, ""num_samples"": 5325, ""eval_clip"": true, ""min_rating"": 1.0, ""max_rating"": 5.0, ""unclipped_prediction_min"": 1.922579050064087, ""unclipped_prediction_max"": 5.046481609344482, ""clipped_prediction_min"": 1.922579050064087, ""clipped_prediction_max"": 5.0, ""label_min"": 1.0, ""label_max"": 5.0, ""rating_mean"": 4.317183017730713, ""rating_std"": 0.9550731778144836, ""rating_distribution"": {""1.0"": 126, ""2.0"": 194, ""3.0"": 514, ""4.0"": 1522, ""5.0"": 2969}, ""pred_mean"": 4.334483013287397, ""pred_std"": 0.40366084304725364, ""pred_min"": 1.922579050064087, ""pred_max"": 5.0, ""abs_error_mean"": 0.650903177709087, ""abs_error_p90"": 1.3361359596252445, ""abs_error_p95"": 1.7840920448303228, ""abs_error_p99"": 3.154316329956055, ""abs_error_max"": 3.8561182022094727, ""mean_gate"": 0.03914230689406395, ""std_gate"": 0.049062568694353104, ""mean_p_inc"": 0.9608577489852905, ""std_p_inc"": 0.0490625724196434, ""mean_alignment"": -0.594779908657074, ""std_alignment"": 0.1972322016954422, ""mean_intent_entropy"": 1.4856209754943848, ""mean_empty_history_ratio"": 0.0, ""history_source_ratio"": 1.0, ""low_alignment_rmse"": 0.8620156049728394, ""low_alignment_mae"": 0.6768819689750671, ""low_alignment_count"": 1065.0, ""mid_alignment_rmse"": 0.8249313235282898, ""mid_alignment_mae"": 0.6125796437263489, ""mid_alignment_count"": 3195.0, ""high_alignment_rmse"": 0.9977123141288757, ""high_alignment_mae"": 0.7398949265480042, ""high_alignment_count"": 1065.0, ""best_valid_metric"": 0.8153107611998159}",
round2_loss.lambda_rating_1.0,ok,0,"{""training.lr"": 0.0005, ""training.weight_decay"": 0.0001, ""training.grad_clip"": 1.0, ""model.d_id"": 64, ""model.d_model"": 128, ""model.num_layers"": 1, ""model.num_intents"": 5, ""model.eta"": 0.6, ""model.dropout"": 0.1, ""model.tau_p"": 0.2, ""model.gate_alpha"": 5.0, ""model.history_top_k"": 10, ""loss.lambda_rating"": 1.0, ""loss.lambda_align"": 0.1, ""loss.lambda_sep"": 0.05, ""loss.lambda_recon"": 0.2}",/home/infolab/mnt/mingyu/review_rec/rating4review/results/iard_rm_42_Amazon_Office_Products_14_20260515_220455_687285/test_results.json,0.866530993171611,,,"{""mse"": 0.7508759621269785, ""rmse"": 0.866530993171611, ""mae"": 0.6490992375494729, ""num_samples"": 5325, ""eval_clip"": true, ""min_rating"": 1.0, ""max_rating"": 5.0, ""unclipped_prediction_min"": 1.6392929553985596, ""unclipped_prediction_max"": 5.04294490814209, ""clipped_prediction_min"": 1.6392929553985596, ""clipped_prediction_max"": 5.0, ""label_min"": 1.0, ""label_max"": 5.0, ""rating_mean"": 4.317183017730713, ""rating_std"": 0.9550731778144836, ""rating_distribution"": {""1.0"": 126, ""2.0"": 194, ""3.0"": 514, ""4.0"": 1522, ""5.0"": 2969}, ""pred_mean"": 4.330385143521806, ""pred_std"": 0.40937306335811524, ""pred_min"": 1.6392929553985596, ""pred_max"": 5.0, ""abs_error_mean"": 0.6490992375494729, ""abs_error_p90"": 1.340737771987915, ""abs_error_p95"": 1.7690070152282715, ""abs_error_p99"": 3.1512932777404807, ""abs_error_max"": 3.7713513374328613, ""mean_gate"": 0.07007718086242676, ""std_gate"": 0.074540875852108, ""mean_p_inc"": 0.929922878742218, ""std_p_inc"": 0.074540875852108, ""mean_alignment"": -0.4861924946308136, ""std_alignment"": 0.26343560218811035, ""mean_intent_entropy"": 1.4668790102005005, ""mean_empty_history_ratio"": 0.0, ""history_source_ratio"": 1.0, ""low_alignment_rmse"": 0.965853214263916, ""low_alignment_mae"": 0.7390901446342468, ""low_alignment_count"": 1065.0, ""mid_alignment_rmse"": 0.8951380252838135, ""mid_alignment_mae"": 0.6932983994483948, ""mid_alignment_count"": 3195.0, ""high_alignment_rmse"": 0.6462903618812561, ""high_alignment_mae"": 0.426510751247406, ""high_alignment_count"": 1065.0, ""best_valid_metric"": 0.814315243963708}",
round2_loss.lambda_align_0.05,ok,0,"{""training.lr"": 0.0005, ""training.weight_decay"": 0.0001, ""training.grad_clip"": 1.0, ""model.d_id"": 64, ""model.d_model"": 128, ""model.num_layers"": 1, ""model.num_intents"": 5, ""model.eta"": 0.6, ""model.dropout"": 0.1, ""model.tau_p"": 0.2, ""model.gate_alpha"": 5.0, ""model.history_top_k"": 10, ""loss.lambda_rating"": 2.0, ""loss.lambda_align"": 0.05, ""loss.lambda_sep"": 0.05, ""loss.lambda_recon"": 0.2}",/home/infolab/mnt/mingyu/review_rec/rating4review/results/iard_rm_42_Amazon_Office_Products_14_20260515_220925_988667/test_results.json,0.86621721906461,,,"{""mse"": 0.7503322706040266, ""rmse"": 0.86621721906461, ""mae"": 0.6505576251929914, ""num_samples"": 5325, ""eval_clip"": true, ""min_rating"": 1.0, ""max_rating"": 5.0, ""unclipped_prediction_min"": 1.6976354122161865, ""unclipped_prediction_max"": 5.019065856933594, ""clipped_prediction_min"": 1.6976354122161865, ""clipped_prediction_max"": 5.0, ""label_min"": 1.0, ""label_max"": 5.0, ""rating_mean"": 4.317183017730713, ""rating_std"": 0.9550731778144836, ""rating_distribution"": {""1.0"": 126, ""2.0"": 194, ""3.0"": 514, ""4.0"": 1522, ""5.0"": 2969}, ""pred_mean"": 4.3296265277056625, ""pred_std"": 0.40106398917274144, ""pred_min"": 1.6976354122161865, ""pred_max"": 5.0, ""abs_error_mean"": 0.6505576251929914, ""abs_error_p90"": 1.3363092422485354, ""abs_error_p95"": 1.7587539672851564, ""abs_error_p99"": 3.1587577819824224, ""abs_error_max"": 3.748931884765625, ""mean_gate"": 0.05535488203167915, ""std_gate"": 0.05949881672859192, ""mean_p_inc"": 0.94464510679245, ""std_p_inc"": 0.05949881672859192, ""mean_alignment"": -0.5362554788589478, ""std_alignment"": 0.24460691213607788, ""mean_intent_entropy"": 1.3906688690185547, ""mean_empty_history_ratio"": 0.0, ""history_source_ratio"": 1.0, ""low_alignment_rmse"": 0.9739723205566406, ""low_alignment_mae"": 0.7506070137023926, ""low_alignment_count"": 1065.0, ""mid_alignment_rmse"": 0.889062762260437, ""mid_alignment_mae"": 0.6860780119895935, ""mid_alignment_count"": 3195.0, ""high_alignment_rmse"": 0.6570704579353333, ""high_alignment_mae"": 0.44394707679748535, ""high_alignment_count"": 1065.0, ""best_valid_metric"": 0.8156193860012351}",
round2_loss.lambda_align_0.2,ok,0,"{""training.lr"": 0.0005, ""training.weight_decay"": 0.0001, ""training.grad_clip"": 1.0, ""model.d_id"": 64, ""model.d_model"": 128, ""model.num_layers"": 1, ""model.num_intents"": 5, ""model.eta"": 0.6, ""model.dropout"": 0.1, ""model.tau_p"": 0.2, ""model.gate_alpha"": 5.0, ""model.history_top_k"": 10, ""loss.lambda_rating"": 2.0, ""loss.lambda_align"": 0.2, ""loss.lambda_sep"": 0.05, ""loss.lambda_recon"": 0.2}",/home/infolab/mnt/mingyu/review_rec/rating4review/results/iard_rm_42_Amazon_Office_Products_14_20260515_221527_519637/test_results.json,0.8662121874820773,,,"{""mse"": 0.7503235537424855, ""rmse"": 0.8662121874820773, ""mae"": 0.650521104615619, ""num_samples"": 5325, ""eval_clip"": true, ""min_rating"": 1.0, ""max_rating"": 5.0, ""unclipped_prediction_min"": 1.655622959136963, ""unclipped_prediction_max"": 5.018120288848877, ""clipped_prediction_min"": 1.655622959136963, ""clipped_prediction_max"": 5.0, ""label_min"": 1.0, ""label_max"": 5.0, ""rating_mean"": 4.317183017730713, ""rating_std"": 0.9550731778144836, ""rating_distribution"": {""1.0"": 126, ""2.0"": 194, ""3.0"": 514, ""4.0"": 1522, ""5.0"": 2969}, ""pred_mean"": 4.329434885956312, ""pred_std"": 0.40226136671125295, ""pred_min"": 1.655622959136963, ""pred_max"": 5.0, ""abs_error_mean"": 0.650521104615619, ""abs_error_p90"": 1.3377859115600588, ""abs_error_p95"": 1.7593953609466553, ""abs_error_p99"": 3.1585458755493194, ""abs_error_max"": 3.749298095703125, ""mean_gate"": 0.05492781102657318, ""std_gate"": 0.058995768427848816, ""mean_p_inc"": 0.9450721740722656, ""std_p_inc"": 0.058995768427848816, ""mean_alignment"": -0.5372123718261719, ""std_alignment"": 0.24321039021015167, ""mean_intent_entropy"": 1.3825334310531616, ""mean_empty_history_ratio"": 0.0, ""history_source_ratio"": 1.0, ""low_alignment_rmse"": 0.9709382057189941, ""low_alignment_mae"": 0.7471404671669006, ""low_alignment_count"": 1065.0, ""mid_alignment_rmse"": 0.8947558999061584, ""mid_alignment_mae"": 0.689264178276062, ""mid_alignment_count"": 3195.0, ""high_alignment_rmse"": 0.6380692720413208, ""high_alignment_mae"": 0.43767255544662476, ""high_alignment_count"": 1065.0, ""best_valid_metric"": 0.8155085738723082}",
round2_loss.lambda_sep_0.01,ok,0,"{""training.lr"": 0.0005, ""training.weight_decay"": 0.0001, ""training.grad_clip"": 1.0, ""model.d_id"": 64, ""model.d_model"": 128, ""model.num_layers"": 1, ""model.num_intents"": 5, ""model.eta"": 0.6, ""model.dropout"": 0.1, ""model.tau_p"": 0.2, ""model.gate_alpha"": 5.0, ""model.history_top_k"": 10, ""loss.lambda_rating"": 2.0, ""loss.lambda_align"": 0.1, ""loss.lambda_sep"": 0.01, ""loss.lambda_recon"": 0.2}",/home/infolab/mnt/mingyu/review_rec/rating4review/results/iard_rm_42_Amazon_Office_Products_14_20260515_222154_197125/test_results.json,0.8662172547667679,,,"{""mse"": 0.7503323324556757, ""rmse"": 0.8662172547667679, ""mae"": 0.6505572268884506, ""num_samples"": 5325, ""eval_clip"": true, ""min_rating"": 1.0, ""max_rating"": 5.0, ""unclipped_prediction_min"": 1.6976699829101562, ""unclipped_prediction_max"": 5.019067287445068, ""clipped_prediction_min"": 1.6976699829101562, ""clipped_prediction_max"": 5.0, ""label_min"": 1.0, ""label_max"": 5.0, ""rating_mean"": 4.317183017730713, ""rating_std"": 0.9550731778144836, ""rating_distribution"": {""1.0"": 126, ""2.0"": 194, ""3.0"": 514, ""4.0"": 1522, ""5.0"": 2969}, ""pred_mean"": 4.329630124714453, ""pred_std"": 0.401061002103842, ""pred_min"": 1.6976699829101562, ""pred_max"": 5.0, ""abs_error_mean"": 0.6505572268884506, ""abs_error_p90"": 1.3362957000732425, ""abs_error_p95"": 1.7587547779083252, ""abs_error_p99"": 3.1587637138366707, ""abs_error_max"": 3.7489328384399414, ""mean_gate"": 0.055356163531541824, ""std_gate"": 0.0595003217458725, ""mean_p_inc"": 0.9446438550949097, ""std_p_inc"": 0.0595003217458725, ""mean_alignment"": -0.5362522006034851, ""std_alignment"": 0.24461059272289276, ""mean_intent_entropy"": 1.3906787633895874, ""mean_empty_history_ratio"": 0.0, ""history_source_ratio"": 1.0, ""low_alignment_rmse"": 0.9739722609519958, ""low_alignment_mae"": 0.750606894493103, ""low_alignment_count"": 1065.0, ""mid_alignment_rmse"": 0.8890628218650818, ""mid_alignment_mae"": 0.6860774755477905, ""mid_alignment_count"": 3195.0, ""high_alignment_rmse"": 0.6570702195167542, ""high_alignment_mae"": 0.44394686818122864, ""high_alignment_count"": 1065.0, ""best_valid_metric"": 0.8156195476726359}",
round2_loss.lambda_sep_0.1,ok,0,"{""training.lr"": 0.0005, ""training.weight_decay"": 0.0001, ""training.grad_clip"": 1.0, ""model.d_id"": 64, ""model.d_model"": 128, ""model.num_layers"": 1, ""model.num_intents"": 5, ""model.eta"": 0.6, ""model.dropout"": 0.1, ""model.tau_p"": 0.2, ""model.gate_alpha"": 5.0, ""model.history_top_k"": 10, ""loss.lambda_rating"": 2.0, ""loss.lambda_align"": 0.1, ""loss.lambda_sep"": 0.1, ""loss.lambda_recon"": 0.2}",/home/infolab/mnt/mingyu/review_rec/rating4review/results/iard_rm_42_Amazon_Office_Products_14_20260515_222733_598275/test_results.json,0.866217332903102,,,"{""mse"": 0.7503324678217634, ""rmse"": 0.866217332903102, ""mae"": 0.6504848406796164, ""num_samples"": 5325, ""eval_clip"": true, ""min_rating"": 1.0, ""max_rating"": 5.0, ""unclipped_prediction_min"": 1.6759164333343506, ""unclipped_prediction_max"": 5.017877578735352, ""clipped_prediction_min"": 1.6759164333343506, ""clipped_prediction_max"": 5.0, ""label_min"": 1.0, ""label_max"": 5.0, ""rating_mean"": 4.317183017730713, ""rating_std"": 0.9550731778144836, ""rating_distribution"": {""1.0"": 126, ""2.0"": 194, ""3.0"": 514, ""4.0"": 1522, ""5.0"": 2969}, ""pred_mean"": 4.329646811328583, ""pred_std"": 0.4017049026368202, ""pred_min"": 1.6759164333343506, ""pred_max"": 5.0, ""abs_error_mean"": 0.6504848406796164, ""abs_error_p90"": 1.3376420974731449, ""abs_error_p95"": 1.7578561782836915, ""abs_error_p99"": 3.1599352264404312, ""abs_error_max"": 3.748973846435547, ""mean_gate"": 0.05517108738422394, ""std_gate"": 0.05932152643799782, ""mean_p_inc"": 0.9448288679122925, ""std_p_inc"": 0.05932152643799782, ""mean_alignment"": -0.536783754825592, ""std_alignment"": 0.24411319196224213, ""mean_intent_entropy"": 1.3790236711502075, ""mean_empty_history_ratio"": 0.0, ""history_source_ratio"": 1.0, ""low_alignment_rmse"": 0.972890317440033, ""low_alignment_mae"": 0.749428927898407, ""low_alignment_count"": 1065.0, ""mid_alignment_rmse"": 0.8899219036102295, ""mid_alignment_mae"": 0.6864778995513916, ""mid_alignment_count"": 3195.0, ""high_alignment_rmse"": 0.6551823616027832, ""high_alignment_mae"": 0.4435616731643677, ""high_alignment_count"": 1065.0, ""best_valid_metric"": 0.815543358669779}",
round2_loss.lambda_recon_0.05,ok,0,"{""training.lr"": 0.0005, ""training.weight_decay"": 0.0001, ""training.grad_clip"": 1.0, ""model.d_id"": 64, ""model.d_model"": 128, ""model.num_layers"": 1, ""model.num_intents"": 5, ""model.eta"": 0.6, ""model.dropout"": 0.1, ""model.tau_p"": 0.2, ""model.gate_alpha"": 5.0, ""model.history_top_k"": 10, ""loss.lambda_rating"": 2.0, ""loss.lambda_align"": 0.1, ""loss.lambda_sep"": 0.05, ""loss.lambda_recon"": 0.05}",/home/infolab/mnt/mingyu/review_rec/rating4review/results/iard_rm_42_Amazon_Office_Products_14_20260515_223336_002521/test_results.json,0.8661952549871236,,,"{""mse"": 0.7502942197622081, ""rmse"": 0.8661952549871236, ""mae"": 0.650670919418335, ""num_samples"": 5325, ""eval_clip"": true, ""min_rating"": 1.0, ""max_rating"": 5.0, ""unclipped_prediction_min"": 1.6963796615600586, ""unclipped_prediction_max"": 5.017788887023926, ""clipped_prediction_min"": 1.6963796615600586, ""clipped_prediction_max"": 5.0, ""label_min"": 1.0, ""label_max"": 5.0, ""rating_mean"": 4.317183017730713, ""rating_std"": 0.9550731778144836, ""rating_distribution"": {""1.0"": 126, ""2.0"": 194, ""3.0"": 514, ""4.0"": 1522, ""5.0"": 2969}, ""pred_mean"": 4.329229569905241, ""pred_std"": 0.4008872353811397, ""pred_min"": 1.6963796615600586, ""pred_max"": 5.0, ""abs_error_mean"": 0.650670919418335, ""abs_error_p90"": 1.3362993240356449, ""abs_error_p95"": 1.7576284885406495, ""abs_error_p99"": 3.158762149810792, ""abs_error_max"": 3.7486839294433594, ""mean_gate"": 0.05518985539674759, ""std_gate"": 0.05924262851476669, ""mean_p_inc"": 0.9448100924491882, ""std_p_inc"": 0.05924262851476669, ""mean_alignment"": -0.5364934206008911, ""std_alignment"": 0.24393753707408905, ""mean_intent_entropy"": 1.3756237030029297, ""mean_empty_history_ratio"": 0.0, ""history_source_ratio"": 1.0, ""low_alignment_rmse"": 0.9734755754470825, ""low_alignment_mae"": 0.7501153349876404, ""low_alignment_count"": 1065.0, ""mid_alignment_rmse"": 0.8891872763633728, ""mid_alignment_mae"": 0.6862565875053406, ""mid_alignment_count"": 3195.0, ""high_alignment_rmse"": 0.657156229019165, ""high_alignment_mae"": 0.44446948170661926, ""high_alignment_count"": 1065.0, ""best_valid_metric"": 0.8156428743542404}",
round2_loss.lambda_recon_0.1,ok,0,"{""training.lr"": 0.0005, ""training.weight_decay"": 0.0001, ""training.grad_clip"": 1.0, ""model.d_id"": 64, ""model.d_model"": 128, ""model.num_layers"": 1, ""model.num_intents"": 5, ""model.eta"": 0.6, ""model.dropout"": 0.1, ""model.tau_p"": 0.2, ""model.gate_alpha"": 5.0, ""model.history_top_k"": 10, ""loss.lambda_rating"": 2.0, ""loss.lambda_align"": 0.1, ""loss.lambda_sep"": 0.05, ""loss.lambda_recon"": 0.1}",/home/infolab/mnt/mingyu/review_rec/rating4review/results/iard_rm_42_Amazon_Office_Products_14_20260515_224001_532718/test_results.json,0.8661914488454412,,,"{""mse"": 0.7502876260529645, ""rmse"": 0.8661914488454412, ""mae"": 0.650561087836682, ""num_samples"": 5325, ""eval_clip"": true, ""min_rating"": 1.0, ""max_rating"": 5.0, ""unclipped_prediction_min"": 1.6752793788909912, ""unclipped_prediction_max"": 5.017951011657715, ""clipped_prediction_min"": 1.6752793788909912, ""clipped_prediction_max"": 5.0, ""label_min"": 1.0, ""label_max"": 5.0, ""rating_mean"": 4.317183017730713, ""rating_std"": 0.9550731778144836, ""rating_distribution"": {""1.0"": 126, ""2.0"": 194, ""3.0"": 514, ""4.0"": 1522, ""5.0"": 2969}, ""pred_mean"": 4.32933129624022, ""pred_std"": 0.4015700462216275, ""pred_min"": 1.6752793788909912, ""pred_max"": 5.0, ""abs_error_mean"": 0.650561087836682, ""abs_error_p90"": 1.3367403030395508, ""abs_error_p95"": 1.7575107097625733, ""abs_error_p99"": 3.1596521377563493, ""abs_error_max"": 3.7487120628356934, ""mean_gate"": 0.05506574735045433, ""std_gate"": 0.05912480875849724, ""mean_p_inc"": 0.9449342489242554, ""std_p_inc"": 0.05912480875849724, ""mean_alignment"": -0.5368219017982483, ""std_alignment"": 0.24356092512607574, ""mean_intent_entropy"": 1.376962423324585, ""mean_empty_history_ratio"": 0.0, ""history_source_ratio"": 1.0, ""low_alignment_rmse"": 0.9741010665893555, ""low_alignment_mae"": 0.7511937022209167, ""low_alignment_count"": 1065.0, ""mid_alignment_rmse"": 0.8882390856742859, ""mid_alignment_mae"": 0.6852138638496399, ""mid_alignment_count"": 3195.0, ""high_alignment_rmse"": 0.6600447297096252, ""high_alignment_mae"": 0.4459702968597412, ""high_alignment_count"": 1065.0, ""best_valid_metric"": 0.8155579403133177}",
round3_training.lr_0.0001,ok,0,"{""training.lr"": 0.0001, ""training.weight_decay"": 0.0001, ""training.grad_clip"": 1.0, ""model.d_id"": 64, ""model.d_model"": 128, ""model.num_layers"": 1, ""model.num_intents"": 5, ""model.eta"": 0.6, ""model.dropout"": 0.1, ""model.tau_p"": 0.2, ""model.gate_alpha"": 5.0, ""model.history_top_k"": 10, ""loss.lambda_rating"": 2.0, ""loss.lambda_align"": 0.1, ""loss.lambda_sep"": 0.05, ""loss.lambda_recon"": 0.2}",/home/infolab/mnt/mingyu/review_rec/rating4review/results/iard_rm_42_Amazon_Office_Products_14_20260515_224624_947007/test_results.json,0.8713265393410958,,,"{""mse"": 0.7592099381601302, ""rmse"": 0.8713265393410958, ""mae"": 0.6477914756452533, ""num_samples"": 5325, ""eval_clip"": true, ""min_rating"": 1.0, ""max_rating"": 5.0, ""unclipped_prediction_min"": 2.9480011463165283, ""unclipped_prediction_max"": 5.085142612457275, ""clipped_prediction_min"": 2.9480011463165283, ""clipped_prediction_max"": 5.0, ""label_min"": 1.0, ""label_max"": 5.0, ""rating_mean"": 4.317183017730713, ""rating_std"": 0.9550731778144836, ""rating_distribution"": {""1.0"": 126, ""2.0"": 194, ""3.0"": 514, ""4.0"": 1522, ""5.0"": 2969}, ""pred_mean"": 4.3176437847155364, ""pred_std"": 0.3956605328966775, ""pred_min"": 2.9480011463165283, ""pred_max"": 5.0, ""abs_error_mean"": 0.6477914756452533, ""abs_error_p90"": 1.315758323669434, ""abs_error_p95"": 1.7521096229553224, ""abs_error_p99"": 3.0323822402954104, ""abs_error_max"": 3.8473033905029297, ""mean_gate"": 0.2894381880760193, ""std_gate"": 0.10849745571613312, ""mean_p_inc"": 0.7105618119239807, ""std_p_inc"": 0.10849745571613312, ""mean_alignment"": 0.07156924158334732, ""std_alignment"": 0.21075314283370972, ""mean_intent_entropy"": 1.5872523784637451, ""mean_empty_history_ratio"": 0.0, ""history_source_ratio"": 1.0, ""low_alignment_rmse"": 1.0718200206756592, ""low_alignment_mae"": 0.8555305004119873, ""low_alignment_count"": 1065.0, ""mid_alignment_rmse"": 0.8566240668296814, ""mid_alignment_mae"": 0.6589756011962891, ""mid_alignment_count"": 3195.0, ""high_alignment_rmse"": 0.6677103042602539, ""high_alignment_mae"": 0.40650004148483276, ""high_alignment_count"": 1065.0, ""best_valid_metric"": 0.8259652854240864}",
round3_training.lr_0.0002,ok,0,"{""training.lr"": 0.0002, ""training.weight_decay"": 0.0001, ""training.grad_clip"": 1.0, ""model.d_id"": 64, ""model.d_model"": 128, ""model.num_layers"": 1, ""model.num_intents"": 5, ""model.eta"": 0.6, ""model.dropout"": 0.1, ""model.tau_p"": 0.2, ""model.gate_alpha"": 5.0, ""model.history_top_k"": 10, ""loss.lambda_rating"": 2.0, ""loss.lambda_align"": 0.1, ""loss.lambda_sep"": 0.05, ""loss.lambda_recon"": 0.2}",/home/infolab/mnt/mingyu/review_rec/rating4review/results/iard_rm_42_Amazon_Office_Products_14_20260515_225301_118097/test_results.json,0.8731609112789386,,,"{""mse"": 0.7624099769854665, ""rmse"": 0.8731609112789386, ""mae"": 0.6665251543824102, ""num_samples"": 5325, ""eval_clip"": true, ""min_rating"": 1.0, ""max_rating"": 5.0, ""unclipped_prediction_min"": 2.200791120529175, ""unclipped_prediction_max"": 4.928754806518555, ""clipped_prediction_min"": 2.200791120529175, ""clipped_prediction_max"": 4.928754806518555, ""label_min"": 1.0, ""label_max"": 5.0, ""rating_mean"": 4.317183017730713, ""rating_std"": 0.9550731778144836, ""rating_distribution"": {""1.0"": 126, ""2.0"": 194, ""3.0"": 514, ""4.0"": 1522, ""5.0"": 2969}, ""pred_mean"": 4.284364797565299, ""pred_std"": 0.41512043329621023, ""pred_min"": 2.200791120529175, ""pred_max"": 4.928754806518555, ""abs_error_mean"": 0.6665251543824102, ""abs_error_p90"": 1.3537714004516606, ""abs_error_p95"": 1.7523710727691653, ""abs_error_p99"": 3.182832031250001, ""abs_error_max"": 3.6976046562194824, ""mean_gate"": 0.09994658827781677, ""std_gate"": 0.09329085052013397, ""mean_p_inc"": 0.9000534415245056, ""std_p_inc"": 0.09329084306955338, ""mean_alignment"": -0.3546314835548401, ""std_alignment"": 0.24137210845947266, ""mean_intent_entropy"": 1.5380059480667114, ""mean_empty_history_ratio"": 0.0, ""history_source_ratio"": 1.0, ""low_alignment_rmse"": 0.7088847160339355, ""low_alignment_mae"": 0.4874293804168701, ""low_alignment_count"": 1065.0, ""mid_alignment_rmse"": 0.842370867729187, ""mid_alignment_mae"": 0.6541098356246948, ""mid_alignment_count"": 3195.0, ""high_alignment_rmse"": 1.0866305828094482, ""high_alignment_mae"": 0.8828666806221008, ""high_alignment_count"": 1065.0, ""best_valid_metric"": 0.8210649463239006}",
round3_training.lr_0.001,ok,0,"{""training.lr"": 0.001, ""training.weight_decay"": 0.0001, ""training.grad_clip"": 1.0, ""model.d_id"": 64, ""model.d_model"": 128, ""model.num_layers"": 1, ""model.num_intents"": 5, ""model.eta"": 0.6, ""model.dropout"": 0.1, ""model.tau_p"": 0.2, ""model.gate_alpha"": 5.0, ""model.history_top_k"": 10, ""loss.lambda_rating"": 2.0, ""loss.lambda_align"": 0.1, ""loss.lambda_sep"": 0.05, ""loss.lambda_recon"": 0.2}",/home/infolab/mnt/mingyu/review_rec/rating4review/results/iard_rm_42_Amazon_Office_Products_14_20260515_225850_795721/test_results.json,0.8684657790151575,,,"{""mse"": 0.7542328093204045, ""rmse"": 0.8684657790151575, ""mae"": 0.6555268006929209, ""num_samples"": 5325, ""eval_clip"": true, ""min_rating"": 1.0, ""max_rating"": 5.0, ""unclipped_prediction_min"": 1.8513338565826416, ""unclipped_prediction_max"": 4.979083061218262, ""clipped_prediction_min"": 1.8513338565826416, ""clipped_prediction_max"": 4.979083061218262, ""label_min"": 1.0, ""label_max"": 5.0, ""rating_mean"": 4.317183017730713, ""rating_std"": 0.9550731778144836, ""rating_distribution"": {""1.0"": 126, ""2.0"": 194, ""3.0"": 514, ""4.0"": 1522, ""5.0"": 2969}, ""pred_mean"": 4.333536661040615, ""pred_std"": 0.37997792798719415, ""pred_min"": 1.8513338565826416, ""pred_max"": 4.979083061218262, ""abs_error_mean"": 0.6555268006929209, ""abs_error_p90"": 1.3418601989746095, ""abs_error_p95"": 1.7836605072021485, ""abs_error_p99"": 3.2160725212097194, ""abs_error_max"": 3.7484941482543945, ""mean_gate"": 0.06331165134906769, ""std_gate"": 0.069520004093647, ""mean_p_inc"": 0.9366883039474487, ""std_p_inc"": 0.069520004093647, ""mean_alignment"": -0.5283481478691101, ""std_alignment"": 0.27838972210884094, ""mean_intent_entropy"": 1.2711971998214722, ""mean_empty_history_ratio"": 0.0, ""history_source_ratio"": 1.0, ""low_alignment_rmse"": 0.9602418541908264, ""low_alignment_mae"": 0.7333735823631287, ""low_alignment_count"": 1065.0, ""mid_alignment_rmse"": 0.8929436802864075, ""mid_alignment_mae"": 0.6897612810134888, ""mid_alignment_count"": 3195.0, ""high_alignment_rmse"": 0.6760581135749817, ""high_alignment_mae"": 0.474976509809494, ""high_alignment_count"": 1065.0, ""best_valid_metric"": 0.8183032113066139}",
round3_training.weight_decay_0.0,ok,0,"{""training.lr"": 0.0005, ""training.weight_decay"": 0.0, ""training.grad_clip"": 1.0, ""model.d_id"": 64, ""model.d_model"": 128, ""model.num_layers"": 1, ""model.num_intents"": 5, ""model.eta"": 0.6, ""model.dropout"": 0.1, ""model.tau_p"": 0.2, ""model.gate_alpha"": 5.0, ""model.history_top_k"": 10, ""loss.lambda_rating"": 2.0, ""loss.lambda_align"": 0.1, ""loss.lambda_sep"": 0.05, ""loss.lambda_recon"": 0.2}",/home/infolab/mnt/mingyu/review_rec/rating4review/results/iard_rm_42_Amazon_Office_Products_14_20260515_230531_980815/test_results.json,0.8662923337891824,,,"{""mse"": 0.7504624075819081, ""rmse"": 0.8662923337891824, ""mae"": 0.6442949251165973, ""num_samples"": 5325, ""eval_clip"": true, ""min_rating"": 1.0, ""max_rating"": 5.0, ""unclipped_prediction_min"": 1.5472121238708496, ""unclipped_prediction_max"": 5.058593273162842, ""clipped_prediction_min"": 1.5472121238708496, ""clipped_prediction_max"": 5.0, ""label_min"": 1.0, ""label_max"": 5.0, ""rating_mean"": 4.317183017730713, ""rating_std"": 0.9550731778144836, ""rating_distribution"": {""1.0"": 126, ""2.0"": 194, ""3.0"": 514, ""4.0"": 1522, ""5.0"": 2969}, ""pred_mean"": 4.342358598485239, ""pred_std"": 0.41158975196833025, ""pred_min"": 1.5472121238708496, ""pred_max"": 5.0, ""abs_error_mean"": 0.6442949251165973, ""abs_error_p90"": 1.341798114776612, ""abs_error_p95"": 1.762278366088868, ""abs_error_p99"": 3.1686204338073765, ""abs_error_max"": 3.777909278869629, ""mean_gate"": 0.0613238625228405, ""std_gate"": 0.06358033418655396, ""mean_p_inc"": 0.938676118850708, ""std_p_inc"": 0.06358033418655396, ""mean_alignment"": -0.4909922480583191, ""std_alignment"": 0.2325935661792755, ""mean_intent_entropy"": 1.2397785186767578, ""mean_empty_history_ratio"": 0.0, ""history_source_ratio"": 1.0, ""low_alignment_rmse"": 0.970932126045227, ""low_alignment_mae"": 0.7488462328910828, ""low_alignment_count"": 1065.0, ""mid_alignment_rmse"": 0.889194130897522, ""mid_alignment_mae"": 0.6836174130439758, ""mid_alignment_count"": 3195.0, ""high_alignment_rmse"": 0.6615166664123535, ""high_alignment_mae"": 0.42177608609199524, ""high_alignment_count"": 1065.0, ""best_valid_metric"": 0.8149637893127619}",
round3_training.weight_decay_1e-06,ok,0,"{""training.lr"": 0.0005, ""training.weight_decay"": 1e-06, ""training.grad_clip"": 1.0, ""model.d_id"": 64, ""model.d_model"": 128, ""model.num_layers"": 1, ""model.num_intents"": 5, ""model.eta"": 0.6, ""model.dropout"": 0.1, ""model.tau_p"": 0.2, ""model.gate_alpha"": 5.0, ""model.history_top_k"": 10, ""loss.lambda_rating"": 2.0, ""loss.lambda_align"": 0.1, ""loss.lambda_sep"": 0.05, ""loss.lambda_recon"": 0.2}",/home/infolab/mnt/mingyu/review_rec/rating4review/results/iard_rm_42_Amazon_Office_Products_14_20260515_231154_892154/test_results.json,0.8666012317292653,,,"{""mse"": 0.7509976948346798, ""rmse"": 0.8666012317292653, ""mae"": 0.6460794211105562, ""num_samples"": 5325, ""eval_clip"": true, ""min_rating"": 1.0, ""max_rating"": 5.0, ""unclipped_prediction_min"": 1.3966484069824219, ""unclipped_prediction_max"": 5.046150207519531, ""clipped_prediction_min"": 1.3966484069824219, ""clipped_prediction_max"": 5.0, ""label_min"": 1.0, ""label_max"": 5.0, ""rating_mean"": 4.317183017730713, ""rating_std"": 0.9550731778144836, ""rating_distribution"": {""1.0"": 126, ""2.0"": 194, ""3.0"": 514, ""4.0"": 1522, ""5.0"": 2969}, ""pred_mean"": 4.3343564320506065, ""pred_std"": 0.4145569792512079, ""pred_min"": 1.3966484069824219, ""pred_max"": 5.0, ""abs_error_mean"": 0.6460794211105562, ""abs_error_p90"": 1.3338565826416018, ""abs_error_p95"": 1.7567172050476076, ""abs_error_p99"": 3.166951560974124, ""abs_error_max"": 3.826831340789795, ""mean_gate"": 0.04419449716806412, ""std_gate"": 0.045136239379644394, ""mean_p_inc"": 0.9558054804801941, ""std_p_inc"": 0.045136239379644394, ""mean_alignment"": -0.549605667591095, ""std_alignment"": 0.19908732175827026, ""mean_intent_entropy"": 1.294407606124878, ""mean_empty_history_ratio"": 0.0, ""history_source_ratio"": 1.0, ""low_alignment_rmse"": 0.9546733498573303, ""low_alignment_mae"": 0.7294007539749146, ""low_alignment_count"": 1065.0, ""mid_alignment_rmse"": 0.8865743279457092, ""mid_alignment_mae"": 0.6824831366539001, ""mid_alignment_count"": 3195.0, ""high_alignment_rmse"": 0.696810781955719, ""high_alignment_mae"": 0.45354703068733215, ""high_alignment_count"": 1065.0, ""best_valid_metric"": 0.8143253591853391}",
round3_training.weight_decay_1e-05,ok,0,"{""training.lr"": 0.0005, ""training.weight_decay"": 1e-05, ""training.grad_clip"": 1.0, ""model.d_id"": 64, ""model.d_model"": 128, ""model.num_layers"": 1, ""model.num_intents"": 5, ""model.eta"": 0.6, ""model.dropout"": 0.1, ""model.tau_p"": 0.2, ""model.gate_alpha"": 5.0, ""model.history_top_k"": 10, ""loss.lambda_rating"": 2.0, ""loss.lambda_align"": 0.1, ""loss.lambda_sep"": 0.05, ""loss.lambda_recon"": 0.2}",/home/infolab/mnt/mingyu/review_rec/rating4review/results/iard_rm_42_Amazon_Office_Products_14_20260515_231802_264619/test_results.json,0.8666862026960538,,,"{""mse"": 0.7511449739437052, ""rmse"": 0.8666862026960538, ""mae"": 0.6467471287507967, ""num_samples"": 5325, ""eval_clip"": true, ""min_rating"": 1.0, ""max_rating"": 5.0, ""unclipped_prediction_min"": 1.4250903129577637, ""unclipped_prediction_max"": 5.029294490814209, ""clipped_prediction_min"": 1.4250903129577637, ""clipped_prediction_max"": 5.0, ""label_min"": 1.0, ""label_max"": 5.0, ""rating_mean"": 4.317183017730713, ""rating_std"": 0.9550731778144836, ""rating_distribution"": {""1.0"": 126, ""2.0"": 194, ""3.0"": 514, ""4.0"": 1522, ""5.0"": 2969}, ""pred_mean"": 4.334123557363878, ""pred_std"": 0.41305823737694314, ""pred_min"": 1.4250903129577637, ""pred_max"": 5.0, ""abs_error_mean"": 0.6467471287507967, ""abs_error_p90"": 1.3340938568115237, ""abs_error_p95"": 1.7601576805114756, ""abs_error_p99"": 3.174881286621095, ""abs_error_max"": 3.806118965148926, ""mean_gate"": 0.040540359914302826, ""std_gate"": 0.042205680161714554, ""mean_p_inc"": 0.959459662437439, ""std_p_inc"": 0.04220568388700485, ""mean_alignment"": -0.5710837841033936, ""std_alignment"": 0.1980639398097992, ""mean_intent_entropy"": 1.3087177276611328, ""mean_empty_history_ratio"": 0.0, ""history_source_ratio"": 1.0, ""low_alignment_rmse"": 0.9554374814033508, ""low_alignment_mae"": 0.7318754196166992, ""low_alignment_count"": 1065.0, ""mid_alignment_rmse"": 0.8865957260131836, ""mid_alignment_mae"": 0.68184894323349, ""mid_alignment_count"": 3195.0, ""high_alignment_rmse"": 0.6962097883224487, ""high_alignment_mae"": 0.4563135504722595, ""high_alignment_count"": 1065.0, ""best_valid_metric"": 0.8143035350057013}",
round3_training.grad_clip_0.5,ok,0,"{""training.lr"": 0.0005, ""training.weight_decay"": 0.0001, ""training.grad_clip"": 0.5, ""model.d_id"": 64, ""model.d_model"": 128, ""model.num_layers"": 1, ""model.num_intents"": 5, ""model.eta"": 0.6, ""model.dropout"": 0.1, ""model.tau_p"": 0.2, ""model.gate_alpha"": 5.0, ""model.history_top_k"": 10, ""loss.lambda_rating"": 2.0, ""loss.lambda_align"": 0.1, ""loss.lambda_sep"": 0.05, ""loss.lambda_recon"": 0.2}",/home/infolab/mnt/mingyu/review_rec/rating4review/results/iard_rm_42_Amazon_Office_Products_14_20260515_232402_103260/test_results.json,0.8694568778367481,,,"{""mse"": 0.7559552624176258, ""rmse"": 0.8694568778367481, ""mae"": 0.6423934585947386, ""num_samples"": 5325, ""eval_clip"": true, ""min_rating"": 1.0, ""max_rating"": 5.0, ""unclipped_prediction_min"": 2.3336379528045654, ""unclipped_prediction_max"": 5.169342517852783, ""clipped_prediction_min"": 2.3336379528045654, ""clipped_prediction_max"": 5.0, ""label_min"": 1.0, ""label_max"": 5.0, ""rating_mean"": 4.317183017730713, ""rating_std"": 0.9550731778144836, ""rating_distribution"": {""1.0"": 126, ""2.0"": 194, ""3.0"": 514, ""4.0"": 1522, ""5.0"": 2969}, ""pred_mean"": 4.358050841524007, ""pred_std"": 0.3894996899829744, ""pred_min"": 2.3336379528045654, ""pred_max"": 5.0, ""abs_error_mean"": 0.6423934585947386, ""abs_error_p90"": 1.3284136295318605, ""abs_error_p95"": 1.7898163795471191, ""abs_error_p99"": 3.1895768165588385, ""abs_error_max"": 3.852428436279297, ""mean_gate"": 0.3680221140384674, ""std_gate"": 0.1416846066713333, ""mean_p_inc"": 0.6319778561592102, ""std_p_inc"": 0.1416846066713333, ""mean_alignment"": 0.2818267345428467, ""std_alignment"": 0.3399047255516052, ""mean_intent_entropy"": 1.4353684186935425, ""mean_empty_history_ratio"": 0.0, ""history_source_ratio"": 1.0, ""low_alignment_rmse"": 1.0783511400222778, ""low_alignment_mae"": 0.8525497317314148, ""low_alignment_count"": 1065.0, ""mid_alignment_rmse"": 0.832930326461792, ""mid_alignment_mae"": 0.6262853145599365, ""mid_alignment_count"": 3195.0, ""high_alignment_rmse"": 0.7318581938743591, ""high_alignment_mae"": 0.4805617034435272, ""high_alignment_count"": 1065.0, ""best_valid_metric"": 0.8190910577719425}",
round3_training.grad_clip_2.0,ok,0,"{""training.lr"": 0.0005, ""training.weight_decay"": 0.0001, ""training.grad_clip"": 2.0, ""model.d_id"": 64, ""model.d_model"": 128, ""model.num_layers"": 1, ""model.num_intents"": 5, ""model.eta"": 0.6, ""model.dropout"": 0.1, ""model.tau_p"": 0.2, ""model.gate_alpha"": 5.0, ""model.history_top_k"": 10, ""loss.lambda_rating"": 2.0, ""loss.lambda_align"": 0.1, ""loss.lambda_sep"": 0.05, ""loss.lambda_recon"": 0.2}",/home/infolab/mnt/mingyu/review_rec/rating4review/results/iard_rm_42_Amazon_Office_Products_14_20260515_232844_209741/test_results.json,0.8667656265182146,,,"{""mse"": 0.7512826513135131, ""rmse"": 0.8667656265182146, ""mae"": 0.652102681952463, ""num_samples"": 5325, ""eval_clip"": true, ""min_rating"": 1.0, ""max_rating"": 5.0, ""unclipped_prediction_min"": 1.2590043544769287, ""unclipped_prediction_max"": 4.980920314788818, ""clipped_prediction_min"": 1.2590043544769287, ""clipped_prediction_max"": 4.980920314788818, ""label_min"": 1.0, ""label_max"": 5.0, ""rating_mean"": 4.317183017730713, ""rating_std"": 0.9550731778144836, ""rating_distribution"": {""1.0"": 126, ""2.0"": 194, ""3.0"": 514, ""4.0"": 1522, ""5.0"": 2969}, ""pred_mean"": 4.322741241768492, ""pred_std"": 0.4135197588364797, ""pred_min"": 1.2590043544769287, ""pred_max"": 4.980920314788818, ""abs_error_mean"": 0.652102681952463, ""abs_error_p90"": 1.335852336883545, ""abs_error_p95"": 1.7561199188232424, ""abs_error_p99"": 3.163325977325446, ""abs_error_max"": 3.8125948905944824, ""mean_gate"": 0.04801715537905693, ""std_gate"": 0.0506683848798275, ""mean_p_inc"": 0.951982855796814, ""std_p_inc"": 0.0506683848798275, ""mean_alignment"": -0.5483072996139526, ""std_alignment"": 0.2191542685031891, ""mean_intent_entropy"": 1.3639121055603027, ""mean_empty_history_ratio"": 0.0, ""history_source_ratio"": 1.0, ""low_alignment_rmse"": 0.9818223118782043, ""low_alignment_mae"": 0.7548368573188782, ""low_alignment_count"": 1065.0, ""mid_alignment_rmse"": 0.8784496188163757, ""mid_alignment_mae"": 0.6760480999946594, ""mid_alignment_count"": 3195.0, ""high_alignment_rmse"": 0.6909536719322205, ""high_alignment_mae"": 0.47753217816352844, ""high_alignment_count"": 1065.0, ""best_valid_metric"": 0.8140071071116116}",
round3_training.grad_clip_5.0,ok,0,"{""training.lr"": 0.0005, ""training.weight_decay"": 0.0001, ""training.grad_clip"": 5.0, ""model.d_id"": 64, ""model.d_model"": 128, ""model.num_layers"": 1, ""model.num_intents"": 5, ""model.eta"": 0.6, ""model.dropout"": 0.1, ""model.tau_p"": 0.2, ""model.gate_alpha"": 5.0, ""model.history_top_k"": 10, ""loss.lambda_rating"": 2.0, ""loss.lambda_align"": 0.1, ""loss.lambda_sep"": 0.05, ""loss.lambda_recon"": 0.2}",/home/infolab/mnt/mingyu/review_rec/rating4review/results/iard_rm_42_Amazon_Office_Products_14_20260515_233445_186093/test_results.json,0.8691455963967033,,,"{""mse"": 0.755414067735781, ""rmse"": 0.8691455963967033, ""mae"": 0.6480198258413395, ""num_samples"": 5325, ""eval_clip"": true, ""min_rating"": 1.0, ""max_rating"": 5.0, ""unclipped_prediction_min"": 1.7293052673339844, ""unclipped_prediction_max"": 5.104487419128418, ""clipped_prediction_min"": 1.7293052673339844, ""clipped_prediction_max"": 5.0, ""label_min"": 1.0, ""label_max"": 5.0, ""rating_mean"": 4.317183017730713, ""rating_std"": 0.9550731778144836, ""rating_distribution"": {""1.0"": 126, ""2.0"": 194, ""3.0"": 514, ""4.0"": 1522, ""5.0"": 2969}, ""pred_mean"": 4.3358894554102365, ""pred_std"": 0.4131032797329508, ""pred_min"": 1.7293052673339844, ""pred_max"": 5.0, ""abs_error_mean"": 0.6480198258413395, ""abs_error_p90"": 1.3460220336914064, ""abs_error_p95"": 1.7818717002868663, ""abs_error_p99"": 3.1832380676269607, ""abs_error_max"": 3.8504252433776855, ""mean_gate"": 0.039107367396354675, ""std_gate"": 0.04980706050992012, ""mean_p_inc"": 0.9608926773071289, ""std_p_inc"": 0.04980706050992012, ""mean_alignment"": -0.5776069760322571, ""std_alignment"": 0.18518118560314178, ""mean_intent_entropy"": 1.3153866529464722, ""mean_empty_history_ratio"": 0.0, ""history_source_ratio"": 1.0, ""low_alignment_rmse"": 0.8272486925125122, ""low_alignment_mae"": 0.6573255658149719, ""low_alignment_count"": 1065.0, ""mid_alignment_rmse"": 0.8129965662956238, ""mid_alignment_mae"": 0.5903027057647705, ""mid_alignment_count"": 3195.0, ""high_alignment_rmse"": 1.053489327430725, ""high_alignment_mae"": 0.8118654489517212, ""high_alignment_count"": 1065.0, ""best_valid_metric"": 0.8140512896189435}",
round3_model.d_id_32,ok,0,"{""training.lr"": 0.0005, ""training.weight_decay"": 0.0001, ""training.grad_clip"": 1.0, ""model.d_id"": 32, ""model.d_model"": 128, ""model.num_layers"": 1, ""model.num_intents"": 5, ""model.eta"": 0.6, ""model.dropout"": 0.1, ""model.tau_p"": 0.2, ""model.gate_alpha"": 5.0, ""model.history_top_k"": 10, ""loss.lambda_rating"": 2.0, ""loss.lambda_align"": 0.1, ""loss.lambda_sep"": 0.05, ""loss.lambda_recon"": 0.2}",/home/infolab/mnt/mingyu/review_rec/rating4review/results/iard_rm_42_Amazon_Office_Products_14_20260515_234109_695770/test_results.json,0.8789540415975009,,,"{""mse"": 0.7725602072405814, ""rmse"": 0.8789540415975009, ""mae"": 0.6375155480702718, ""num_samples"": 5325, ""eval_clip"": true, ""min_rating"": 1.0, ""max_rating"": 5.0, ""unclipped_prediction_min"": 2.1227405071258545, ""unclipped_prediction_max"": 5.309514999389648, ""clipped_prediction_min"": 2.1227405071258545, ""clipped_prediction_max"": 5.0, ""label_min"": 1.0, ""label_max"": 5.0, ""rating_mean"": 4.317183017730713, ""rating_std"": 0.9550731778144836, ""rating_distribution"": {""1.0"": 126, ""2.0"": 194, ""3.0"": 514, ""4.0"": 1522, ""5.0"": 2969}, ""pred_mean"": 4.347460035897197, ""pred_std"": 0.46136506534705923, ""pred_min"": 2.1227405071258545, ""pred_max"": 5.0, ""abs_error_mean"": 0.6375155480702718, ""abs_error_p90"": 1.3807571411132813, ""abs_error_p95"": 1.823573398590088, ""abs_error_p99"": 3.17221685409546, ""abs_error_max"": 4.0, ""mean_gate"": 0.3536987006664276, ""std_gate"": 0.12841719388961792, ""mean_p_inc"": 0.6463013291358948, ""std_p_inc"": 0.12841719388961792, ""mean_alignment"": 0.22021475434303284, ""std_alignment"": 0.2918180823326111, ""mean_intent_entropy"": 1.4438118934631348, ""mean_empty_history_ratio"": 0.0, ""history_source_ratio"": 1.0, ""low_alignment_rmse"": 1.0678205490112305, ""low_alignment_mae"": 0.8729138970375061, ""low_alignment_count"": 1065.0, ""mid_alignment_rmse"": 0.854759156703949, ""mid_alignment_mae"": 0.6396724581718445, ""mid_alignment_count"": 3195.0, ""high_alignment_rmse"": 0.7285057902336121, ""high_alignment_mae"": 0.39564648270606995, ""high_alignment_count"": 1065.0, ""best_valid_metric"": 0.8253610835965565}",
round3_model.d_id_128,ok,0,"{""training.lr"": 0.0005, ""training.weight_decay"": 0.0001, ""training.grad_clip"": 1.0, ""model.d_id"": 128, ""model.d_model"": 128, ""model.num_layers"": 1, ""model.num_intents"": 5, ""model.eta"": 0.6, ""model.dropout"": 0.1, ""model.tau_p"": 0.2, ""model.gate_alpha"": 5.0, ""model.history_top_k"": 10, ""loss.lambda_rating"": 2.0, ""loss.lambda_align"": 0.1, ""loss.lambda_sep"": 0.05, ""loss.lambda_recon"": 0.2}",/home/infolab/mnt/mingyu/review_rec/rating4review/results/iard_rm_42_Amazon_Office_Products_14_20260515_234604_146250/test_results.json,0.8726856523406467,,,"{""mse"": 0.76158024780122, ""rmse"": 0.8726856523406467, ""mae"": 0.6470212130479409, ""num_samples"": 5325, ""eval_clip"": true, ""min_rating"": 1.0, ""max_rating"": 5.0, ""unclipped_prediction_min"": 1.8217098712921143, ""unclipped_prediction_max"": 5.084630012512207, ""clipped_prediction_min"": 1.8217098712921143, ""clipped_prediction_max"": 5.0, ""label_min"": 1.0, ""label_max"": 5.0, ""rating_mean"": 4.317183017730713, ""rating_std"": 0.9550731778144836, ""rating_distribution"": {""1.0"": 126, ""2.0"": 194, ""3.0"": 514, ""4.0"": 1522, ""5.0"": 2969}, ""pred_mean"": 4.358632699133644, ""pred_std"": 0.4150847366008169, ""pred_min"": 1.8217098712921143, ""pred_max"": 5.0, ""abs_error_mean"": 0.6470212130479409, ""abs_error_p90"": 1.3632110595703137, ""abs_error_p95"": 1.7822164535522471, ""abs_error_p99"": 3.236947689056403, ""abs_error_max"": 3.8428401947021484, ""mean_gate"": 0.03491005301475525, ""std_gate"": 0.05066176876425743, ""mean_p_inc"": 0.9650898575782776, ""std_p_inc"": 0.05066176876425743, ""mean_alignment"": -0.6278713941574097, ""std_alignment"": 0.2023453563451767, ""mean_intent_entropy"": 0.8951756954193115, ""mean_empty_history_ratio"": 0.0, ""history_source_ratio"": 1.0, ""low_alignment_rmse"": 0.8526439070701599, ""low_alignment_mae"": 0.6665394306182861, ""low_alignment_count"": 1065.0, ""mid_alignment_rmse"": 0.8039420247077942, ""mid_alignment_mae"": 0.5795226097106934, ""mid_alignment_count"": 3195.0, ""high_alignment_rmse"": 1.068611741065979, ""high_alignment_mae"": 0.8299986720085144, ""high_alignment_count"": 1065.0, ""best_valid_metric"": 0.8214403255119572}",
round3_model.d_model_64,ok,0,"{""training.lr"": 0.0005, ""training.weight_decay"": 0.0001, ""training.grad_clip"": 1.0, ""model.d_id"": 64, ""model.d_model"": 64, ""model.num_layers"": 1, ""model.num_intents"": 5, ""model.eta"": 0.6, ""model.dropout"": 0.1, ""model.tau_p"": 0.2, ""model.gate_alpha"": 5.0, ""model.history_top_k"": 10, ""loss.lambda_rating"": 2.0, ""loss.lambda_align"": 0.1, ""loss.lambda_sep"": 0.05, ""loss.lambda_recon"": 0.2}",/home/infolab/mnt/mingyu/review_rec/rating4review/results/iard_rm_42_Amazon_Office_Products_14_20260515_235209_496768/test_results.json,0.878557651596213,,,"{""mse"": 0.7718635471782528, ""rmse"": 0.878557651596213, ""mae"": 0.6627656103859485, ""num_samples"": 5325, ""eval_clip"": true, ""min_rating"": 1.0, ""max_rating"": 5.0, ""unclipped_prediction_min"": 2.314157724380493, ""unclipped_prediction_max"": 5.140231609344482, ""clipped_prediction_min"": 2.314157724380493, ""clipped_prediction_max"": 5.0, ""label_min"": 1.0, ""label_max"": 5.0, ""rating_mean"": 4.317183017730713, ""rating_std"": 0.9550731778144836, ""rating_distribution"": {""1.0"": 126, ""2.0"": 194, ""3.0"": 514, ""4.0"": 1522, ""5.0"": 2969}, ""pred_mean"": 4.3035857160326465, ""pred_std"": 0.4058553995831189, ""pred_min"": 2.314157724380493, ""pred_max"": 5.0, ""abs_error_mean"": 0.6627656103859485, ""abs_error_p90"": 1.3586388587951663, ""abs_error_p95"": 1.771017742156983, ""abs_error_p99"": 3.2113229370117207, ""abs_error_max"": 3.7941746711730957, ""mean_gate"": 0.08710526674985886, ""std_gate"": 0.09930157661437988, ""mean_p_inc"": 0.9128946661949158, ""std_p_inc"": 0.09930157661437988, ""mean_alignment"": -0.4252817928791046, ""std_alignment"": 0.27693212032318115, ""mean_intent_entropy"": 1.2819385528564453, ""mean_empty_history_ratio"": 0.0, ""history_source_ratio"": 1.0, ""low_alignment_rmse"": 0.6520013809204102, ""low_alignment_mae"": 0.45624879002571106, ""low_alignment_count"": 1065.0, ""mid_alignment_rmse"": 0.8760141134262085, ""mid_alignment_mae"": 0.6646925806999207, ""mid_alignment_count"": 3195.0, ""high_alignment_rmse"": 1.0639595985412598, ""high_alignment_mae"": 0.8635013103485107, ""high_alignment_count"": 1065.0, ""best_valid_metric"": 0.829197015522242}",
