trial_name,status,returncode,params,result_json,rmse,mse,mae,all_metrics,available_metrics
baseline,ok,0,"{""training.lr"": 0.01, ""training.weight_decay"": 0.0, ""training.grad_clip"": 1.0, ""model.embedding_size"": 64, ""model.num_layers"": 1, ""model.dropout"": 0.7, ""model.node_dropout"": 0.8, ""model.nd_weight"": 0.3, ""model.ed_weight"": 1.0, ""model.min_gate"": 0.15, ""model.gate_beta0_init"": 2.0, ""model.gate_beta1_init"": 4.0}",/home/infolab/mnt/mingyu/review_rec/rating4review/results/scg_rgcl_42_Amazon_Office_Products_14_20260515_050340_822038/test_results.json,0.877965947809527,,,"{""mse"": 0.7708242055130811, ""rmse"": 0.877965947809527, ""mae"": 0.6651763854676009, ""num_samples"": 5325, ""eval_clip"": false, ""min_rating"": 1.0, ""max_rating"": 5.0, ""unclipped_prediction_min"": 1.9594252109527588, ""unclipped_prediction_max"": 4.918187618255615, ""clipped_prediction_min"": 1.9594252109527588, ""clipped_prediction_max"": 4.918187618255615, ""label_min"": 1.0, ""label_max"": 5.0, ""rating_mean"": 4.317183017730713, ""rating_std"": 0.9550731778144836, ""rating_distribution"": {""1.0"": 126, ""2.0"": 194, ""3.0"": 514, ""4.0"": 1522, ""5.0"": 2969}, ""pred_mean"": 4.315619651409382, ""pred_std"": 0.3042192287230694, ""pred_min"": 1.9594252109527588, ""pred_max"": 4.918187618255615, ""abs_error_mean"": 0.6651763854676009, ""abs_error_p90"": 1.2807894706726077, ""abs_error_p95"": 1.8721050739288334, ""abs_error_p99"": 3.2164560699462914, ""abs_error_max"": 3.717291831970215, ""mean_gate"": 0.8571000695228577, ""std_gate"": 0.035190120339393616, ""min_gate_value"": 0.2492891401052475, ""max_gate_value"": 0.8973912000656128, ""mean_edge_misalign_score"": 0.09162653982639313, ""best_valid_metric"": 0.8397944413928153}",
round1_training.lr_0.003,ok,0,"{""training.lr"": 0.003, ""training.weight_decay"": 0.0, ""training.grad_clip"": 1.0, ""model.embedding_size"": 64, ""model.num_layers"": 1, ""model.dropout"": 0.7, ""model.node_dropout"": 0.8, ""model.nd_weight"": 0.3, ""model.ed_weight"": 1.0, ""model.min_gate"": 0.15, ""model.gate_beta0_init"": 2.0, ""model.gate_beta1_init"": 4.0}",/home/infolab/mnt/mingyu/review_rec/rating4review/results/scg_rgcl_42_Amazon_Office_Products_14_20260515_050437_081032/test_results.json,0.8809214099269694,,,"{""mse"": 0.7760225304677197, ""rmse"": 0.8809214099269694, ""mae"": 0.6657805580264525, ""num_samples"": 5325, ""eval_clip"": false, ""min_rating"": 1.0, ""max_rating"": 5.0, ""unclipped_prediction_min"": 2.3470709323883057, ""unclipped_prediction_max"": 4.938852310180664, ""clipped_prediction_min"": 2.3470709323883057, ""clipped_prediction_max"": 4.938852310180664, ""label_min"": 1.0, ""label_max"": 5.0, ""rating_mean"": 4.317183017730713, ""rating_std"": 0.9550731778144836, ""rating_distribution"": {""1.0"": 126, ""2.0"": 194, ""3.0"": 514, ""4.0"": 1522, ""5.0"": 2969}, ""pred_mean"": 4.30653451091247, ""pred_std"": 0.3163221517795499, ""pred_min"": 2.3470709323883057, ""pred_max"": 4.938852310180664, ""abs_error_mean"": 0.6657805580264525, ""abs_error_p90"": 1.2716341972351075, ""abs_error_p95"": 1.8745448112487801, ""abs_error_p99"": 3.1803712081909223, ""abs_error_max"": 3.7685914039611816, ""mean_gate"": 0.8624588847160339, ""std_gate"": 0.03403007611632347, ""min_gate_value"": 0.2565423846244812, ""max_gate_value"": 0.9011664390563965, ""mean_edge_misalign_score"": 0.09162653982639313, ""best_valid_metric"": 0.8428385679266728}",
round1_training.lr_0.005,ok,0,"{""training.lr"": 0.005, ""training.weight_decay"": 0.0, ""training.grad_clip"": 1.0, ""model.embedding_size"": 64, ""model.num_layers"": 1, ""model.dropout"": 0.7, ""model.node_dropout"": 0.8, ""model.nd_weight"": 0.3, ""model.ed_weight"": 1.0, ""model.min_gate"": 0.15, ""model.gate_beta0_init"": 2.0, ""model.gate_beta1_init"": 4.0}",/home/infolab/mnt/mingyu/review_rec/rating4review/results/scg_rgcl_42_Amazon_Office_Products_14_20260515_050656_191121/test_results.json,0.8776619927865931,,,"{""mse"": 0.7702905735821337, ""rmse"": 0.8776619927865931, ""mae"": 0.6676206227199573, ""num_samples"": 5325, ""eval_clip"": false, ""min_rating"": 1.0, ""max_rating"": 5.0, ""unclipped_prediction_min"": 1.8975776433944702, ""unclipped_prediction_max"": 4.881293296813965, ""clipped_prediction_min"": 1.8975776433944702, ""clipped_prediction_max"": 4.881293296813965, ""label_min"": 1.0, ""label_max"": 5.0, ""rating_mean"": 4.317183017730713, ""rating_std"": 0.9550731778144836, ""rating_distribution"": {""1.0"": 126, ""2.0"": 194, ""3.0"": 514, ""4.0"": 1522, ""5.0"": 2969}, ""pred_mean"": 4.3227149419157715, ""pred_std"": 0.29174666661921733, ""pred_min"": 1.8975776433944702, ""pred_max"": 4.881293296813965, ""abs_error_mean"": 0.6676206227199573, ""abs_error_p90"": 1.277074337005616, ""abs_error_p95"": 1.9277093887329102, ""abs_error_p99"": 3.193869667053224, ""abs_error_max"": 3.7272157669067383, ""mean_gate"": 0.8598077893257141, ""std_gate"": 0.03461895510554314, ""min_gate_value"": 0.25277161598205566, ""max_gate_value"": 0.8993109464645386, ""mean_edge_misalign_score"": 0.09162653982639313, ""best_valid_metric"": 0.839624884979603}",
round1_training.lr_0.02,ok,0,"{""training.lr"": 0.02, ""training.weight_decay"": 0.0, ""training.grad_clip"": 1.0, ""model.embedding_size"": 64, ""model.num_layers"": 1, ""model.dropout"": 0.7, ""model.node_dropout"": 0.8, ""model.nd_weight"": 0.3, ""model.ed_weight"": 1.0, ""model.min_gate"": 0.15, ""model.gate_beta0_init"": 2.0, ""model.gate_beta1_init"": 4.0}",/home/infolab/mnt/mingyu/review_rec/rating4review/results/scg_rgcl_42_Amazon_Office_Products_14_20260515_050755_277356/test_results.json,0.8813033176154829,,,"{""mse"": 0.7766955376400567, ""rmse"": 0.8813033176154829, ""mae"": 0.6544107071334767, ""num_samples"": 5325, ""eval_clip"": false, ""min_rating"": 1.0, ""max_rating"": 5.0, ""unclipped_prediction_min"": 2.053123950958252, ""unclipped_prediction_max"": 4.944969177246094, ""clipped_prediction_min"": 2.053123950958252, ""clipped_prediction_max"": 4.944969177246094, ""label_min"": 1.0, ""label_max"": 5.0, ""rating_mean"": 4.317183017730713, ""rating_std"": 0.9550731778144836, ""rating_distribution"": {""1.0"": 126, ""2.0"": 194, ""3.0"": 514, ""4.0"": 1522, ""5.0"": 2969}, ""pred_mean"": 4.352941356757437, ""pred_std"": 0.30602236362007784, ""pred_min"": 2.053123950958252, ""pred_max"": 4.944969177246094, ""abs_error_mean"": 0.6544107071334767, ""abs_error_p90"": 1.2864454269409182, ""abs_error_p95"": 1.8782700538635257, ""abs_error_p99"": 3.2541772079467783, ""abs_error_max"": 3.767587661743164, ""mean_gate"": 0.852543294429779, ""std_gate"": 0.03621044382452965, ""min_gate_value"": 0.24320748448371887, ""max_gate_value"": 0.8942244052886963, ""mean_edge_misalign_score"": 0.09162653982639313, ""best_valid_metric"": 0.8431369546818821}",
round1_training.weight_decay_1e-06,ok,0,"{""training.lr"": 0.005, ""training.weight_decay"": 1e-06, ""training.grad_clip"": 1.0, ""model.embedding_size"": 64, ""model.num_layers"": 1, ""model.dropout"": 0.7, ""model.node_dropout"": 0.8, ""model.nd_weight"": 0.3, ""model.ed_weight"": 1.0, ""model.min_gate"": 0.15, ""model.gate_beta0_init"": 2.0, ""model.gate_beta1_init"": 4.0}",/home/infolab/mnt/mingyu/review_rec/rating4review/results/scg_rgcl_42_Amazon_Office_Products_14_20260515_050854_073440/test_results.json,0.8777161817593124,,,"{""mse"": 0.7703856957221463, ""rmse"": 0.8777161817593124, ""mae"": 0.6676610822408972, ""num_samples"": 5325, ""eval_clip"": false, ""min_rating"": 1.0, ""max_rating"": 5.0, ""unclipped_prediction_min"": 1.9025393724441528, ""unclipped_prediction_max"": 4.880703926086426, ""clipped_prediction_min"": 1.9025393724441528, ""clipped_prediction_max"": 4.880703926086426, ""label_min"": 1.0, ""label_max"": 5.0, ""rating_mean"": 4.317183017730713, ""rating_std"": 0.9550731778144836, ""rating_distribution"": {""1.0"": 126, ""2.0"": 194, ""3.0"": 514, ""4.0"": 1522, ""5.0"": 2969}, ""pred_mean"": 4.322696577282579, ""pred_std"": 0.2915578084732595, ""pred_min"": 1.9025393724441528, ""pred_max"": 4.880703926086426, ""abs_error_mean"": 0.6676610822408972, ""abs_error_p90"": 1.2777848243713386, ""abs_error_p95"": 1.9260914325714116, ""abs_error_p99"": 3.1936217498779307, ""abs_error_max"": 3.726576805114746, ""mean_gate"": 0.85982745885849, ""std_gate"": 0.03461041674017906, ""min_gate_value"": 0.25283434987068176, ""max_gate_value"": 0.8993208408355713, ""mean_edge_misalign_score"": 0.09162653982639313, ""best_valid_metric"": 0.8396732043378067}",
round1_training.weight_decay_1e-05,ok,0,"{""training.lr"": 0.005, ""training.weight_decay"": 1e-05, ""training.grad_clip"": 1.0, ""model.embedding_size"": 64, ""model.num_layers"": 1, ""model.dropout"": 0.7, ""model.node_dropout"": 0.8, ""model.nd_weight"": 0.3, ""model.ed_weight"": 1.0, ""model.min_gate"": 0.15, ""model.gate_beta0_init"": 2.0, ""model.gate_beta1_init"": 4.0}",/home/infolab/mnt/mingyu/review_rec/rating4review/results/scg_rgcl_42_Amazon_Office_Products_14_20260515_050952_957674/test_results.json,0.8781115742372454,,,"{""mse"": 0.7710799368094133, ""rmse"": 0.8781115742372454, ""mae"": 0.66809274297365, ""num_samples"": 5325, ""eval_clip"": false, ""min_rating"": 1.0, ""max_rating"": 5.0, ""unclipped_prediction_min"": 1.939417839050293, ""unclipped_prediction_max"": 4.8794474601745605, ""clipped_prediction_min"": 1.939417839050293, ""clipped_prediction_max"": 4.8794474601745605, ""label_min"": 1.0, ""label_max"": 5.0, ""rating_mean"": 4.317183017730713, ""rating_std"": 0.9550731778144836, ""rating_distribution"": {""1.0"": 126, ""2.0"": 194, ""3.0"": 514, ""4.0"": 1522, ""5.0"": 2969}, ""pred_mean"": 4.322582871163955, ""pred_std"": 0.28945437283930925, ""pred_min"": 1.939417839050293, ""pred_max"": 4.8794474601745605, ""abs_error_mean"": 0.66809274297365, ""abs_error_p90"": 1.277229499816895, ""abs_error_p95"": 1.932270622253419, ""abs_error_p99"": 3.1958639717102053, ""abs_error_max"": 3.7242422103881836, ""mean_gate"": 0.8599750995635986, ""std_gate"": 0.034539517015218735, ""min_gate_value"": 0.25336402654647827, ""max_gate_value"": 0.8993886709213257, ""mean_edge_misalign_score"": 0.09162653982639313, ""best_valid_metric"": 0.8403585918148653}",
round1_training.weight_decay_0.0001,ok,0,"{""training.lr"": 0.005, ""training.weight_decay"": 0.0001, ""training.grad_clip"": 1.0, ""model.embedding_size"": 64, ""model.num_layers"": 1, ""model.dropout"": 0.7, ""model.node_dropout"": 0.8, ""model.nd_weight"": 0.3, ""model.ed_weight"": 1.0, ""model.min_gate"": 0.15, ""model.gate_beta0_init"": 2.0, ""model.gate_beta1_init"": 4.0}",/home/infolab/mnt/mingyu/review_rec/rating4review/results/scg_rgcl_42_Amazon_Office_Products_14_20260515_051053_575629/test_results.json,0.8822603580076556,,,"{""mse"": 0.7783833393117965, ""rmse"": 0.8822603580076556, ""mae"": 0.6640175243610508, ""num_samples"": 5325, ""eval_clip"": false, ""min_rating"": 1.0, ""max_rating"": 5.0, ""unclipped_prediction_min"": 2.3826279640197754, ""unclipped_prediction_max"": 4.913760662078857, ""clipped_prediction_min"": 2.3826279640197754, ""clipped_prediction_max"": 4.913760662078857, ""label_min"": 1.0, ""label_max"": 5.0, ""rating_mean"": 4.317183017730713, ""rating_std"": 0.9550731778144836, ""rating_distribution"": {""1.0"": 126, ""2.0"": 194, ""3.0"": 514, ""4.0"": 1522, ""5.0"": 2969}, ""pred_mean"": 4.333510989874181, ""pred_std"": 0.29060070375623814, ""pred_min"": 2.3826279640197754, ""pred_max"": 4.913760662078857, ""abs_error_mean"": 0.6640175243610508, ""abs_error_p90"": 1.2854480743408203, ""abs_error_p95"": 1.9201734066009533, ""abs_error_p99"": 3.228721504211426, ""abs_error_max"": 3.7527542114257812, ""mean_gate"": 0.861428439617157, ""std_gate"": 0.03396971523761749, ""min_gate_value"": 0.2575887441635132, ""max_gate_value"": 0.9001764059066772, ""mean_edge_misalign_score"": 0.09162653982639313, ""best_valid_metric"": 0.8451456568514825}",
round1_training.grad_clip_0.5,ok,0,"{""training.lr"": 0.005, ""training.weight_decay"": 0.0, ""training.grad_clip"": 0.5, ""model.embedding_size"": 64, ""model.num_layers"": 1, ""model.dropout"": 0.7, ""model.node_dropout"": 0.8, ""model.nd_weight"": 0.3, ""model.ed_weight"": 1.0, ""model.min_gate"": 0.15, ""model.gate_beta0_init"": 2.0, ""model.gate_beta1_init"": 4.0}",/home/infolab/mnt/mingyu/review_rec/rating4review/results/scg_rgcl_42_Amazon_Office_Products_14_20260515_051157_886621/test_results.json,0.8777327371128202,,,"{""mse"": 0.770414757799563, ""rmse"": 0.8777327371128202, ""mae"": 0.666511894951404, ""num_samples"": 5325, ""eval_clip"": false, ""min_rating"": 1.0, ""max_rating"": 5.0, ""unclipped_prediction_min"": 1.8935601711273193, ""unclipped_prediction_max"": 4.883452415466309, ""clipped_prediction_min"": 1.8935601711273193, ""clipped_prediction_max"": 4.883452415466309, ""label_min"": 1.0, ""label_max"": 5.0, ""rating_mean"": 4.317183017730713, ""rating_std"": 0.9550731778144836, ""rating_distribution"": {""1.0"": 126, ""2.0"": 194, ""3.0"": 514, ""4.0"": 1522, ""5.0"": 2969}, ""pred_mean"": 4.327983986805302, ""pred_std"": 0.29142375700374973, ""pred_min"": 1.8935601711273193, ""pred_max"": 4.883452415466309, ""abs_error_mean"": 0.666511894951404, ""abs_error_p90"": 1.2840147018432622, ""abs_error_p95"": 1.937064075469971, ""abs_error_p99"": 3.201500167846681, ""abs_error_max"": 3.7338366508483887, ""mean_gate"": 0.8597905039787292, ""std_gate"": 0.03462238237261772, ""min_gate_value"": 0.2527509331703186, ""max_gate_value"": 0.8992985486984253, ""mean_edge_misalign_score"": 0.09162653982639313, ""best_valid_metric"": 0.83953818592145}",
round1_training.grad_clip_2.0,ok,0,"{""training.lr"": 0.005, ""training.weight_decay"": 0.0, ""training.grad_clip"": 2.0, ""model.embedding_size"": 64, ""model.num_layers"": 1, ""model.dropout"": 0.7, ""model.node_dropout"": 0.8, ""model.nd_weight"": 0.3, ""model.ed_weight"": 1.0, ""model.min_gate"": 0.15, ""model.gate_beta0_init"": 2.0, ""model.gate_beta1_init"": 4.0}",/home/infolab/mnt/mingyu/review_rec/rating4review/results/scg_rgcl_42_Amazon_Office_Products_14_20260515_051258_529853/test_results.json,0.877661990654111,,,"{""mse"": 0.7702905698389367, ""rmse"": 0.877661990654111, ""mae"": 0.6676206230781447, ""num_samples"": 5325, ""eval_clip"": false, ""min_rating"": 1.0, ""max_rating"": 5.0, ""unclipped_prediction_min"": 1.8975776433944702, ""unclipped_prediction_max"": 4.881293296813965, ""clipped_prediction_min"": 1.8975776433944702, ""clipped_prediction_max"": 4.881293296813965, ""label_min"": 1.0, ""label_max"": 5.0, ""rating_mean"": 4.317183017730713, ""rating_std"": 0.9550731778144836, ""rating_distribution"": {""1.0"": 126, ""2.0"": 194, ""3.0"": 514, ""4.0"": 1522, ""5.0"": 2969}, ""pred_mean"": 4.3227149451394595, ""pred_std"": 0.2917466663066041, ""pred_min"": 1.8975776433944702, ""pred_max"": 4.881293296813965, ""abs_error_mean"": 0.6676206230781447, ""abs_error_p90"": 1.277074337005616, ""abs_error_p95"": 1.9277093887329102, ""abs_error_p99"": 3.193869781494142, ""abs_error_max"": 3.72721529006958, ""mean_gate"": 0.8598077893257141, ""std_gate"": 0.03461895510554314, ""min_gate_value"": 0.25277161598205566, ""max_gate_value"": 0.8993109464645386, ""mean_edge_misalign_score"": 0.09162653982639313, ""best_valid_metric"": 0.8396248896903136}",
round1_training.grad_clip_5.0,ok,0,"{""training.lr"": 0.005, ""training.weight_decay"": 0.0, ""training.grad_clip"": 5.0, ""model.embedding_size"": 64, ""model.num_layers"": 1, ""model.dropout"": 0.7, ""model.node_dropout"": 0.8, ""model.nd_weight"": 0.3, ""model.ed_weight"": 1.0, ""model.min_gate"": 0.15, ""model.gate_beta0_init"": 2.0, ""model.gate_beta1_init"": 4.0}",/home/infolab/mnt/mingyu/review_rec/rating4review/results/scg_rgcl_42_Amazon_Office_Products_14_20260515_051357_606111/test_results.json,0.8776619874459034,,,"{""mse"": 0.7702905642074931, ""rmse"": 0.8776619874459034, ""mae"": 0.667620624667602, ""num_samples"": 5325, ""eval_clip"": false, ""min_rating"": 1.0, ""max_rating"": 5.0, ""unclipped_prediction_min"": 1.8975780010223389, ""unclipped_prediction_max"": 4.881293296813965, ""clipped_prediction_min"": 1.8975780010223389, ""clipped_prediction_max"": 4.881293296813965, ""label_min"": 1.0, ""label_max"": 5.0, ""rating_mean"": 4.317183017730713, ""rating_std"": 0.9550731778144836, ""rating_distribution"": {""1.0"": 126, ""2.0"": 194, ""3.0"": 514, ""4.0"": 1522, ""5.0"": 2969}, ""pred_mean"": 4.322714929535915, ""pred_std"": 0.29174666294229484, ""pred_min"": 1.8975780010223389, ""pred_max"": 4.881293296813965, ""abs_error_mean"": 0.667620624667602, ""abs_error_p90"": 1.277074337005616, ""abs_error_p95"": 1.9277096748352052, ""abs_error_p99"": 3.193869419097902, ""abs_error_max"": 3.72721529006958, ""mean_gate"": 0.8598077893257141, ""std_gate"": 0.03461895510554314, ""min_gate_value"": 0.25277161598205566, ""max_gate_value"": 0.8993109464645386, ""mean_edge_misalign_score"": 0.09162653982639313, ""best_valid_metric"": 0.839624890342503}",
round1_model.embedding_size_32,ok,0,"{""training.lr"": 0.005, ""training.weight_decay"": 0.0, ""training.grad_clip"": 5.0, ""model.embedding_size"": 32, ""model.num_layers"": 1, ""model.dropout"": 0.7, ""model.node_dropout"": 0.8, ""model.nd_weight"": 0.3, ""model.ed_weight"": 1.0, ""model.min_gate"": 0.15, ""model.gate_beta0_init"": 2.0, ""model.gate_beta1_init"": 4.0}",/home/infolab/mnt/mingyu/review_rec/rating4review/results/scg_rgcl_42_Amazon_Office_Products_14_20260515_051457_976867/test_results.json,0.8848700506911804,,,"{""mse"": 0.7829950066102123, ""rmse"": 0.8848700506911804, ""mae"": 0.6702529532696719, ""num_samples"": 5325, ""eval_clip"": false, ""min_rating"": 1.0, ""max_rating"": 5.0, ""unclipped_prediction_min"": 1.9975792169570923, ""unclipped_prediction_max"": 4.888492107391357, ""clipped_prediction_min"": 1.9975792169570923, ""clipped_prediction_max"": 4.888492107391357, ""label_min"": 1.0, ""label_max"": 5.0, ""rating_mean"": 4.317183017730713, ""rating_std"": 0.9550731778144836, ""rating_distribution"": {""1.0"": 126, ""2.0"": 194, ""3.0"": 514, ""4.0"": 1522, ""5.0"": 2969}, ""pred_mean"": 4.331655046055574, ""pred_std"": 0.30322986619653547, ""pred_min"": 1.9975792169570923, ""pred_max"": 4.888492107391357, ""abs_error_mean"": 0.6702529532696719, ""abs_error_p90"": 1.317589378356934, ""abs_error_p95"": 1.8750093460083022, ""abs_error_p99"": 3.2304683876037608, ""abs_error_max"": 3.7299680709838867, ""mean_gate"": 0.8597252368927002, ""std_gate"": 0.034629181027412415, ""min_gate_value"": 0.2527245283126831, ""max_gate_value"": 0.8992457389831543, ""mean_edge_misalign_score"": 0.09162653982639313, ""best_valid_metric"": 0.8475635646723381}",
round1_model.embedding_size_128,ok,0,"{""training.lr"": 0.005, ""training.weight_decay"": 0.0, ""training.grad_clip"": 5.0, ""model.embedding_size"": 128, ""model.num_layers"": 1, ""model.dropout"": 0.7, ""model.node_dropout"": 0.8, ""model.nd_weight"": 0.3, ""model.ed_weight"": 1.0, ""model.min_gate"": 0.15, ""model.gate_beta0_init"": 2.0, ""model.gate_beta1_init"": 4.0}",/home/infolab/mnt/mingyu/review_rec/rating4review/results/scg_rgcl_42_Amazon_Office_Products_14_20260515_051557_591976/test_results.json,0.8754681736171624,,,"{""mse"": 0.7664445230165702, ""rmse"": 0.8754681736171624, ""mae"": 0.6513117868127957, ""num_samples"": 5325, ""eval_clip"": false, ""min_rating"": 1.0, ""max_rating"": 5.0, ""unclipped_prediction_min"": 1.9394779205322266, ""unclipped_prediction_max"": 4.95245361328125, ""clipped_prediction_min"": 1.9394779205322266, ""clipped_prediction_max"": 4.95245361328125, ""label_min"": 1.0, ""label_max"": 5.0, ""rating_mean"": 4.317183017730713, ""rating_std"": 0.9550731778144836, ""rating_distribution"": {""1.0"": 126, ""2.0"": 194, ""3.0"": 514, ""4.0"": 1522, ""5.0"": 2969}, ""pred_mean"": 4.344630563494185, ""pred_std"": 0.34007419207442285, ""pred_min"": 1.9394779205322266, ""pred_max"": 4.95245361328125, ""abs_error_mean"": 0.6513117868127957, ""abs_error_p90"": 1.2982500076293952, ""abs_error_p95"": 1.8444684982299822, ""abs_error_p99"": 3.198072624206548, ""abs_error_max"": 3.8295669555664062, ""mean_gate"": 0.859750509262085, ""std_gate"": 0.03465380519628525, ""min_gate_value"": 0.25250521302223206, ""max_gate_value"": 0.8992915153503418, ""mean_edge_misalign_score"": 0.09162653982639313, ""best_valid_metric"": 0.8355814683236935}",
round1_model.num_layers_2,ok,0,"{""training.lr"": 0.005, ""training.weight_decay"": 0.0, ""training.grad_clip"": 5.0, ""model.embedding_size"": 128, ""model.num_layers"": 2, ""model.dropout"": 0.7, ""model.node_dropout"": 0.8, ""model.nd_weight"": 0.3, ""model.ed_weight"": 1.0, ""model.min_gate"": 0.15, ""model.gate_beta0_init"": 2.0, ""model.gate_beta1_init"": 4.0}",/home/infolab/mnt/mingyu/review_rec/rating4review/results/scg_rgcl_42_Amazon_Office_Products_14_20260515_051658_321827/test_results.json,0.8816084458639858,,,"{""mse"": 0.7772334518187124, ""rmse"": 0.8816084458639858, ""mae"": 0.6541123082604207, ""num_samples"": 5325, ""eval_clip"": false, ""min_rating"": 1.0, ""max_rating"": 5.0, ""unclipped_prediction_min"": 1.8836183547973633, ""unclipped_prediction_max"": 4.935140609741211, ""clipped_prediction_min"": 1.8836183547973633, ""clipped_prediction_max"": 4.935140609741211, ""label_min"": 1.0, ""label_max"": 5.0, ""rating_mean"": 4.317183017730713, ""rating_std"": 0.9550731778144836, ""rating_distribution"": {""1.0"": 126, ""2.0"": 194, ""3.0"": 514, ""4.0"": 1522, ""5.0"": 2969}, ""pred_mean"": 4.385319077173869, ""pred_std"": 0.3023353987626914, ""pred_min"": 1.8836183547973633, ""pred_max"": 4.935140609741211, ""abs_error_mean"": 0.6541123082604207, ""abs_error_p90"": 1.3200565338134767, ""abs_error_p95"": 1.9580204010009776, ""abs_error_p99"": 3.2570027923583993, ""abs_error_max"": 3.825976848602295, ""mean_gate"": 0.8589217662811279, ""std_gate"": 0.034820735454559326, ""min_gate_value"": 0.2514968514442444, ""max_gate_value"": 0.8986963033676147, ""mean_edge_misalign_score"": 0.09162654727697372, ""best_valid_metric"": 0.8409179005793701}",
round1_model.dropout_0.3,ok,0,"{""training.lr"": 0.005, ""training.weight_decay"": 0.0, ""training.grad_clip"": 5.0, ""model.embedding_size"": 128, ""model.num_layers"": 1, ""model.dropout"": 0.3, ""model.node_dropout"": 0.8, ""model.nd_weight"": 0.3, ""model.ed_weight"": 1.0, ""model.min_gate"": 0.15, ""model.gate_beta0_init"": 2.0, ""model.gate_beta1_init"": 4.0}",/home/infolab/mnt/mingyu/review_rec/rating4review/results/scg_rgcl_42_Amazon_Office_Products_14_20260515_051803_215937/test_results.json,0.8779279066219644,,,"{""mse"": 0.7707574092256247, ""rmse"": 0.8779279066219644, ""mae"": 0.6378623689732081, ""num_samples"": 5325, ""eval_clip"": false, ""min_rating"": 1.0, ""max_rating"": 5.0, ""unclipped_prediction_min"": 1.2918065786361694, ""unclipped_prediction_max"": 4.9867706298828125, ""clipped_prediction_min"": 1.2918065786361694, ""clipped_prediction_max"": 4.9867706298828125, ""label_min"": 1.0, ""label_max"": 5.0, ""rating_mean"": 4.317183017730713, ""rating_std"": 0.9550731778144836, ""rating_distribution"": {""1.0"": 126, ""2.0"": 194, ""3.0"": 514, ""4.0"": 1522, ""5.0"": 2969}, ""pred_mean"": 4.340699768021633, ""pred_std"": 0.4374088788088818, ""pred_min"": 1.2918065786361694, ""pred_max"": 4.9867706298828125, ""abs_error_mean"": 0.6378623689732081, ""abs_error_p90"": 1.3726594924926758, ""abs_error_p95"": 1.8442174911499034, ""abs_error_p99"": 3.192563705444338, ""abs_error_max"": 3.880396842956543, ""mean_gate"": 0.861086905002594, ""std_gate"": 0.034332577139139175, ""min_gate_value"": 0.25459522008895874, ""max_gate_value"": 0.9002037048339844, ""mean_edge_misalign_score"": 0.09162653982639313, ""best_valid_metric"": 0.8289911403619685}",
round1_model.dropout_0.5,ok,0,"{""training.lr"": 0.005, ""training.weight_decay"": 0.0, ""training.grad_clip"": 5.0, ""model.embedding_size"": 128, ""model.num_layers"": 1, ""model.dropout"": 0.5, ""model.node_dropout"": 0.8, ""model.nd_weight"": 0.3, ""model.ed_weight"": 1.0, ""model.min_gate"": 0.15, ""model.gate_beta0_init"": 2.0, ""model.gate_beta1_init"": 4.0}",/home/infolab/mnt/mingyu/review_rec/rating4review/results/scg_rgcl_42_Amazon_Office_Products_14_20260515_051904_313596/test_results.json,0.8761444314870898,,,"{""mse"": 0.7676290648258357, ""rmse"": 0.8761444314870898, ""mae"": 0.641263547145145, ""num_samples"": 5325, ""eval_clip"": false, ""min_rating"": 1.0, ""max_rating"": 5.0, ""unclipped_prediction_min"": 1.3523931503295898, ""unclipped_prediction_max"": 4.9791131019592285, ""clipped_prediction_min"": 1.3523931503295898, ""clipped_prediction_max"": 4.9791131019592285, ""label_min"": 1.0, ""label_max"": 5.0, ""rating_mean"": 4.317183017730713, ""rating_std"": 0.9550731778144836, ""rating_distribution"": {""1.0"": 126, ""2.0"": 194, ""3.0"": 514, ""4.0"": 1522, ""5.0"": 2969}, ""pred_mean"": 4.334994530162901, ""pred_std"": 0.4361822492297918, ""pred_min"": 1.3523931503295898, ""pred_max"": 4.9791131019592285, ""abs_error_mean"": 0.641263547145145, ""abs_error_p90"": 1.3728144645690923, ""abs_error_p95"": 1.8411440372467045, ""abs_error_p99"": 3.152528305053712, ""abs_error_max"": 3.8795766830444336, ""mean_gate"": 0.8606115579605103, ""std_gate"": 0.03444746136665344, ""min_gate_value"": 0.25384199619293213, ""max_gate_value"": 0.8998798131942749, ""mean_edge_misalign_score"": 0.09162653982639313, ""best_valid_metric"": 0.8282558508176753}",
round1_model.node_dropout_0.5,ok,0,"{""training.lr"": 0.005, ""training.weight_decay"": 0.0, ""training.grad_clip"": 5.0, ""model.embedding_size"": 128, ""model.num_layers"": 1, ""model.dropout"": 0.7, ""model.node_dropout"": 0.5, ""model.nd_weight"": 0.3, ""model.ed_weight"": 1.0, ""model.min_gate"": 0.15, ""model.gate_beta0_init"": 2.0, ""model.gate_beta1_init"": 4.0}",/home/infolab/mnt/mingyu/review_rec/rating4review/results/scg_rgcl_42_Amazon_Office_Products_14_20260515_052005_567405/test_results.json,0.8754681757755342,,,"{""mse"": 0.7664445267957415, ""rmse"": 0.8754681757755342, ""mae"": 0.651311787350077, ""num_samples"": 5325, ""eval_clip"": false, ""min_rating"": 1.0, ""max_rating"": 5.0, ""unclipped_prediction_min"": 1.9394779205322266, ""unclipped_prediction_max"": 4.95245361328125, ""clipped_prediction_min"": 1.9394779205322266, ""clipped_prediction_max"": 4.95245361328125, ""label_min"": 1.0, ""label_max"": 5.0, ""rating_mean"": 4.317183017730713, ""rating_std"": 0.9550731778144836, ""rating_distribution"": {""1.0"": 126, ""2.0"": 194, ""3.0"": 514, ""4.0"": 1522, ""5.0"": 2969}, ""pred_mean"": 4.344630561971888, ""pred_std"": 0.3400741958820618, ""pred_min"": 1.9394779205322266, ""pred_max"": 4.95245361328125, ""abs_error_mean"": 0.651311787350077, ""abs_error_p90"": 1.2982500076293952, ""abs_error_p95"": 1.8444685935974139, ""abs_error_p99"": 3.198072261810308, ""abs_error_max"": 3.8295669555664062, ""mean_gate"": 0.859750509262085, ""std_gate"": 0.03465380519628525, ""min_gate_value"": 0.25250521302223206, ""max_gate_value"": 0.8992915153503418, ""mean_edge_misalign_score"": 0.09162653982639313, ""best_valid_metric"": 0.8355814651092339}",
round1_model.node_dropout_0.7,ok,0,"{""training.lr"": 0.005, ""training.weight_decay"": 0.0, ""training.grad_clip"": 5.0, ""model.embedding_size"": 128, ""model.num_layers"": 1, ""model.dropout"": 0.7, ""model.node_dropout"": 0.7, ""model.nd_weight"": 0.3, ""model.ed_weight"": 1.0, ""model.min_gate"": 0.15, ""model.gate_beta0_init"": 2.0, ""model.gate_beta1_init"": 4.0}",/home/infolab/mnt/mingyu/review_rec/rating4review/results/scg_rgcl_42_Amazon_Office_Products_14_20260515_052107_376809/test_results.json,0.8754681702027468,,,"{""mse"": 0.7664445170381456, ""rmse"": 0.8754681702027468, ""mae"": 0.6513117804101936, ""num_samples"": 5325, ""eval_clip"": false, ""min_rating"": 1.0, ""max_rating"": 5.0, ""unclipped_prediction_min"": 1.9394779205322266, ""unclipped_prediction_max"": 4.95245361328125, ""clipped_prediction_min"": 1.9394779205322266, ""clipped_prediction_max"": 4.95245361328125, ""label_min"": 1.0, ""label_max"": 5.0, ""rating_mean"": 4.317183017730713, ""rating_std"": 0.9550731778144836, ""rating_distribution"": {""1.0"": 126, ""2.0"": 194, ""3.0"": 514, ""4.0"": 1522, ""5.0"": 2969}, ""pred_mean"": 4.3446305672999275, ""pred_std"": 0.34007419706996167, ""pred_min"": 1.9394779205322266, ""pred_max"": 4.95245361328125, ""abs_error_mean"": 0.6513117804101936, ""abs_error_p90"": 1.2982500076293952, ""abs_error_p95"": 1.8444683551788348, ""abs_error_p99"": 3.198072261810308, ""abs_error_max"": 3.8295669555664062, ""mean_gate"": 0.859750509262085, ""std_gate"": 0.03465380519628525, ""min_gate_value"": 0.25250521302223206, ""max_gate_value"": 0.8992915153503418, ""mean_edge_misalign_score"": 0.09162653982639313, ""best_valid_metric"": 0.8355814633774274}",
round1_model.nd_weight_0.1,ok,0,"{""training.lr"": 0.005, ""training.weight_decay"": 0.0, ""training.grad_clip"": 5.0, ""model.embedding_size"": 128, ""model.num_layers"": 1, ""model.dropout"": 0.7, ""model.node_dropout"": 0.7, ""model.nd_weight"": 0.1, ""model.ed_weight"": 1.0, ""model.min_gate"": 0.15, ""model.gate_beta0_init"": 2.0, ""model.gate_beta1_init"": 4.0}",/home/infolab/mnt/mingyu/review_rec/rating4review/results/scg_rgcl_42_Amazon_Office_Products_14_20260515_052208_416115/test_results.json,0.8751266958249024,,,"{""mse"": 0.7658467337454112, ""rmse"": 0.8751266958249024, ""mae"": 0.6522617510003104, ""num_samples"": 5325, ""eval_clip"": false, ""min_rating"": 1.0, ""max_rating"": 5.0, ""unclipped_prediction_min"": 1.923477292060852, ""unclipped_prediction_max"": 4.950139999389648, ""clipped_prediction_min"": 1.923477292060852, ""clipped_prediction_max"": 4.950139999389648, ""label_min"": 1.0, ""label_max"": 5.0, ""rating_mean"": 4.317183017730713, ""rating_std"": 0.9550731778144836, ""rating_distribution"": {""1.0"": 126, ""2.0"": 194, ""3.0"": 514, ""4.0"": 1522, ""5.0"": 2969}, ""pred_mean"": 4.341461812923772, ""pred_std"": 0.33990399957592876, ""pred_min"": 1.923477292060852, ""pred_max"": 4.950139999389648, ""abs_error_mean"": 0.6522617510003104, ""abs_error_p90"": 1.2998066902160648, ""abs_error_p95"": 1.832133293151856, ""abs_error_p99"": 3.1932934951782275, ""abs_error_max"": 3.8264613151550293, ""mean_gate"": 0.8595656752586365, ""std_gate"": 0.0346958190202713, ""min_gate_value"": 0.2522394359111786, ""max_gate_value"": 0.8991632461547852, ""mean_edge_misalign_score"": 0.09162653982639313, ""best_valid_metric"": 0.8352673386998283}",
round1_model.nd_weight_0.5,ok,0,"{""training.lr"": 0.005, ""training.weight_decay"": 0.0, ""training.grad_clip"": 5.0, ""model.embedding_size"": 128, ""model.num_layers"": 1, ""model.dropout"": 0.7, ""model.node_dropout"": 0.7, ""model.nd_weight"": 0.5, ""model.ed_weight"": 1.0, ""model.min_gate"": 0.15, ""model.gate_beta0_init"": 2.0, ""model.gate_beta1_init"": 4.0}",/home/infolab/mnt/mingyu/review_rec/rating4review/results/scg_rgcl_42_Amazon_Office_Products_14_20260515_052310_156565/test_results.json,0.8759721359243975,,,"{""mse"": 0.767327182915951, ""rmse"": 0.8759721359243975, ""mae"": 0.6505584504570759, ""num_samples"": 5325, ""eval_clip"": false, ""min_rating"": 1.0, ""max_rating"": 5.0, ""unclipped_prediction_min"": 1.962129831314087, ""unclipped_prediction_max"": 4.953604698181152, ""clipped_prediction_min"": 1.962129831314087, ""clipped_prediction_max"": 4.953604698181152, ""label_min"": 1.0, ""label_max"": 5.0, ""rating_mean"": 4.317183017730713, ""rating_std"": 0.9550731778144836, ""rating_distribution"": {""1.0"": 126, ""2.0"": 194, ""3.0"": 514, ""4.0"": 1522, ""5.0"": 2969}, ""pred_mean"": 4.348944496190604, ""pred_std"": 0.3388295232180014, ""pred_min"": 1.962129831314087, ""pred_max"": 4.953604698181152, ""abs_error_mean"": 0.6505584504570759, ""abs_error_p90"": 1.300041151046753, ""abs_error_p95"": 1.8650546073913594, ""abs_error_p99"": 3.204091873168949, ""abs_error_max"": 3.831294059753418, ""mean_gate"": 0.8598995804786682, ""std_gate"": 0.034620124846696854, ""min_gate_value"": 0.2527182400226593, ""max_gate_value"": 0.8993953466415405, ""mean_edge_misalign_score"": 0.09162653982639313, ""best_valid_metric"": 0.8360634420952783}",
round1_model.ed_weight_0.3,ok,0,"{""training.lr"": 0.005, ""training.weight_decay"": 0.0, ""training.grad_clip"": 5.0, ""model.embedding_size"": 128, ""model.num_layers"": 1, ""model.dropout"": 0.7, ""model.node_dropout"": 0.7, ""model.nd_weight"": 0.1, ""model.ed_weight"": 0.3, ""model.min_gate"": 0.15, ""model.gate_beta0_init"": 2.0, ""model.gate_beta1_init"": 4.0}",/home/infolab/mnt/mingyu/review_rec/rating4review/results/scg_rgcl_42_Amazon_Office_Products_14_20260515_052412_310459/test_results.json,0.8726751176464783,,,"{""mse"": 0.7615618609592947, ""rmse"": 0.8726751176464783, ""mae"": 0.6396437552277471, ""num_samples"": 5325, ""eval_clip"": false, ""min_rating"": 1.0, ""max_rating"": 5.0, ""unclipped_prediction_min"": 1.6497797966003418, ""unclipped_prediction_max"": 4.9706268310546875, ""clipped_prediction_min"": 1.6497797966003418, ""clipped_prediction_max"": 4.9706268310546875, ""label_min"": 1.0, ""label_max"": 5.0, ""rating_mean"": 4.317183017730713, ""rating_std"": 0.9550731778144836, ""rating_distribution"": {""1.0"": 126, ""2.0"": 194, ""3.0"": 514, ""4.0"": 1522, ""5.0"": 2969}, ""pred_mean"": 4.3563566291612075, ""pred_std"": 0.3865964141539063, ""pred_min"": 1.6497797966003418, ""pred_max"": 4.9706268310546875, ""abs_error_mean"": 0.6396437552277471, ""abs_error_p90"": 1.3164535522460938, ""abs_error_p95"": 1.7988132476806649, ""abs_error_p99"": 3.2626150512695347, ""abs_error_max"": 3.858639717102051, ""mean_gate"": 0.8589729070663452, ""std_gate"": 0.03481340408325195, ""min_gate_value"": 0.251534104347229, ""max_gate_value"": 0.8987358808517456, ""mean_edge_misalign_score"": 0.09162653982639313, ""best_valid_metric"": 0.8295975278943132}",
round1_model.ed_weight_0.7,ok,0,"{""training.lr"": 0.005, ""training.weight_decay"": 0.0, ""training.grad_clip"": 5.0, ""model.embedding_size"": 128, ""model.num_layers"": 1, ""model.dropout"": 0.7, ""model.node_dropout"": 0.7, ""model.nd_weight"": 0.1, ""model.ed_weight"": 0.7, ""model.min_gate"": 0.15, ""model.gate_beta0_init"": 2.0, ""model.gate_beta1_init"": 4.0}",/home/infolab/mnt/mingyu/review_rec/rating4review/results/scg_rgcl_42_Amazon_Office_Products_14_20260515_052513_928871/test_results.json,0.8732363554333176,,,"{""mse"": 0.7625417324504634, ""rmse"": 0.8732363554333176, ""mae"": 0.653495379344958, ""num_samples"": 5325, ""eval_clip"": false, ""min_rating"": 1.0, ""max_rating"": 5.0, ""unclipped_prediction_min"": 1.8545691967010498, ""unclipped_prediction_max"": 4.95265531539917, ""clipped_prediction_min"": 1.8545691967010498, ""clipped_prediction_max"": 4.95265531539917, ""label_min"": 1.0, ""label_max"": 5.0, ""rating_mean"": 4.317183017730713, ""rating_std"": 0.9550731778144836, ""rating_distribution"": {""1.0"": 126, ""2.0"": 194, ""3.0"": 514, ""4.0"": 1522, ""5.0"": 2969}, ""pred_mean"": 4.320216555975972, ""pred_std"": 0.3533705484880144, ""pred_min"": 1.8545691967010498, ""pred_max"": 4.95265531539917, ""abs_error_mean"": 0.653495379344958, ""abs_error_p90"": 1.2805628776550293, ""abs_error_p95"": 1.805561161041261, ""abs_error_p99"": 3.1777169799804756, ""abs_error_max"": 3.828449249267578, ""mean_gate"": 0.8592739701271057, ""std_gate"": 0.034754980355501175, ""min_gate_value"": 0.2518810033798218, ""max_gate_value"": 0.8989540338516235, ""mean_edge_misalign_score"": 0.09162653982639313, ""best_valid_metric"": 0.8331965859575546}",
round1_model.min_gate_0.05,ok,0,"{""training.lr"": 0.005, ""training.weight_decay"": 0.0, ""training.grad_clip"": 5.0, ""model.embedding_size"": 128, ""model.num_layers"": 1, ""model.dropout"": 0.7, ""model.node_dropout"": 0.7, ""model.nd_weight"": 0.1, ""model.ed_weight"": 0.3, ""model.min_gate"": 0.05, ""model.gate_beta0_init"": 2.0, ""model.gate_beta1_init"": 4.0}",/home/infolab/mnt/mingyu/review_rec/rating4review/results/scg_rgcl_42_Amazon_Office_Products_14_20260515_052617_042443/test_results.json,0.8727769409360568,,,"{""mse"": 0.7617395886297013, ""rmse"": 0.8727769409360568, ""mae"": 0.6404066900244341, ""num_samples"": 5325, ""eval_clip"": false, ""min_rating"": 1.0, ""max_rating"": 5.0, ""unclipped_prediction_min"": 1.6693902015686035, ""unclipped_prediction_max"": 4.971362113952637, ""clipped_prediction_min"": 1.6693902015686035, ""clipped_prediction_max"": 4.971362113952637, ""label_min"": 1.0, ""label_max"": 5.0, ""rating_mean"": 4.317183017730713, ""rating_std"": 0.9550731778144836, ""rating_distribution"": {""1.0"": 126, ""2.0"": 194, ""3.0"": 514, ""4.0"": 1522, ""5.0"": 2969}, ""pred_mean"": 4.350594256718954, ""pred_std"": 0.3884844261775274, ""pred_min"": 1.6693902015686035, ""pred_max"": 4.971362113952637, ""abs_error_mean"": 0.6404066900244341, ""abs_error_p90"": 1.3162578582763673, ""abs_error_p95"": 1.7867943763732927, ""abs_error_p99"": 3.25416723251343, ""abs_error_max"": 3.8556694984436035, ""mean_gate"": 0.8424323201179504, ""std_gate"": 0.03889427334070206, ""min_gate_value"": 0.16357912123203278, ""max_gate_value"": 0.8868545889854431, ""mean_edge_misalign_score"": 0.09162653982639313, ""best_valid_metric"": 0.829896482837864}",
round1_model.min_gate_0.1,ok,0,"{""training.lr"": 0.005, ""training.weight_decay"": 0.0, ""training.grad_clip"": 5.0, ""model.embedding_size"": 128, ""model.num_layers"": 1, ""model.dropout"": 0.7, ""model.node_dropout"": 0.7, ""model.nd_weight"": 0.1, ""model.ed_weight"": 0.3, ""model.min_gate"": 0.1, ""model.gate_beta0_init"": 2.0, ""model.gate_beta1_init"": 4.0}",/home/infolab/mnt/mingyu/review_rec/rating4review/results/scg_rgcl_42_Amazon_Office_Products_14_20260515_052718_556692/test_results.json,0.8730696585206795,,,"{""mse"": 0.762250628629416, ""rmse"": 0.8730696585206795, ""mae"": 0.6385621076010762, ""num_samples"": 5325, ""eval_clip"": false, ""min_rating"": 1.0, ""max_rating"": 5.0, ""unclipped_prediction_min"": 1.6585533618927002, ""unclipped_prediction_max"": 4.971128940582275, ""clipped_prediction_min"": 1.6585533618927002, ""clipped_prediction_max"": 4.971128940582275, ""label_min"": 1.0, ""label_max"": 5.0, ""rating_mean"": 4.317183017730713, ""rating_std"": 0.9550731778144836, ""rating_distribution"": {""1.0"": 126, ""2.0"": 194, ""3.0"": 514, ""4.0"": 1522, ""5.0"": 2969}, ""pred_mean"": 4.363931632489666, ""pred_std"": 0.38412959600832286, ""pred_min"": 1.6585533618927002, ""pred_max"": 4.971128940582275, ""abs_error_mean"": 0.6385621076010762, ""abs_error_p90"": 1.320325660705567, ""abs_error_p95"": 1.8050191879272461, ""abs_error_p99"": 3.27044836044312, ""abs_error_max"": 3.8624258041381836, ""mean_gate"": 0.8507080674171448, ""std_gate"": 0.036853037774562836, ""min_gate_value"": 0.20756074786186218, ""max_gate_value"": 0.8927993774414062, ""mean_edge_misalign_score"": 0.09162653982639313, ""best_valid_metric"": 0.829838156370187}",
round1_model.min_gate_0.2,ok,0,"{""training.lr"": 0.005, ""training.weight_decay"": 0.0, ""training.grad_clip"": 5.0, ""model.embedding_size"": 128, ""model.num_layers"": 1, ""model.dropout"": 0.7, ""model.node_dropout"": 0.7, ""model.nd_weight"": 0.1, ""model.ed_weight"": 0.3, ""model.min_gate"": 0.2, ""model.gate_beta0_init"": 2.0, ""model.gate_beta1_init"": 4.0}",/home/infolab/mnt/mingyu/review_rec/rating4review/results/scg_rgcl_42_Amazon_Office_Products_14_20260515_052821_550534/test_results.json,0.8723815295112158,,,"{""mse"": 0.7610495330323284, ""rmse"": 0.8723815295112158, ""mae"": 0.6407690883690202, ""num_samples"": 5325, ""eval_clip"": false, ""min_rating"": 1.0, ""max_rating"": 5.0, ""unclipped_prediction_min"": 1.642467975616455, ""unclipped_prediction_max"": 4.970038414001465, ""clipped_prediction_min"": 1.642467975616455, ""clipped_prediction_max"": 4.970038414001465, ""label_min"": 1.0, ""label_max"": 5.0, ""rating_mean"": 4.317183017730713, ""rating_std"": 0.9550731778144836, ""rating_distribution"": {""1.0"": 126, ""2.0"": 194, ""3.0"": 514, ""4.0"": 1522, ""5.0"": 2969}, ""pred_mean"": 4.349180766271314, ""pred_std"": 0.388417306101732, ""pred_min"": 1.642467975616455, ""pred_max"": 4.970038414001465, ""abs_error_mean"": 0.6407690883690202, ""abs_error_p90"": 1.3156634330749515, ""abs_error_p95"": 1.787841033935549, ""abs_error_p99"": 3.2527862548828144, ""abs_error_max"": 3.8544530868530273, ""mean_gate"": 0.8672382831573486, ""std_gate"": 0.03277355805039406, ""min_gate_value"": 0.2955090403556824, ""max_gate_value"": 0.9046725034713745, ""mean_edge_misalign_score"": 0.09162653982639313, ""best_valid_metric"": 0.8294672203791605}",
round1_model.gate_beta0_init_1.0,ok,0,"{""training.lr"": 0.005, ""training.weight_decay"": 0.0, ""training.grad_clip"": 5.0, ""model.embedding_size"": 128, ""model.num_layers"": 1, ""model.dropout"": 0.7, ""model.node_dropout"": 0.7, ""model.nd_weight"": 0.1, ""model.ed_weight"": 0.3, ""model.min_gate"": 0.2, ""model.gate_beta0_init"": 1.0, ""model.gate_beta1_init"": 4.0}",/home/infolab/mnt/mingyu/review_rec/rating4review/results/scg_rgcl_42_Amazon_Office_Products_14_20260515_052921_164507/test_results.json,0.8752633350530387,,,"{""mse"": 0.7660859056881678, ""rmse"": 0.8752633350530387, ""mae"": 0.652381258592919, ""num_samples"": 5325, ""eval_clip"": false, ""min_rating"": 1.0, ""max_rating"": 5.0, ""unclipped_prediction_min"": 2.026312828063965, ""unclipped_prediction_max"": 4.956524848937988, ""clipped_prediction_min"": 2.026312828063965, ""clipped_prediction_max"": 4.956524848937988, ""label_min"": 1.0, ""label_max"": 5.0, ""rating_mean"": 4.317183017730713, ""rating_std"": 0.9550731778144836, ""rating_distribution"": {""1.0"": 126, ""2.0"": 194, ""3.0"": 514, ""4.0"": 1522, ""5.0"": 2969}, ""pred_mean"": 4.345368595302385, ""pred_std"": 0.3311664463601352, ""pred_min"": 2.026312828063965, ""pred_max"": 4.956524848937988, ""abs_error_mean"": 0.652381258592919, ""abs_error_p90"": 1.2830986022949222, ""abs_error_p95"": 1.8428370475769045, ""abs_error_p99"": 3.1955722808837894, ""abs_error_max"": 3.817903995513916, ""mean_gate"": 0.723311185836792, ""std_gate"": 0.045369356870651245, ""min_gate_value"": 0.23867154121398926, ""max_gate_value"": 0.7862180471420288, ""mean_edge_misalign_score"": 0.09162653982639313, ""best_valid_metric"": 0.8344490008726972}",
round1_model.gate_beta0_init_3.0,ok,0,"{""training.lr"": 0.005, ""training.weight_decay"": 0.0, ""training.grad_clip"": 5.0, ""model.embedding_size"": 128, ""model.num_layers"": 1, ""model.dropout"": 0.7, ""model.node_dropout"": 0.7, ""model.nd_weight"": 0.1, ""model.ed_weight"": 0.3, ""model.min_gate"": 0.2, ""model.gate_beta0_init"": 3.0, ""model.gate_beta1_init"": 4.0}",/home/infolab/mnt/mingyu/review_rec/rating4review/results/scg_rgcl_42_Amazon_Office_Products_14_20260515_053221_071606/test_results.json,0.8712561874431095,,,"{""mse"": 0.7590873441579027, ""rmse"": 0.8712561874431095, ""mae"": 0.6480602075012637, ""num_samples"": 5325, ""eval_clip"": false, ""min_rating"": 1.0, ""max_rating"": 5.0, ""unclipped_prediction_min"": 1.4873067140579224, ""unclipped_prediction_max"": 4.961619853973389, ""clipped_prediction_min"": 1.4873067140579224, ""clipped_prediction_max"": 4.961619853973389, ""label_min"": 1.0, ""label_max"": 5.0, ""rating_mean"": 4.317183017730713, ""rating_std"": 0.9550731778144836, ""rating_distribution"": {""1.0"": 126, ""2.0"": 194, ""3.0"": 514, ""4.0"": 1522, ""5.0"": 2969}, ""pred_mean"": 4.321310375598674, ""pred_std"": 0.38413520718662886, ""pred_min"": 1.4873067140579224, ""pred_max"": 4.961619853973389, ""abs_error_mean"": 0.6480602075012637, ""abs_error_p90"": 1.3032200336456303, ""abs_error_p95"": 1.784200525283814, ""abs_error_p99"": 3.205027103424077, ""abs_error_max"": 3.824301242828369, ""mean_gate"": 0.9447290301322937, ""std_gate"": 0.01795368827879429, ""min_gate_value"": 0.4143109917640686, ""max_gate_value"": 0.9619476199150085, ""mean_edge_misalign_score"": 0.09162653982639313, ""best_valid_metric"": 0.8288424339867152}",
round1_model.gate_beta1_init_2.0,ok,0,"{""training.lr"": 0.005, ""training.weight_decay"": 0.0, ""training.grad_clip"": 5.0, ""model.embedding_size"": 128, ""model.num_layers"": 1, ""model.dropout"": 0.7, ""model.node_dropout"": 0.7, ""model.nd_weight"": 0.1, ""model.ed_weight"": 0.3, ""model.min_gate"": 0.2, ""model.gate_beta0_init"": 3.0, ""model.gate_beta1_init"": 2.0}",/home/infolab/mnt/mingyu/review_rec/rating4review/results/scg_rgcl_42_Amazon_Office_Products_14_20260515_053319_966650/test_results.json,0.87092310498826,,,"{""mse"": 0.7585070548023918, ""rmse"": 0.87092310498826, ""mae"": 0.6485136838698051, ""num_samples"": 5325, ""eval_clip"": false, ""min_rating"": 1.0, ""max_rating"": 5.0, ""unclipped_prediction_min"": 1.5297749042510986, ""unclipped_prediction_max"": 4.958480358123779, ""clipped_prediction_min"": 1.5297749042510986, ""clipped_prediction_max"": 4.958480358123779, ""label_min"": 1.0, ""label_max"": 5.0, ""rating_mean"": 4.317183017730713, ""rating_std"": 0.9550731778144836, ""rating_distribution"": {""1.0"": 126, ""2.0"": 194, ""3.0"": 514, ""4.0"": 1522, ""5.0"": 2969}, ""pred_mean"": 4.3207906151489475, ""pred_std"": 0.3771873633777979, ""pred_min"": 1.5297749042510986, ""pred_max"": 4.958480358123779, ""abs_error_mean"": 0.6485136838698051, ""abs_error_p90"": 1.2983819007873538, ""abs_error_p95"": 1.7784801483154307, ""abs_error_p99"": 3.214931545257574, ""abs_error_max"": 3.817444324493408, ""mean_gate"": 0.9543833136558533, ""std_gate"": 0.0063742478378117085, ""min_gate_value"": 0.7837334275245667, ""max_gate_value"": 0.9619311094284058, ""mean_edge_misalign_score"": 0.09162653982639313, ""best_valid_metric"": 0.8293383130559537}",
round1_model.gate_beta1_init_6.0,ok,0,"{""training.lr"": 0.005, ""training.weight_decay"": 0.0, ""training.grad_clip"": 5.0, ""model.embedding_size"": 128, ""model.num_layers"": 1, ""model.dropout"": 0.7, ""model.node_dropout"": 0.7, ""model.nd_weight"": 0.1, ""model.ed_weight"": 0.3, ""model.min_gate"": 0.2, ""model.gate_beta0_init"": 3.0, ""model.gate_beta1_init"": 6.0}",/home/infolab/mnt/mingyu/review_rec/rating4review/results/scg_rgcl_42_Amazon_Office_Products_14_20260515_053419_049413/test_results.json,0.871731498650171,,,"{""mse"": 0.7599158057388731, ""rmse"": 0.871731498650171, ""mae"": 0.644242067426583, ""num_samples"": 5325, ""eval_clip"": false, ""min_rating"": 1.0, ""max_rating"": 5.0, ""unclipped_prediction_min"": 1.537196159362793, ""unclipped_prediction_max"": 4.9655914306640625, ""clipped_prediction_min"": 1.537196159362793, ""clipped_prediction_max"": 4.9655914306640625, ""label_min"": 1.0, ""label_max"": 5.0, ""rating_mean"": 4.317183017730713, ""rating_std"": 0.9550731778144836, ""rating_distribution"": {""1.0"": 126, ""2.0"": 194, ""3.0"": 514, ""4.0"": 1522, ""5.0"": 2969}, ""pred_mean"": 4.330408154921912, ""pred_std"": 0.3899030961786114, ""pred_min"": 1.537196159362793, ""pred_max"": 4.9655914306640625, ""abs_error_mean"": 0.644242067426583, ""abs_error_p90"": 1.3083919525146486, ""abs_error_p95"": 1.7673025131225597, ""abs_error_p99"": 3.2204873275756882, ""abs_error_max"": 3.826666831970215, ""mean_gate"": 0.9324983954429626, ""std_gate"": 0.03426410257816315, ""min_gate_value"": 0.2377886176109314, ""max_gate_value"": 0.9619469046592712, ""mean_edge_misalign_score"": 0.09162653982639313, ""best_valid_metric"": 0.8287780206177988}",
round2_training.lr_0.003,ok,0,"{""training.lr"": 0.003, ""training.weight_decay"": 0.0, ""training.grad_clip"": 5.0, ""model.embedding_size"": 128, ""model.num_layers"": 1, ""model.dropout"": 0.7, ""model.node_dropout"": 0.7, ""model.nd_weight"": 0.1, ""model.ed_weight"": 0.3, ""model.min_gate"": 0.2, ""model.gate_beta0_init"": 3.0, ""model.gate_beta1_init"": 2.0}",/home/infolab/mnt/mingyu/review_rec/rating4review/results/scg_rgcl_42_Amazon_Office_Products_14_20260515_053520_545342/test_results.json,0.8714703913733832,,,"{""mse"": 0.7594606430404778, ""rmse"": 0.8714703913733832, ""mae"": 0.6439570586110505, ""num_samples"": 5325, ""eval_clip"": false, ""min_rating"": 1.0, ""max_rating"": 5.0, ""unclipped_prediction_min"": 1.603502869606018, ""unclipped_prediction_max"": 4.96872615814209, ""clipped_prediction_min"": 1.603502869606018, ""clipped_prediction_max"": 4.96872615814209, ""label_min"": 1.0, ""label_max"": 5.0, ""rating_mean"": 4.317183017730713, ""rating_std"": 0.9550731778144836, ""rating_distribution"": {""1.0"": 126, ""2.0"": 194, ""3.0"": 514, ""4.0"": 1522, ""5.0"": 2969}, ""pred_mean"": 4.3365322233701535, ""pred_std"": 0.38025828384194904, ""pred_min"": 1.603502869606018, ""pred_max"": 4.96872615814209, ""abs_error_mean"": 0.6439570586110505, ""abs_error_p90"": 1.3077072143554689, ""abs_error_p95"": 1.7840552330017097, ""abs_error_p99"": 3.2072187614440955, ""abs_error_max"": 3.841196060180664, ""mean_gate"": 0.9545934796333313, ""std_gate"": 0.006329862400889397, ""min_gate_value"": 0.7851749062538147, ""max_gate_value"": 0.9620915651321411, ""mean_edge_misalign_score"": 0.09162653982639313, ""best_valid_metric"": 0.8287648209921906}",
round2_training.lr_0.01,ok,0,"{""training.lr"": 0.01, ""training.weight_decay"": 0.0, ""training.grad_clip"": 5.0, ""model.embedding_size"": 128, ""model.num_layers"": 1, ""model.dropout"": 0.7, ""model.node_dropout"": 0.7, ""model.nd_weight"": 0.1, ""model.ed_weight"": 0.3, ""model.min_gate"": 0.2, ""model.gate_beta0_init"": 3.0, ""model.gate_beta1_init"": 2.0}",/home/infolab/mnt/mingyu/review_rec/rating4review/results/scg_rgcl_42_Amazon_Office_Products_14_20260515_053625_137364/test_results.json,0.8741569703556299,,,"{""mse"": 0.7641504088213337, ""rmse"": 0.8741569703556299, ""mae"": 0.6517960645783115, ""num_samples"": 5325, ""eval_clip"": false, ""min_rating"": 1.0, ""max_rating"": 5.0, ""unclipped_prediction_min"": 1.4091215133666992, ""unclipped_prediction_max"": 4.9393205642700195, ""clipped_prediction_min"": 1.4091215133666992, ""clipped_prediction_max"": 4.9393205642700195, ""label_min"": 1.0, ""label_max"": 5.0, ""rating_mean"": 4.317183017730713, ""rating_std"": 0.9550731778144836, ""rating_distribution"": {""1.0"": 126, ""2.0"": 194, ""3.0"": 514, ""4.0"": 1522, ""5.0"": 2969}, ""pred_mean"": 4.335912132509438, ""pred_std"": 0.3703831696897372, ""pred_min"": 1.4091215133666992, ""pred_max"": 4.9393205642700195, ""abs_error_mean"": 0.6517960645783115, ""abs_error_p90"": 1.3086335182189943, ""abs_error_p95"": 1.8167887687683113, ""abs_error_p99"": 3.249997482299806, ""abs_error_max"": 3.816099166870117, ""mean_gate"": 0.9539809226989746, ""std_gate"": 0.006453224923461676, ""min_gate_value"": 0.7811987996101379, ""max_gate_value"": 0.9616183042526245, ""mean_edge_misalign_score"": 0.09162653982639313, ""best_valid_metric"": 0.8325887948206995}",
round2_training.lr_0.02,ok,0,"{""training.lr"": 0.02, ""training.weight_decay"": 0.0, ""training.grad_clip"": 5.0, ""model.embedding_size"": 128, ""model.num_layers"": 1, ""model.dropout"": 0.7, ""model.node_dropout"": 0.7, ""model.nd_weight"": 0.1, ""model.ed_weight"": 0.3, ""model.min_gate"": 0.2, ""model.gate_beta0_init"": 3.0, ""model.gate_beta1_init"": 2.0}",/home/infolab/mnt/mingyu/review_rec/rating4review/results/scg_rgcl_42_Amazon_Office_Products_14_20260515_053723_966848/test_results.json,0.882820950456431,,,"{""mse"": 0.7793728305647963, ""rmse"": 0.882820950456431, ""mae"": 0.6875707240395703, ""num_samples"": 5325, ""eval_clip"": false, ""min_rating"": 1.0, ""max_rating"": 5.0, ""unclipped_prediction_min"": 1.7835938930511475, ""unclipped_prediction_max"": 4.807867050170898, ""clipped_prediction_min"": 1.7835938930511475, ""clipped_prediction_max"": 4.807867050170898, ""label_min"": 1.0, ""label_max"": 5.0, ""rating_mean"": 4.317183017730713, ""rating_std"": 0.9550731778144836, ""rating_distribution"": {""1.0"": 126, ""2.0"": 194, ""3.0"": 514, ""4.0"": 1522, ""5.0"": 2969}, ""pred_mean"": 4.2610533671311925, ""pred_std"": 0.3232231301132424, ""pred_min"": 1.7835938930511475, ""pred_max"": 4.807867050170898, ""abs_error_mean"": 0.6875707240395703, ""abs_error_p90"": 1.2673970222473148, ""abs_error_p95"": 1.835271215438843, ""abs_error_p99"": 3.205729331970215, ""abs_error_max"": 3.645915985107422, ""mean_gate"": 0.9489967226982117, ""std_gate"": 0.007444669958204031, ""min_gate_value"": 0.7499150037765503, ""max_gate_value"": 0.9577600955963135, ""mean_edge_misalign_score"": 0.09162653982639313, ""best_valid_metric"": 0.8475041128991787}",
round2_training.weight_decay_1e-06,ok,0,"{""training.lr"": 0.005, ""training.weight_decay"": 1e-06, ""training.grad_clip"": 5.0, ""model.embedding_size"": 128, ""model.num_layers"": 1, ""model.dropout"": 0.7, ""model.node_dropout"": 0.7, ""model.nd_weight"": 0.1, ""model.ed_weight"": 0.3, ""model.min_gate"": 0.2, ""model.gate_beta0_init"": 3.0, ""model.gate_beta1_init"": 2.0}",/home/infolab/mnt/mingyu/review_rec/rating4review/results/scg_rgcl_42_Amazon_Office_Products_14_20260515_053821_404188/test_results.json,0.8708916907533409,,,"{""mse"": 0.7584523370232128, ""rmse"": 0.8708916907533409, ""mae"": 0.6485407643474883, ""num_samples"": 5325, ""eval_clip"": false, ""min_rating"": 1.0, ""max_rating"": 5.0, ""unclipped_prediction_min"": 1.5341607332229614, ""unclipped_prediction_max"": 4.958343982696533, ""clipped_prediction_min"": 1.5341607332229614, ""clipped_prediction_max"": 4.958343982696533, ""label_min"": 1.0, ""label_max"": 5.0, ""rating_mean"": 4.317183017730713, ""rating_std"": 0.9550731778144836, ""rating_distribution"": {""1.0"": 126, ""2.0"": 194, ""3.0"": 514, ""4.0"": 1522, ""5.0"": 2969}, ""pred_mean"": 4.320697648357338, ""pred_std"": 0.37706608643664136, ""pred_min"": 1.5341607332229614, ""pred_max"": 4.958343982696533, ""abs_error_mean"": 0.6485407643474883, ""abs_error_p90"": 1.2986927032470703, ""abs_error_p95"": 1.7779954910278328, ""abs_error_p99"": 3.2143368530273495, ""abs_error_max"": 3.8173327445983887, ""mean_gate"": 0.9543848633766174, ""std_gate"": 0.006372686475515366, ""min_gate_value"": 0.7837892770767212, ""max_gate_value"": 0.9619311094284058, ""mean_edge_misalign_score"": 0.09162653982639313, ""best_valid_metric"": 0.8293294720556309}",
round2_training.weight_decay_1e-05,ok,0,"{""training.lr"": 0.005, ""training.weight_decay"": 1e-05, ""training.grad_clip"": 5.0, ""model.embedding_size"": 128, ""model.num_layers"": 1, ""model.dropout"": 0.7, ""model.node_dropout"": 0.7, ""model.nd_weight"": 0.1, ""model.ed_weight"": 0.3, ""model.min_gate"": 0.2, ""model.gate_beta0_init"": 3.0, ""model.gate_beta1_init"": 2.0}",/home/infolab/mnt/mingyu/review_rec/rating4review/results/scg_rgcl_42_Amazon_Office_Products_14_20260515_053921_179322/test_results.json,0.8709702487207108,,,"{""mse"": 0.758589174156617, ""rmse"": 0.8709702487207108, ""mae"": 0.6493030894418278, ""num_samples"": 5325, ""eval_clip"": false, ""min_rating"": 1.0, ""max_rating"": 5.0, ""unclipped_prediction_min"": 1.5570000410079956, ""unclipped_prediction_max"": 4.957698822021484, ""clipped_prediction_min"": 1.5570000410079956, ""clipped_prediction_max"": 4.957698822021484, ""label_min"": 1.0, ""label_max"": 5.0, ""rating_mean"": 4.317183017730713, ""rating_std"": 0.9550731778144836, ""rating_distribution"": {""1.0"": 126, ""2.0"": 194, ""3.0"": 514, ""4.0"": 1522, ""5.0"": 2969}, ""pred_mean"": 4.318704168001811, ""pred_std"": 0.3760510007532253, ""pred_min"": 1.5570000410079956, ""pred_max"": 4.957698822021484, ""abs_error_mean"": 0.6493030894418278, ""abs_error_p90"": 1.2991320610046393, ""abs_error_p95"": 1.7762466430664068, ""abs_error_p99"": 3.208977432250984, ""abs_error_max"": 3.8172101974487305, ""mean_gate"": 0.9543956518173218, ""std_gate"": 0.006359227001667023, ""min_gate_value"": 0.7842731475830078, ""max_gate_value"": 0.9619290232658386, ""mean_edge_misalign_score"": 0.09162653982639313, ""best_valid_metric"": 0.8296499684616603}",
round2_training.weight_decay_0.0001,ok,0,"{""training.lr"": 0.005, ""training.weight_decay"": 0.0001, ""training.grad_clip"": 5.0, ""model.embedding_size"": 128, ""model.num_layers"": 1, ""model.dropout"": 0.7, ""model.node_dropout"": 0.7, ""model.nd_weight"": 0.1, ""model.ed_weight"": 0.3, ""model.min_gate"": 0.2, ""model.gate_beta0_init"": 3.0, ""model.gate_beta1_init"": 2.0}",/home/infolab/mnt/mingyu/review_rec/rating4review/results/scg_rgcl_42_Amazon_Office_Products_14_20260515_054021_468514/test_results.json,0.8733125903609987,,,"{""mse"": 0.7626748804830377, ""rmse"": 0.8733125903609987, ""mae"": 0.6513665287483466, ""num_samples"": 5325, ""eval_clip"": false, ""min_rating"": 1.0, ""max_rating"": 5.0, ""unclipped_prediction_min"": 1.8875200748443604, ""unclipped_prediction_max"": 4.957701206207275, ""clipped_prediction_min"": 1.8875200748443604, ""clipped_prediction_max"": 4.957701206207275, ""label_min"": 1.0, ""label_max"": 5.0, ""rating_mean"": 4.317183017730713, ""rating_std"": 0.9550731778144836, ""rating_distribution"": {""1.0"": 126, ""2.0"": 194, ""3.0"": 514, ""4.0"": 1522, ""5.0"": 2969}, ""pred_mean"": 4.320590657471491, ""pred_std"": 0.3604134038876357, ""pred_min"": 1.8875200748443604, ""pred_max"": 4.957701206207275, ""abs_error_mean"": 0.6513665287483466, ""abs_error_p90"": 1.2926037788391116, ""abs_error_p95"": 1.7788815975189216, ""abs_error_p99"": 3.194730224609378, ""abs_error_max"": 3.8365659713745117, ""mean_gate"": 0.9541012048721313, ""std_gate"": 0.006290167570114136, ""min_gate_value"": 0.7870465517044067, ""max_gate_value"": 0.9615819454193115, ""mean_edge_misalign_score"": 0.09162653982639313, ""best_valid_metric"": 0.8333990882974448}",
round2_training.grad_clip_0.5,ok,0,"{""training.lr"": 0.005, ""training.weight_decay"": 1e-06, ""training.grad_clip"": 0.5, ""model.embedding_size"": 128, ""model.num_layers"": 1, ""model.dropout"": 0.7, ""model.node_dropout"": 0.7, ""model.nd_weight"": 0.1, ""model.ed_weight"": 0.3, ""model.min_gate"": 0.2, ""model.gate_beta0_init"": 3.0, ""model.gate_beta1_init"": 2.0}",/home/infolab/mnt/mingyu/review_rec/rating4review/results/scg_rgcl_42_Amazon_Office_Products_14_20260515_054123_621779/test_results.json,0.8717891947623287,,,"{""mse"": 0.7600164001043496, ""rmse"": 0.8717891947623287, ""mae"": 0.6387657555951759, ""num_samples"": 5325, ""eval_clip"": false, ""min_rating"": 1.0, ""max_rating"": 5.0, ""unclipped_prediction_min"": 1.5090913772583008, ""unclipped_prediction_max"": 4.965755939483643, ""clipped_prediction_min"": 1.5090913772583008, ""clipped_prediction_max"": 4.965755939483643, ""label_min"": 1.0, ""label_max"": 5.0, ""rating_mean"": 4.317183017730713, ""rating_std"": 0.9550731778144836, ""rating_distribution"": {""1.0"": 126, ""2.0"": 194, ""3.0"": 514, ""4.0"": 1522, ""5.0"": 2969}, ""pred_mean"": 4.36357148506272, ""pred_std"": 0.36874571729716776, ""pred_min"": 1.5090913772583008, ""pred_max"": 4.965755939483643, ""abs_error_mean"": 0.6387657555951759, ""abs_error_p90"": 1.2988551139831543, ""abs_error_p95"": 1.8020366668701193, ""abs_error_p99"": 3.2492189407348637, ""abs_error_max"": 3.822795867919922, ""mean_gate"": 0.954162061214447, ""std_gate"": 0.006413644645363092, ""min_gate_value"": 0.7824864983558655, ""max_gate_value"": 0.9617553949356079, ""mean_edge_misalign_score"": 0.09162653982639313, ""best_valid_metric"": 0.8295852439069287}",
round2_training.grad_clip_1.0,ok,0,"{""training.lr"": 0.005, ""training.weight_decay"": 1e-06, ""training.grad_clip"": 1.0, ""model.embedding_size"": 128, ""model.num_layers"": 1, ""model.dropout"": 0.7, ""model.node_dropout"": 0.7, ""model.nd_weight"": 0.1, ""model.ed_weight"": 0.3, ""model.min_gate"": 0.2, ""model.gate_beta0_init"": 3.0, ""model.gate_beta1_init"": 2.0}",/home/infolab/mnt/mingyu/review_rec/rating4review/results/scg_rgcl_42_Amazon_Office_Products_14_20260515_054225_205862/test_results.json,0.8708916830009859,,,"{""mse"": 0.7584523235202897, ""rmse"": 0.8708916830009859, ""mae"": 0.6485407593776362, ""num_samples"": 5325, ""eval_clip"": false, ""min_rating"": 1.0, ""max_rating"": 5.0, ""unclipped_prediction_min"": 1.5341604948043823, ""unclipped_prediction_max"": 4.958343982696533, ""clipped_prediction_min"": 1.5341604948043823, ""clipped_prediction_max"": 4.958343982696533, ""label_min"": 1.0, ""label_max"": 5.0, ""rating_mean"": 4.317183017730713, ""rating_std"": 0.9550731778144836, ""rating_distribution"": {""1.0"": 126, ""2.0"": 194, ""3.0"": 514, ""4.0"": 1522, ""5.0"": 2969}, ""pred_mean"": 4.320697642223376, ""pred_std"": 0.37706608526631447, ""pred_min"": 1.5341604948043823, ""pred_max"": 4.958343982696533, ""abs_error_mean"": 0.6485407593776362, ""abs_error_p90"": 1.2986923217773438, ""abs_error_p95"": 1.7779954910278328, ""abs_error_p99"": 3.2143368530273495, ""abs_error_max"": 3.8173327445983887, ""mean_gate"": 0.9543848633766174, ""std_gate"": 0.006372686475515366, ""min_gate_value"": 0.7837892770767212, ""max_gate_value"": 0.9619311094284058, ""mean_edge_misalign_score"": 0.09162653982639313, ""best_valid_metric"": 0.8293294735233546}",
round2_training.grad_clip_2.0,ok,0,"{""training.lr"": 0.005, ""training.weight_decay"": 1e-06, ""training.grad_clip"": 2.0, ""model.embedding_size"": 128, ""model.num_layers"": 1, ""model.dropout"": 0.7, ""model.node_dropout"": 0.7, ""model.nd_weight"": 0.1, ""model.ed_weight"": 0.3, ""model.min_gate"": 0.2, ""model.gate_beta0_init"": 3.0, ""model.gate_beta1_init"": 2.0}",/home/infolab/mnt/mingyu/review_rec/rating4review/results/scg_rgcl_42_Amazon_Office_Products_14_20260515_054325_793597/test_results.json,0.8708916830305441,,,"{""mse"": 0.7584523235717737, ""rmse"": 0.8708916830305441, ""mae"": 0.6485407567807766, ""num_samples"": 5325, ""eval_clip"": false, ""min_rating"": 1.0, ""max_rating"": 5.0, ""unclipped_prediction_min"": 1.5341606140136719, ""unclipped_prediction_max"": 4.958343982696533, ""clipped_prediction_min"": 1.5341606140136719, ""clipped_prediction_max"": 4.958343982696533, ""label_min"": 1.0, ""label_max"": 5.0, ""rating_mean"": 4.317183017730713, ""rating_std"": 0.9550731778144836, ""rating_distribution"": {""1.0"": 126, ""2.0"": 194, ""3.0"": 514, ""4.0"": 1522, ""5.0"": 2969}, ""pred_mean"": 4.320697651357158, ""pred_std"": 0.37706609122151824, ""pred_min"": 1.5341606140136719, ""pred_max"": 4.958343982696533, ""abs_error_mean"": 0.6485407567807766, ""abs_error_p90"": 1.2986923217773438, ""abs_error_p95"": 1.7779953956604013, ""abs_error_p99"": 3.2143368530273495, ""abs_error_max"": 3.8173327445983887, ""mean_gate"": 0.9543848633766174, ""std_gate"": 0.006372686475515366, ""min_gate_value"": 0.7837892770767212, ""max_gate_value"": 0.9619311094284058, ""mean_edge_misalign_score"": 0.09162653982639313, ""best_valid_metric"": 0.8293294744464069}",
round2_model.embedding_size_32,ok,0,"{""training.lr"": 0.005, ""training.weight_decay"": 1e-06, ""training.grad_clip"": 1.0, ""model.embedding_size"": 32, ""model.num_layers"": 1, ""model.dropout"": 0.7, ""model.node_dropout"": 0.7, ""model.nd_weight"": 0.1, ""model.ed_weight"": 0.3, ""model.min_gate"": 0.2, ""model.gate_beta0_init"": 3.0, ""model.gate_beta1_init"": 2.0}",/home/infolab/mnt/mingyu/review_rec/rating4review/results/scg_rgcl_42_Amazon_Office_Products_14_20260515_054424_803198/test_results.json,0.8761007869462378,,,"{""mse"": 0.7675525888878173, ""rmse"": 0.8761007869462378, ""mae"": 0.6460873638072484, ""num_samples"": 5325, ""eval_clip"": false, ""min_rating"": 1.0, ""max_rating"": 5.0, ""unclipped_prediction_min"": 1.7032142877578735, ""unclipped_prediction_max"": 4.94705057144165, ""clipped_prediction_min"": 1.7032142877578735, ""clipped_prediction_max"": 4.94705057144165, ""label_min"": 1.0, ""label_max"": 5.0, ""rating_mean"": 4.317183017730713, ""rating_std"": 0.9550731778144836, ""rating_distribution"": {""1.0"": 126, ""2.0"": 194, ""3.0"": 514, ""4.0"": 1522, ""5.0"": 2969}, ""pred_mean"": 4.356027474851116, ""pred_std"": 0.3341175650219459, ""pred_min"": 1.7032142877578735, ""pred_max"": 4.94705057144165, ""abs_error_mean"": 0.6460873638072484, ""abs_error_p90"": 1.2791828155517584, ""abs_error_p95"": 1.8255051136016847, ""abs_error_p99"": 3.2587128067016606, ""abs_error_max"": 3.8076696395874023, ""mean_gate"": 0.9539492130279541, ""std_gate"": 0.006435716990381479, ""min_gate_value"": 0.7818679213523865, ""max_gate_value"": 0.9615716338157654, ""mean_edge_misalign_score"": 0.09162653982639313, ""best_valid_metric"": 0.8372353038520941}",
round2_model.embedding_size_64,ok,0,"{""training.lr"": 0.005, ""training.weight_decay"": 1e-06, ""training.grad_clip"": 1.0, ""model.embedding_size"": 64, ""model.num_layers"": 1, ""model.dropout"": 0.7, ""model.node_dropout"": 0.7, ""model.nd_weight"": 0.1, ""model.ed_weight"": 0.3, ""model.min_gate"": 0.2, ""model.gate_beta0_init"": 3.0, ""model.gate_beta1_init"": 2.0}",/home/infolab/mnt/mingyu/review_rec/rating4review/results/scg_rgcl_42_Amazon_Office_Products_14_20260515_054526_106484/test_results.json,0.8737917311536036,,,"{""mse"": 0.7635119894324116, ""rmse"": 0.8737917311536036, ""mae"": 0.6544836231464511, ""num_samples"": 5325, ""eval_clip"": false, ""min_rating"": 1.0, ""max_rating"": 5.0, ""unclipped_prediction_min"": 1.781296968460083, ""unclipped_prediction_max"": 4.929287433624268, ""clipped_prediction_min"": 1.781296968460083, ""clipped_prediction_max"": 4.929287433624268, ""label_min"": 1.0, ""label_max"": 5.0, ""rating_mean"": 4.317183017730713, ""rating_std"": 0.9550731778144836, ""rating_distribution"": {""1.0"": 126, ""2.0"": 194, ""3.0"": 514, ""4.0"": 1522, ""5.0"": 2969}, ""pred_mean"": 4.334090488684569, ""pred_std"": 0.3257138841265038, ""pred_min"": 1.781296968460083, ""pred_max"": 4.929287433624268, ""abs_error_mean"": 0.6544836231464511, ""abs_error_p90"": 1.2750961303710941, ""abs_error_p95"": 1.8299424648284917, ""abs_error_p99"": 3.216952056884767, ""abs_error_max"": 3.7723331451416016, ""mean_gate"": 0.9543942213058472, ""std_gate"": 0.006361884996294975, ""min_gate_value"": 0.7841770052909851, ""max_gate_value"": 0.9619300365447998, ""mean_edge_misalign_score"": 0.09162653982639313, ""best_valid_metric"": 0.8334243684348827}",
round2_model.num_layers_2,ok,0,"{""training.lr"": 0.005, ""training.weight_decay"": 1e-06, ""training.grad_clip"": 1.0, ""model.embedding_size"": 128, ""model.num_layers"": 2, ""model.dropout"": 0.7, ""model.node_dropout"": 0.7, ""model.nd_weight"": 0.1, ""model.ed_weight"": 0.3, ""model.min_gate"": 0.2, ""model.gate_beta0_init"": 3.0, ""model.gate_beta1_init"": 2.0}",/home/infolab/mnt/mingyu/review_rec/rating4review/results/scg_rgcl_42_Amazon_Office_Products_14_20260515_054626_662725/test_results.json,0.8748279243965513,,,"{""mse"": 0.7653238973039782, ""rmse"": 0.8748279243965513, ""mae"": 0.6533485125599893, ""num_samples"": 5325, ""eval_clip"": false, ""min_rating"": 1.0, ""max_rating"": 5.0, ""unclipped_prediction_min"": 1.6952855587005615, ""unclipped_prediction_max"": 4.931389808654785, ""clipped_prediction_min"": 1.6952855587005615, ""clipped_prediction_max"": 4.931389808654785, ""label_min"": 1.0, ""label_max"": 5.0, ""rating_mean"": 4.317183017730713, ""rating_std"": 0.9550731778144836, ""rating_distribution"": {""1.0"": 126, ""2.0"": 194, ""3.0"": 514, ""4.0"": 1522, ""5.0"": 2969}, ""pred_mean"": 4.326149810155233, ""pred_std"": 0.345772091801388, ""pred_min"": 1.6952855587005615, ""pred_max"": 4.931389808654785, ""abs_error_mean"": 0.6533485125599893, ""abs_error_p90"": 1.2766780853271487, ""abs_error_p95"": 1.782993602752686, ""abs_error_p99"": 3.2418535232543966, ""abs_error_max"": 3.805161476135254, ""mean_gate"": 0.9538764953613281, ""std_gate"": 0.006472092587500811, ""min_gate_value"": 0.7806018590927124, ""max_gate_value"": 0.9615355730056763, ""mean_edge_misalign_score"": 0.09162654727697372, ""best_valid_metric"": 0.8342334511683164}",
round2_model.dropout_0.3,ok,0,"{""training.lr"": 0.005, ""training.weight_decay"": 1e-06, ""training.grad_clip"": 1.0, ""model.embedding_size"": 128, ""model.num_layers"": 1, ""model.dropout"": 0.3, ""model.node_dropout"": 0.7, ""model.nd_weight"": 0.1, ""model.ed_weight"": 0.3, ""model.min_gate"": 0.2, ""model.gate_beta0_init"": 3.0, ""model.gate_beta1_init"": 2.0}",/home/infolab/mnt/mingyu/review_rec/rating4review/results/scg_rgcl_42_Amazon_Office_Products_14_20260515_054728_632040/test_results.json,0.874202664330051,,,"{""mse"": 0.7642302983217599, ""rmse"": 0.874202664330051, ""mae"": 0.6366618209937369, ""num_samples"": 5325, ""eval_clip"": false, ""min_rating"": 1.0, ""max_rating"": 5.0, ""unclipped_prediction_min"": 1.2835708856582642, ""unclipped_prediction_max"": 4.986186504364014, ""clipped_prediction_min"": 1.2835708856582642, ""clipped_prediction_max"": 4.986186504364014, ""label_min"": 1.0, ""label_max"": 5.0, ""rating_mean"": 4.317183017730713, ""rating_std"": 0.9550731778144836, ""rating_distribution"": {""1.0"": 126, ""2.0"": 194, ""3.0"": 514, ""4.0"": 1522, ""5.0"": 2969}, ""pred_mean"": 4.336492151676769, ""pred_std"": 0.4229020345570548, ""pred_min"": 1.2835708856582642, ""pred_max"": 4.986186504364014, ""abs_error_mean"": 0.6366618209937369, ""abs_error_p90"": 1.3408726215362563, ""abs_error_p95"": 1.81626091003418, ""abs_error_p99"": 3.1419369697570825, ""abs_error_max"": 3.872995376586914, ""mean_gate"": 0.9549329280853271, ""std_gate"": 0.006260275840759277, ""min_gate_value"": 0.7874303460121155, ""max_gate_value"": 0.9623525142669678, ""mean_edge_misalign_score"": 0.09162653982639313, ""best_valid_metric"": 0.8274816521323622}",
round2_model.dropout_0.5,ok,0,"{""training.lr"": 0.005, ""training.weight_decay"": 1e-06, ""training.grad_clip"": 1.0, ""model.embedding_size"": 128, ""model.num_layers"": 1, ""model.dropout"": 0.5, ""model.node_dropout"": 0.7, ""model.nd_weight"": 0.1, ""model.ed_weight"": 0.3, ""model.min_gate"": 0.2, ""model.gate_beta0_init"": 3.0, ""model.gate_beta1_init"": 2.0}",/home/infolab/mnt/mingyu/review_rec/rating4review/results/scg_rgcl_42_Amazon_Office_Products_14_20260515_054828_496977/test_results.json,0.8707399437281548,,,"{""mse"": 0.7581880496037102, ""rmse"": 0.8707399437281548, ""mae"": 0.6389299506648606, ""num_samples"": 5325, ""eval_clip"": false, ""min_rating"": 1.0, ""max_rating"": 5.0, ""unclipped_prediction_min"": 1.3163238763809204, ""unclipped_prediction_max"": 4.969111919403076, ""clipped_prediction_min"": 1.3163238763809204, ""clipped_prediction_max"": 4.969111919403076, ""label_min"": 1.0, ""label_max"": 5.0, ""rating_mean"": 4.317183017730713, ""rating_std"": 0.9550731778144836, ""rating_distribution"": {""1.0"": 126, ""2.0"": 194, ""3.0"": 514, ""4.0"": 1522, ""5.0"": 2969}, ""pred_mean"": 4.342027790109876, ""pred_std"": 0.3957403849975651, ""pred_min"": 1.3163238763809204, ""pred_max"": 4.969111919403076, ""abs_error_mean"": 0.6389299506648606, ""abs_error_p90"": 1.31908130645752, ""abs_error_p95"": 1.810852336883545, ""abs_error_p99"": 3.2291909599304236, ""abs_error_max"": 3.862907886505127, ""mean_gate"": 0.954441487789154, ""std_gate"": 0.006367021705955267, ""min_gate_value"": 0.7839465737342834, ""max_gate_value"": 0.9619801640510559, ""mean_edge_misalign_score"": 0.09162653982639313, ""best_valid_metric"": 0.8235089908431984}",
round2_model.node_dropout_0.5,ok,0,"{""training.lr"": 0.005, ""training.weight_decay"": 1e-06, ""training.grad_clip"": 1.0, ""model.embedding_size"": 128, ""model.num_layers"": 1, ""model.dropout"": 0.5, ""model.node_dropout"": 0.5, ""model.nd_weight"": 0.1, ""model.ed_weight"": 0.3, ""model.min_gate"": 0.2, ""model.gate_beta0_init"": 3.0, ""model.gate_beta1_init"": 2.0}",/home/infolab/mnt/mingyu/review_rec/rating4review/results/scg_rgcl_42_Amazon_Office_Products_14_20260515_054929_891550/test_results.json,0.8707399526601904,,,"{""mse"": 0.7581880651586707, ""rmse"": 0.8707399526601904, ""mae"": 0.6389299609627522, ""num_samples"": 5325, ""eval_clip"": false, ""min_rating"": 1.0, ""max_rating"": 5.0, ""unclipped_prediction_min"": 1.3163237571716309, ""unclipped_prediction_max"": 4.969111442565918, ""clipped_prediction_min"": 1.3163237571716309, ""clipped_prediction_max"": 4.969111442565918, ""label_min"": 1.0, ""label_max"": 5.0, ""rating_mean"": 4.317183017730713, ""rating_std"": 0.9550731778144836, ""rating_distribution"": {""1.0"": 126, ""2.0"": 194, ""3.0"": 514, ""4.0"": 1522, ""5.0"": 2969}, ""pred_mean"": 4.342027783572954, ""pred_std"": 0.3957403855229236, ""pred_min"": 1.3163237571716309, ""pred_max"": 4.969111442565918, ""abs_error_mean"": 0.6389299609627522, ""abs_error_p90"": 1.3190808296203618, ""abs_error_p95"": 1.8108526706695556, ""abs_error_p99"": 3.229190597534183, ""abs_error_max"": 3.862907886505127, ""mean_gate"": 0.954441487789154, ""std_gate"": 0.006367021705955267, ""min_gate_value"": 0.7839465737342834, ""max_gate_value"": 0.9619801640510559, ""mean_edge_misalign_score"": 0.09162653982639313, ""best_valid_metric"": 0.8235089910196766}",
round2_model.node_dropout_0.8,ok,0,"{""training.lr"": 0.005, ""training.weight_decay"": 1e-06, ""training.grad_clip"": 1.0, ""model.embedding_size"": 128, ""model.num_layers"": 1, ""model.dropout"": 0.5, ""model.node_dropout"": 0.8, ""model.nd_weight"": 0.1, ""model.ed_weight"": 0.3, ""model.min_gate"": 0.2, ""model.gate_beta0_init"": 3.0, ""model.gate_beta1_init"": 2.0}",/home/infolab/mnt/mingyu/review_rec/rating4review/results/scg_rgcl_42_Amazon_Office_Products_14_20260515_055030_788400/test_results.json,0.8707399495293584,,,"{""mse"": 0.7581880597063897, ""rmse"": 0.8707399495293584, ""mae"": 0.6389299528139858, ""num_samples"": 5325, ""eval_clip"": false, ""min_rating"": 1.0, ""max_rating"": 5.0, ""unclipped_prediction_min"": 1.3163238763809204, ""unclipped_prediction_max"": 4.969111919403076, ""clipped_prediction_min"": 1.3163238763809204, ""clipped_prediction_max"": 4.969111919403076, ""label_min"": 1.0, ""label_max"": 5.0, ""rating_mean"": 4.317183017730713, ""rating_std"": 0.9550731778144836, ""rating_distribution"": {""1.0"": 126, ""2.0"": 194, ""3.0"": 514, ""4.0"": 1522, ""5.0"": 2969}, ""pred_mean"": 4.342027796199064, ""pred_std"": 0.395740382542939, ""pred_min"": 1.3163238763809204, ""pred_max"": 4.969111919403076, ""abs_error_mean"": 0.6389299528139858, ""abs_error_p90"": 1.3190811157226567, ""abs_error_p95"": 1.810852336883545, ""abs_error_p99"": 3.229190597534183, ""abs_error_max"": 3.8629074096679688, ""mean_gate"": 0.954441487789154, ""std_gate"": 0.006367021705955267, ""min_gate_value"": 0.7839465737342834, ""max_gate_value"": 0.9619801640510559, ""mean_edge_misalign_score"": 0.09162653982639313, ""best_valid_metric"": 0.8235089894156982}",
round2_model.nd_weight_0.3,ok,0,"{""training.lr"": 0.005, ""training.weight_decay"": 1e-06, ""training.grad_clip"": 1.0, ""model.embedding_size"": 128, ""model.num_layers"": 1, ""model.dropout"": 0.5, ""model.node_dropout"": 0.7, ""model.nd_weight"": 0.3, ""model.ed_weight"": 0.3, ""model.min_gate"": 0.2, ""model.gate_beta0_init"": 3.0, ""model.gate_beta1_init"": 2.0}",/home/infolab/mnt/mingyu/review_rec/rating4review/results/scg_rgcl_42_Amazon_Office_Products_14_20260515_055131_266961/test_results.json,0.8689105289272571,,,"{""mse"": 0.7550055072806456, ""rmse"": 0.8689105289272571, ""mae"": 0.6284827344518312, ""num_samples"": 5325, ""eval_clip"": false, ""min_rating"": 1.0, ""max_rating"": 5.0, ""unclipped_prediction_min"": 1.3564375638961792, ""unclipped_prediction_max"": 4.982357025146484, ""clipped_prediction_min"": 1.3564375638961792, ""clipped_prediction_max"": 4.982357025146484, ""label_min"": 1.0, ""label_max"": 5.0, ""rating_mean"": 4.317183017730713, ""rating_std"": 0.9550731778144836, ""rating_distribution"": {""1.0"": 126, ""2.0"": 194, ""3.0"": 514, ""4.0"": 1522, ""5.0"": 2969}, ""pred_mean"": 4.359848576062162, ""pred_std"": 0.42267301227296983, ""pred_min"": 1.3564375638961792, ""pred_max"": 4.982357025146484, ""abs_error_mean"": 0.6284827344518312, ""abs_error_p90"": 1.3329409122467042, ""abs_error_p95"": 1.8134263992309574, ""abs_error_p99"": 3.1934649276733427, ""abs_error_max"": 3.882540702819824, ""mean_gate"": 0.9555516242980957, ""std_gate"": 0.006141314748674631, ""min_gate_value"": 0.7912638187408447, ""max_gate_value"": 0.962835967540741, ""mean_edge_misalign_score"": 0.09162653982639313, ""best_valid_metric"": 0.8214460132500493}",
round2_model.nd_weight_0.5,ok,0,"{""training.lr"": 0.005, ""training.weight_decay"": 1e-06, ""training.grad_clip"": 1.0, ""model.embedding_size"": 128, ""model.num_layers"": 1, ""model.dropout"": 0.5, ""model.node_dropout"": 0.7, ""model.nd_weight"": 0.5, ""model.ed_weight"": 0.3, ""model.min_gate"": 0.2, ""model.gate_beta0_init"": 3.0, ""model.gate_beta1_init"": 2.0}",/home/infolab/mnt/mingyu/review_rec/rating4review/results/scg_rgcl_42_Amazon_Office_Products_14_20260515_055324_010114/test_results.json,0.8702714069736665,,,"{""mse"": 0.7573723217959251, ""rmse"": 0.8702714069736665, ""mae"": 0.6356559992060415, ""num_samples"": 5325, ""eval_clip"": false, ""min_rating"": 1.0, ""max_rating"": 5.0, ""unclipped_prediction_min"": 1.3647866249084473, ""unclipped_prediction_max"": 4.973532199859619, ""clipped_prediction_min"": 1.3647866249084473, ""clipped_prediction_max"": 4.973532199859619, ""label_min"": 1.0, ""label_max"": 5.0, ""rating_mean"": 4.317183017730713, ""rating_std"": 0.9550731778144836, ""rating_distribution"": {""1.0"": 126, ""2.0"": 194, ""3.0"": 514, ""4.0"": 1522, ""5.0"": 2969}, ""pred_mean"": 4.355864778124671, ""pred_std"": 0.39805907137581065, ""pred_min"": 1.3647866249084473, ""pred_max"": 4.973532199859619, ""abs_error_mean"": 0.6356559992060415, ""abs_error_p90"": 1.3352230072021491, ""abs_error_p95"": 1.8182812690734864, ""abs_error_p99"": 3.1749013900756844, ""abs_error_max"": 3.8604001998901367, ""mean_gate"": 0.9551981091499329, ""std_gate"": 0.006212606560438871, ""min_gate_value"": 0.7889494895935059, ""max_gate_value"": 0.9625628590583801, ""mean_edge_misalign_score"": 0.09162653982639313, ""best_valid_metric"": 0.8238059793990684}",
round2_model.ed_weight_0.7,ok,0,"{""training.lr"": 0.005, ""training.weight_decay"": 1e-06, ""training.grad_clip"": 1.0, ""model.embedding_size"": 128, ""model.num_layers"": 1, ""model.dropout"": 0.5, ""model.node_dropout"": 0.7, ""model.nd_weight"": 0.3, ""model.ed_weight"": 0.7, ""model.min_gate"": 0.2, ""model.gate_beta0_init"": 3.0, ""model.gate_beta1_init"": 2.0}",/home/infolab/mnt/mingyu/review_rec/rating4review/results/scg_rgcl_42_Amazon_Office_Products_14_20260515_055429_310874/test_results.json,0.8726536426625234,,,"{""mse"": 0.7615243800521712, ""rmse"": 0.8726536426625234, ""mae"": 0.6391949016499407, ""num_samples"": 5325, ""eval_clip"": false, ""min_rating"": 1.0, ""max_rating"": 5.0, ""unclipped_prediction_min"": 1.282975673675537, ""unclipped_prediction_max"": 4.979263782501221, ""clipped_prediction_min"": 1.282975673675537, ""clipped_prediction_max"": 4.979263782501221, ""label_min"": 1.0, ""label_max"": 5.0, ""rating_mean"": 4.317183017730713, ""rating_std"": 0.9550731778144836, ""rating_distribution"": {""1.0"": 126, ""2.0"": 194, ""3.0"": 514, ""4.0"": 1522, ""5.0"": 2969}, ""pred_mean"": 4.331754963252466, ""pred_std"": 0.42688601676841953, ""pred_min"": 1.282975673675537, ""pred_max"": 4.979263782501221, ""abs_error_mean"": 0.6391949016499407, ""abs_error_p90"": 1.357105827331543, ""abs_error_p95"": 1.807224464416504, ""abs_error_p99"": 3.1457089233398454, ""abs_error_max"": 3.8642497062683105, ""mean_gate"": 0.955008327960968, ""std_gate"": 0.006251868791878223, ""min_gate_value"": 0.787672758102417, ""max_gate_value"": 0.9624172449111938, ""mean_edge_misalign_score"": 0.09162653982639313, ""best_valid_metric"": 0.8250645185764102}",
round2_model.ed_weight_1.0,ok,0,"{""training.lr"": 0.005, ""training.weight_decay"": 1e-06, ""training.grad_clip"": 1.0, ""model.embedding_size"": 128, ""model.num_layers"": 1, ""model.dropout"": 0.5, ""model.node_dropout"": 0.7, ""model.nd_weight"": 0.3, ""model.ed_weight"": 1.0, ""model.min_gate"": 0.2, ""model.gate_beta0_init"": 3.0, ""model.gate_beta1_init"": 2.0}",/home/infolab/mnt/mingyu/review_rec/rating4review/results/scg_rgcl_42_Amazon_Office_Products_14_20260515_055532_549524/test_results.json,0.8738711522573136,,,"{""mse"": 0.763650790747525, ""rmse"": 0.8738711522573136, ""mae"": 0.6412730829480668, ""num_samples"": 5325, ""eval_clip"": false, ""min_rating"": 1.0, ""max_rating"": 5.0, ""unclipped_prediction_min"": 1.3559815883636475, ""unclipped_prediction_max"": 4.97784423828125, ""clipped_prediction_min"": 1.3559815883636475, ""clipped_prediction_max"": 4.97784423828125, ""label_min"": 1.0, ""label_max"": 5.0, ""rating_mean"": 4.317183017730713, ""rating_std"": 0.9550731778144836, ""rating_distribution"": {""1.0"": 126, ""2.0"": 194, ""3.0"": 514, ""4.0"": 1522, ""5.0"": 2969}, ""pred_mean"": 4.331437330111651, ""pred_std"": 0.4212003560603106, ""pred_min"": 1.3559815883636475, ""pred_max"": 4.97784423828125, ""abs_error_mean"": 0.6412730829480668, ""abs_error_p90"": 1.351669883728028, ""abs_error_p95"": 1.812046623229982, ""abs_error_p99"": 3.154350128173833, ""abs_error_max"": 3.8648290634155273, ""mean_gate"": 0.9551665782928467, ""std_gate"": 0.00622299499809742, ""min_gate_value"": 0.7885951995849609, ""max_gate_value"": 0.9625422358512878, ""mean_edge_misalign_score"": 0.09162653982639313, ""best_valid_metric"": 0.8270810987422417}",
round2_model.min_gate_0.05,ok,0,"{""training.lr"": 0.005, ""training.weight_decay"": 1e-06, ""training.grad_clip"": 1.0, ""model.embedding_size"": 128, ""model.num_layers"": 1, ""model.dropout"": 0.5, ""model.node_dropout"": 0.7, ""model.nd_weight"": 0.3, ""model.ed_weight"": 0.3, ""model.min_gate"": 0.05, ""model.gate_beta0_init"": 3.0, ""model.gate_beta1_init"": 2.0}",/home/infolab/mnt/mingyu/review_rec/rating4review/results/scg_rgcl_42_Amazon_Office_Products_14_20260515_055634_684025/test_results.json,0.8689099649940925,,,"{""mse"": 0.755004527266035, ""rmse"": 0.8689099649940925, ""mae"": 0.628513551631444, ""num_samples"": 5325, ""eval_clip"": false, ""min_rating"": 1.0, ""max_rating"": 5.0, ""unclipped_prediction_min"": 1.3579151630401611, ""unclipped_prediction_max"": 4.982349872589111, ""clipped_prediction_min"": 1.3579151630401611, ""clipped_prediction_max"": 4.982349872589111, ""label_min"": 1.0, ""label_max"": 5.0, ""rating_mean"": 4.317183017730713, ""rating_std"": 0.9550731778144836, ""rating_distribution"": {""1.0"": 126, ""2.0"": 194, ""3.0"": 514, ""4.0"": 1522, ""5.0"": 2969}, ""pred_mean"": 4.359743234249348, ""pred_std"": 0.42251198044516125, ""pred_min"": 1.3579151630401611, ""pred_max"": 4.982349872589111, ""abs_error_mean"": 0.628513551631444, ""abs_error_p90"": 1.3336738586425785, ""abs_error_p95"": 1.8125180244445804, ""abs_error_p99"": 3.19319971084595, ""abs_error_max"": 3.8826165199279785, ""mean_gate"": 0.9472220540046692, ""std_gate"": 0.0072917514480650425, ""min_gate_value"": 0.7521610260009766, ""max_gate_value"": 0.9558709263801575, ""mean_edge_misalign_score"": 0.09162653982639313, ""best_valid_metric"": 0.8214632674278488}",
round2_model.min_gate_0.1,ok,0,"{""training.lr"": 0.005, ""training.weight_decay"": 1e-06, ""training.grad_clip"": 1.0, ""model.embedding_size"": 128, ""model.num_layers"": 1, ""model.dropout"": 0.5, ""model.node_dropout"": 0.7, ""model.nd_weight"": 0.3, ""model.ed_weight"": 0.3, ""model.min_gate"": 0.1, ""model.gate_beta0_init"": 3.0, ""model.gate_beta1_init"": 2.0}",/home/infolab/mnt/mingyu/review_rec/rating4review/results/scg_rgcl_42_Amazon_Office_Products_14_20260515_055825_943728/test_results.json,0.868909739096829,,,"{""mse"": 0.7550041346973195, ""rmse"": 0.868909739096829, ""mae"": 0.6285012342112725, ""num_samples"": 5325, ""eval_clip"": false, ""min_rating"": 1.0, ""max_rating"": 5.0, ""unclipped_prediction_min"": 1.3573919534683228, ""unclipped_prediction_max"": 4.982355117797852, ""clipped_prediction_min"": 1.3573919534683228, ""clipped_prediction_max"": 4.982355117797852, ""label_min"": 1.0, ""label_max"": 5.0, ""rating_mean"": 4.317183017730713, ""rating_std"": 0.9550731778144836, ""rating_distribution"": {""1.0"": 126, ""2.0"": 194, ""3.0"": 514, ""4.0"": 1522, ""5.0"": 2969}, ""pred_mean"": 4.359781190240887, ""pred_std"": 0.42256321002668, ""pred_min"": 1.3573919534683228, ""pred_max"": 4.982355117797852, ""abs_error_mean"": 0.6285012342112725, ""abs_error_p90"": 1.3336347579956058, ""abs_error_p95"": 1.8124789237976076, ""abs_error_p99"": 3.193279933929446, ""abs_error_max"": 3.882589817047119, ""mean_gate"": 0.9499985575675964, ""std_gate"": 0.006908292416483164, ""min_gate_value"": 0.7651944756507874, ""max_gate_value"": 0.9581926465034485, ""mean_edge_misalign_score"": 0.09162653982639313, ""best_valid_metric"": 0.8214581273664089}",
round2_model.min_gate_0.15,ok,0,"{""training.lr"": 0.005, ""training.weight_decay"": 1e-06, ""training.grad_clip"": 1.0, ""model.embedding_size"": 128, ""model.num_layers"": 1, ""model.dropout"": 0.5, ""model.node_dropout"": 0.7, ""model.nd_weight"": 0.3, ""model.ed_weight"": 0.3, ""model.min_gate"": 0.15, ""model.gate_beta0_init"": 3.0, ""model.gate_beta1_init"": 2.0}",/home/infolab/mnt/mingyu/review_rec/rating4review/results/scg_rgcl_42_Amazon_Office_Products_14_20260515_060018_571653/test_results.json,0.8689097639505162,,,"{""mse"": 0.7550041778885419, ""rmse"": 0.8689097639505162, ""mae"": 0.6284921453144628, ""num_samples"": 5325, ""eval_clip"": false, ""min_rating"": 1.0, ""max_rating"": 5.0, ""unclipped_prediction_min"": 1.356872320175171, ""unclipped_prediction_max"": 4.982357025146484, ""clipped_prediction_min"": 1.356872320175171, ""clipped_prediction_max"": 4.982357025146484, ""label_min"": 1.0, ""label_max"": 5.0, ""rating_mean"": 4.317183017730713, ""rating_std"": 0.9550731778144836, ""rating_distribution"": {""1.0"": 126, ""2.0"": 194, ""3.0"": 514, ""4.0"": 1522, ""5.0"": 2969}, ""pred_mean"": 4.359813974273037, ""pred_std"": 0.4226201617433849, ""pred_min"": 1.356872320175171, ""pred_max"": 4.982357025146484, ""abs_error_mean"": 0.6284921453144628, ""abs_error_p90"": 1.333423709869385, ""abs_error_p95"": 1.8125625610351563, ""abs_error_p99"": 3.1933882904052764, ""abs_error_max"": 3.8825645446777344, ""mean_gate"": 0.9527753591537476, ""std_gate"": 0.006524804979562759, ""min_gate_value"": 0.7782291173934937, ""max_gate_value"": 0.9605144262313843, ""mean_edge_misalign_score"": 0.09162653982639313, ""best_valid_metric"": 0.8214526562524896}",
round2_model.gate_beta0_init_1.0,ok,0,"{""training.lr"": 0.005, ""training.weight_decay"": 1e-06, ""training.grad_clip"": 1.0, ""model.embedding_size"": 128, ""model.num_layers"": 1, ""model.dropout"": 0.5, ""model.node_dropout"": 0.7, ""model.nd_weight"": 0.3, ""model.ed_weight"": 0.3, ""model.min_gate"": 0.1, ""model.gate_beta0_init"": 1.0, ""model.gate_beta1_init"": 2.0}",/home/infolab/mnt/mingyu/review_rec/rating4review/results/scg_rgcl_42_Amazon_Office_Products_14_20260515_060209_238358/test_results.json,0.8694468174856964,,,"{""mse"": 0.7559377684360058, ""rmse"": 0.8694468174856964, ""mae"": 0.634314951135519, ""num_samples"": 5325, ""eval_clip"": false, ""min_rating"": 1.0, ""max_rating"": 5.0, ""unclipped_prediction_min"": 1.3896197080612183, ""unclipped_prediction_max"": 4.97780179977417, ""clipped_prediction_min"": 1.3896197080612183, ""clipped_prediction_max"": 4.97780179977417, ""label_min"": 1.0, ""label_max"": 5.0, ""rating_mean"": 4.317183017730713, ""rating_std"": 0.9550731778144836, ""rating_distribution"": {""1.0"": 126, ""2.0"": 194, ""3.0"": 514, ""4.0"": 1522, ""5.0"": 2969}, ""pred_mean"": 4.350378919364141, ""pred_std"": 0.41239911883401953, ""pred_min"": 1.3896197080612183, ""pred_max"": 4.97780179977417, ""abs_error_mean"": 0.634314951135519, ""abs_error_p90"": 1.3369412422180178, ""abs_error_p95"": 1.8145825386047367, ""abs_error_p99"": 3.190768127441409, ""abs_error_max"": 3.864018440246582, ""mean_gate"": 0.7245410084724426, ""std_gate"": 0.024468766525387764, ""min_gate_value"": 0.34345486760139465, ""max_gate_value"": 0.7586628198623657, ""mean_edge_misalign_score"": 0.09162653982639313, ""best_valid_metric"": 0.8235425738973905}",
round2_model.gate_beta0_init_2.0,ok,0,"{""training.lr"": 0.005, ""training.weight_decay"": 1e-06, ""training.grad_clip"": 1.0, ""model.embedding_size"": 128, ""model.num_layers"": 1, ""model.dropout"": 0.5, ""model.node_dropout"": 0.7, ""model.nd_weight"": 0.3, ""model.ed_weight"": 0.3, ""model.min_gate"": 0.1, ""model.gate_beta0_init"": 2.0, ""model.gate_beta1_init"": 2.0}",/home/infolab/mnt/mingyu/review_rec/rating4review/results/scg_rgcl_42_Amazon_Office_Products_14_20260515_060313_851616/test_results.json,0.8695474842369365,,,"{""mse"": 0.7561128273427854, ""rmse"": 0.8695474842369365, ""mae"": 0.6368016401926676, ""num_samples"": 5325, ""eval_clip"": false, ""min_rating"": 1.0, ""max_rating"": 5.0, ""unclipped_prediction_min"": 1.3415741920471191, ""unclipped_prediction_max"": 4.972087383270264, ""clipped_prediction_min"": 1.3415741920471191, ""clipped_prediction_max"": 4.972087383270264, ""label_min"": 1.0, ""label_max"": 5.0, ""rating_mean"": 4.317183017730713, ""rating_std"": 0.9550731778144836, ""rating_distribution"": {""1.0"": 126, ""2.0"": 194, ""3.0"": 514, ""4.0"": 1522, ""5.0"": 2969}, ""pred_mean"": 4.348149719730789, ""pred_std"": 0.39457957960158935, ""pred_min"": 1.3415741920471191, ""pred_max"": 4.972087383270264, ""abs_error_mean"": 0.6368016401926676, ""abs_error_p90"": 1.327425575256348, ""abs_error_p95"": 1.8218995094299328, ""abs_error_p99"": 3.178360042572022, ""abs_error_max"": 3.847212791442871, ""mean_gate"": 0.8740501999855042, ""std_gate"": 0.015072759240865707, ""min_gate_value"": 0.551530122756958, ""max_gate_value"": 0.8931214213371277, ""mean_edge_misalign_score"": 0.09162653982639313, ""best_valid_metric"": 0.8232131255076639}",
round2_model.gate_beta1_init_4.0,ok,0,"{""training.lr"": 0.005, ""training.weight_decay"": 1e-06, ""training.grad_clip"": 1.0, ""model.embedding_size"": 128, ""model.num_layers"": 1, ""model.dropout"": 0.5, ""model.node_dropout"": 0.7, ""model.nd_weight"": 0.3, ""model.ed_weight"": 0.3, ""model.min_gate"": 0.1, ""model.gate_beta0_init"": 3.0, ""model.gate_beta1_init"": 4.0}",/home/infolab/mnt/mingyu/review_rec/rating4review/results/scg_rgcl_42_Amazon_Office_Products_14_20260515_060416_762163/test_results.json,0.8691158274738859,,,"{""mse"": 0.7553623215656174, ""rmse"": 0.8691158274738859, ""mae"": 0.6291432753191307, ""num_samples"": 5325, ""eval_clip"": false, ""min_rating"": 1.0, ""max_rating"": 5.0, ""unclipped_prediction_min"": 1.3664219379425049, ""unclipped_prediction_max"": 4.9813923835754395, ""clipped_prediction_min"": 1.3664219379425049, ""clipped_prediction_max"": 4.9813923835754395, ""label_min"": 1.0, ""label_max"": 5.0, ""rating_mean"": 4.317183017730713, ""rating_std"": 0.9550731778144836, ""rating_distribution"": {""1.0"": 126, ""2.0"": 194, ""3.0"": 514, ""4.0"": 1522, ""5.0"": 2969}, ""pred_mean"": 4.359719959402308, ""pred_std"": 0.4174859570268836, ""pred_min"": 1.3664219379425049, ""pred_max"": 4.9813923835754395, ""abs_error_mean"": 0.6291432753191307, ""abs_error_p90"": 1.3335230827331548, ""abs_error_p95"": 1.8127717971801762, ""abs_error_p99"": 3.192335758209232, ""abs_error_max"": 3.882282257080078, ""mean_gate"": 0.9392983913421631, ""std_gate"": 0.01968418061733246, ""min_gate_value"": 0.34962111711502075, ""max_gate_value"": 0.9581360816955566, ""mean_edge_misalign_score"": 0.09162653982639313, ""best_valid_metric"": 0.8220708303000178}",
round2_model.gate_beta1_init_6.0,ok,0,"{""training.lr"": 0.005, ""training.weight_decay"": 1e-06, ""training.grad_clip"": 1.0, ""model.embedding_size"": 128, ""model.num_layers"": 1, ""model.dropout"": 0.5, ""model.node_dropout"": 0.7, ""model.nd_weight"": 0.3, ""model.ed_weight"": 0.3, ""model.min_gate"": 0.1, ""model.gate_beta0_init"": 3.0, ""model.gate_beta1_init"": 6.0}",/home/infolab/mnt/mingyu/review_rec/rating4review/results/scg_rgcl_42_Amazon_Office_Products_14_20260515_060716_937867/test_results.json,0.8685923100276792,,,"{""mse"": 0.7544526010392201, ""rmse"": 0.8685923100276792, ""mae"": 0.6271395704779826, ""num_samples"": 5325, ""eval_clip"": false, ""min_rating"": 1.0, ""max_rating"": 5.0, ""unclipped_prediction_min"": 1.3652585744857788, ""unclipped_prediction_max"": 4.983593463897705, ""clipped_prediction_min"": 1.3652585744857788, ""clipped_prediction_max"": 4.983593463897705, ""label_min"": 1.0, ""label_max"": 5.0, ""rating_mean"": 4.317183017730713, ""rating_std"": 0.9550731778144836, ""rating_distribution"": {""1.0"": 126, ""2.0"": 194, ""3.0"": 514, ""4.0"": 1522, ""5.0"": 2969}, ""pred_mean"": 4.362289194366742, ""pred_std"": 0.4304912744599371, ""pred_min"": 1.3652585744857788, ""pred_max"": 4.983593463897705, ""abs_error_mean"": 0.6271395704779826, ""abs_error_p90"": 1.3405200958251955, ""abs_error_p95"": 1.818671035766602, ""abs_error_p99"": 3.207581596374513, ""abs_error_max"": 3.8919005393981934, ""mean_gate"": 0.9267131686210632, ""std_gate"": 0.03735874220728874, ""min_gate_value"": 0.14560842514038086, ""max_gate_value"": 0.9586088061332703, ""mean_edge_misalign_score"": 0.09162653982639313, ""best_valid_metric"": 0.820315585125371}",
round3_training.lr_0.003,ok,0,"{""training.lr"": 0.003, ""training.weight_decay"": 1e-06, ""training.grad_clip"": 1.0, ""model.embedding_size"": 128, ""model.num_layers"": 1, ""model.dropout"": 0.5, ""model.node_dropout"": 0.7, ""model.nd_weight"": 0.3, ""model.ed_weight"": 0.3, ""model.min_gate"": 0.1, ""model.gate_beta0_init"": 3.0, ""model.gate_beta1_init"": 6.0}",/home/infolab/mnt/mingyu/review_rec/rating4review/results/scg_rgcl_42_Amazon_Office_Products_14_20260515_060939_598099/test_results.json,0.869321506388272,,,"{""mse"": 0.7557198814691745, ""rmse"": 0.869321506388272, ""mae"": 0.6302970554011529, ""num_samples"": 5325, ""eval_clip"": false, ""min_rating"": 1.0, ""max_rating"": 5.0, ""unclipped_prediction_min"": 1.4713938236236572, ""unclipped_prediction_max"": 4.9830498695373535, ""clipped_prediction_min"": 1.4713938236236572, ""clipped_prediction_max"": 4.9830498695373535, ""label_min"": 1.0, ""label_max"": 5.0, ""rating_mean"": 4.317183017730713, ""rating_std"": 0.9550731778144836, ""rating_distribution"": {""1.0"": 126, ""2.0"": 194, ""3.0"": 514, ""4.0"": 1522, ""5.0"": 2969}, ""pred_mean"": 4.355641505908518, ""pred_std"": 0.4187577578246834, ""pred_min"": 1.4713938236236572, ""pred_max"": 4.9830498695373535, ""abs_error_mean"": 0.6302970554011529, ""abs_error_p90"": 1.3422726154327393, ""abs_error_p95"": 1.8129802703857423, ""abs_error_p99"": 3.154091129302979, ""abs_error_max"": 3.884481430053711, ""mean_gate"": 0.9264265894889832, ""std_gate"": 0.03749144449830055, ""min_gate_value"": 0.14524134993553162, ""max_gate_value"": 0.9584575891494751, ""mean_edge_misalign_score"": 0.09162653982639313, ""best_valid_metric"": 0.8220131502610897}",
round3_training.lr_0.01,ok,0,"{""training.lr"": 0.01, ""training.weight_decay"": 1e-06, ""training.grad_clip"": 1.0, ""model.embedding_size"": 128, ""model.num_layers"": 1, ""model.dropout"": 0.5, ""model.node_dropout"": 0.7, ""model.nd_weight"": 0.3, ""model.ed_weight"": 0.3, ""model.min_gate"": 0.1, ""model.gate_beta0_init"": 3.0, ""model.gate_beta1_init"": 6.0}",/home/infolab/mnt/mingyu/review_rec/rating4review/results/scg_rgcl_42_Amazon_Office_Products_14_20260515_061207_861416/test_results.json,0.8703266134024098,,,"{""mse"": 0.7574684139965077, ""rmse"": 0.8703266134024098, ""mae"": 0.6249922943339101, ""num_samples"": 5325, ""eval_clip"": false, ""min_rating"": 1.0, ""max_rating"": 5.0, ""unclipped_prediction_min"": 1.3814300298690796, ""unclipped_prediction_max"": 4.984224319458008, ""clipped_prediction_min"": 1.3814300298690796, ""clipped_prediction_max"": 4.984224319458008, ""label_min"": 1.0, ""label_max"": 5.0, ""rating_mean"": 4.317183017730713, ""rating_std"": 0.9550731778144836, ""rating_distribution"": {""1.0"": 126, ""2.0"": 194, ""3.0"": 514, ""4.0"": 1522, ""5.0"": 2969}, ""pred_mean"": 4.362332702712834, ""pred_std"": 0.44800539386878735, ""pred_min"": 1.3814300298690796, ""pred_max"": 4.984224319458008, ""abs_error_mean"": 0.6249922943339101, ""abs_error_p90"": 1.3299715042114262, ""abs_error_p95"": 1.804533386230469, ""abs_error_p99"": 3.1949518013000495, ""abs_error_max"": 3.9076590538024902, ""mean_gate"": 0.9245217442512512, ""std_gate"": 0.03826075792312622, ""min_gate_value"": 0.14340217411518097, ""max_gate_value"": 0.957390308380127, ""mean_edge_misalign_score"": 0.09162653982639313, ""best_valid_metric"": 0.8167738126964549}",
round3_training.lr_0.02,ok,0,"{""training.lr"": 0.02, ""training.weight_decay"": 1e-06, ""training.grad_clip"": 1.0, ""model.embedding_size"": 128, ""model.num_layers"": 1, ""model.dropout"": 0.5, ""model.node_dropout"": 0.7, ""model.nd_weight"": 0.3, ""model.ed_weight"": 0.3, ""model.min_gate"": 0.1, ""model.gate_beta0_init"": 3.0, ""model.gate_beta1_init"": 6.0}",/home/infolab/mnt/mingyu/review_rec/rating4review/results/scg_rgcl_42_Amazon_Office_Products_14_20260515_061320_170409/test_results.json,0.8710883297371045,,,"{""mse"": 0.7587948782041785, ""rmse"": 0.8710883297371045, ""mae"": 0.6279595817198775, ""num_samples"": 5325, ""eval_clip"": false, ""min_rating"": 1.0, ""max_rating"": 5.0, ""unclipped_prediction_min"": 1.4161558151245117, ""unclipped_prediction_max"": 4.987448215484619, ""clipped_prediction_min"": 1.4161558151245117, ""clipped_prediction_max"": 4.987448215484619, ""label_min"": 1.0, ""label_max"": 5.0, ""rating_mean"": 4.317183017730713, ""rating_std"": 0.9550731778144836, ""rating_distribution"": {""1.0"": 126, ""2.0"": 194, ""3.0"": 514, ""4.0"": 1522, ""5.0"": 2969}, ""pred_mean"": 4.356712005037657, ""pred_std"": 0.4256801138918312, ""pred_min"": 1.4161558151245117, ""pred_max"": 4.987448215484619, ""abs_error_mean"": 0.6279595817198775, ""abs_error_p90"": 1.322924327850342, ""abs_error_p95"": 1.8272852897644043, ""abs_error_p99"": 3.2523835754394548, ""abs_error_max"": 3.887528896331787, ""mean_gate"": 0.9161483645439148, ""std_gate"": 0.041875433176755905, ""min_gate_value"": 0.13531416654586792, ""max_gate_value"": 0.9528740048408508, ""mean_edge_misalign_score"": 0.09162653982639313, ""best_valid_metric"": 0.8201748504343876}",
round3_training.weight_decay_0.0,ok,0,"{""training.lr"": 0.005, ""training.weight_decay"": 0.0, ""training.grad_clip"": 1.0, ""model.embedding_size"": 128, ""model.num_layers"": 1, ""model.dropout"": 0.5, ""model.node_dropout"": 0.7, ""model.nd_weight"": 0.3, ""model.ed_weight"": 0.3, ""model.min_gate"": 0.1, ""model.gate_beta0_init"": 3.0, ""model.gate_beta1_init"": 6.0}",/home/infolab/mnt/mingyu/review_rec/rating4review/results/scg_rgcl_42_Amazon_Office_Products_14_20260515_061433_302155/test_results.json,0.868642106395899,,,"{""mse"": 0.7545391090039044, ""rmse"": 0.868642106395899, ""mae"": 0.6270882129445322, ""num_samples"": 5325, ""eval_clip"": false, ""min_rating"": 1.0, ""max_rating"": 5.0, ""unclipped_prediction_min"": 1.3604512214660645, ""unclipped_prediction_max"": 4.983672142028809, ""clipped_prediction_min"": 1.3604512214660645, ""clipped_prediction_max"": 4.983672142028809, ""label_min"": 1.0, ""label_max"": 5.0, ""rating_mean"": 4.317183017730713, ""rating_std"": 0.9550731778144836, ""rating_distribution"": {""1.0"": 126, ""2.0"": 194, ""3.0"": 514, ""4.0"": 1522, ""5.0"": 2969}, ""pred_mean"": 4.362230506167165, ""pred_std"": 0.43123255832233665, ""pred_min"": 1.3604512214660645, ""pred_max"": 4.983672142028809, ""abs_error_mean"": 0.6270882129445322, ""abs_error_p90"": 1.3415431022644044, ""abs_error_p95"": 1.8249050140380876, ""abs_error_p99"": 3.207962913513185, ""abs_error_max"": 3.892390727996826, ""mean_gate"": 0.9267000555992126, ""std_gate"": 0.03737008944153786, ""min_gate_value"": 0.14556553959846497, ""max_gate_value"": 0.9586048722267151, ""mean_edge_misalign_score"": 0.09162653982639313, ""best_valid_metric"": 0.8202527055483689}",
round3_training.weight_decay_1e-05,ok,0,"{""training.lr"": 0.005, ""training.weight_decay"": 1e-05, ""training.grad_clip"": 1.0, ""model.embedding_size"": 128, ""model.num_layers"": 1, ""model.dropout"": 0.5, ""model.node_dropout"": 0.7, ""model.nd_weight"": 0.3, ""model.ed_weight"": 0.3, ""model.min_gate"": 0.1, ""model.gate_beta0_init"": 3.0, ""model.gate_beta1_init"": 6.0}",/home/infolab/mnt/mingyu/review_rec/rating4review/results/scg_rgcl_42_Amazon_Office_Products_14_20260515_061654_847236/test_results.json,0.8689879914865352,,,"{""mse"": 0.7551401293478025, ""rmse"": 0.8689879914865352, ""mae"": 0.6296049509361876, ""num_samples"": 5325, ""eval_clip"": false, ""min_rating"": 1.0, ""max_rating"": 5.0, ""unclipped_prediction_min"": 1.4176080226898193, ""unclipped_prediction_max"": 4.97976016998291, ""clipped_prediction_min"": 1.4176080226898193, ""clipped_prediction_max"": 4.97976016998291, ""label_min"": 1.0, ""label_max"": 5.0, ""rating_mean"": 4.317183017730713, ""rating_std"": 0.9550731778144836, ""rating_distribution"": {""1.0"": 126, ""2.0"": 194, ""3.0"": 514, ""4.0"": 1522, ""5.0"": 2969}, ""pred_mean"": 4.360984142106464, ""pred_std"": 0.4102375827809882, ""pred_min"": 1.4176080226898193, ""pred_max"": 4.97976016998291, ""abs_error_mean"": 0.6296049509361876, ""abs_error_p90"": 1.3367008209228521, ""abs_error_p95"": 1.8363442897796638, ""abs_error_p99"": 3.171857471466065, ""abs_error_max"": 3.880281925201416, ""mean_gate"": 0.9260367751121521, ""std_gate"": 0.03761882707476616, ""min_gate_value"": 0.14500439167022705, ""max_gate_value"": 0.9582216143608093, ""mean_edge_misalign_score"": 0.09162653982639313, ""best_valid_metric"": 0.8230396858809998}",
round3_training.weight_decay_0.0001,ok,0,"{""training.lr"": 0.005, ""training.weight_decay"": 0.0001, ""training.grad_clip"": 1.0, ""model.embedding_size"": 128, ""model.num_layers"": 1, ""model.dropout"": 0.5, ""model.node_dropout"": 0.7, ""model.nd_weight"": 0.3, ""model.ed_weight"": 0.3, ""model.min_gate"": 0.1, ""model.gate_beta0_init"": 3.0, ""model.gate_beta1_init"": 6.0}",/home/infolab/mnt/mingyu/review_rec/rating4review/results/scg_rgcl_42_Amazon_Office_Products_14_20260515_061916_947489/test_results.json,0.8777123224447385,,,"{""mse"": 0.7703789209713365, ""rmse"": 0.8777123224447385, ""mae"": 0.6323953718534657, ""num_samples"": 5325, ""eval_clip"": false, ""min_rating"": 1.0, ""max_rating"": 5.0, ""unclipped_prediction_min"": 1.4584137201309204, ""unclipped_prediction_max"": 4.985325813293457, ""clipped_prediction_min"": 1.4584137201309204, ""clipped_prediction_max"": 4.985325813293457, ""label_min"": 1.0, ""label_max"": 5.0, ""rating_mean"": 4.317183017730713, ""rating_std"": 0.9550731778144836, ""rating_distribution"": {""1.0"": 126, ""2.0"": 194, ""3.0"": 514, ""4.0"": 1522, ""5.0"": 2969}, ""pred_mean"": 4.3786252066563, ""pred_std"": 0.41906855411118965, ""pred_min"": 1.4584137201309204, ""pred_max"": 4.985325813293457, ""abs_error_mean"": 0.6323953718534657, ""abs_error_p90"": 1.3580934524536141, ""abs_error_p95"": 1.8527894973754886, ""abs_error_p99"": 3.1860338783264193, ""abs_error_max"": 3.8862247467041016, ""mean_gate"": 0.9244513511657715, ""std_gate"": 0.03787871450185776, ""min_gate_value"": 0.14527924358844757, ""max_gate_value"": 0.9571125507354736, ""mean_edge_misalign_score"": 0.09162653982639313, ""best_valid_metric"": 0.8280904232194028}",
round3_training.grad_clip_0.5,ok,0,"{""training.lr"": 0.005, ""training.weight_decay"": 1e-06, ""training.grad_clip"": 0.5, ""model.embedding_size"": 128, ""model.num_layers"": 1, ""model.dropout"": 0.5, ""model.node_dropout"": 0.7, ""model.nd_weight"": 0.3, ""model.ed_weight"": 0.3, ""model.min_gate"": 0.1, ""model.gate_beta0_init"": 3.0, ""model.gate_beta1_init"": 6.0}",/home/infolab/mnt/mingyu/review_rec/rating4review/results/scg_rgcl_42_Amazon_Office_Products_14_20260515_062019_261144/test_results.json,0.8707526345457715,,,"{""mse"": 0.7582101505684019, ""rmse"": 0.8707526345457715, ""mae"": 0.6355283977616001, ""num_samples"": 5325, ""eval_clip"": false, ""min_rating"": 1.0, ""max_rating"": 5.0, ""unclipped_prediction_min"": 1.327467441558838, ""unclipped_prediction_max"": 4.96840238571167, ""clipped_prediction_min"": 1.327467441558838, ""clipped_prediction_max"": 4.96840238571167, ""label_min"": 1.0, ""label_max"": 5.0, ""rating_mean"": 4.317183017730713, ""rating_std"": 0.9550731778144836, ""rating_distribution"": {""1.0"": 126, ""2.0"": 194, ""3.0"": 514, ""4.0"": 1522, ""5.0"": 2969}, ""pred_mean"": 4.352650613068415, ""pred_std"": 0.4021220897576728, ""pred_min"": 1.327467441558838, ""pred_max"": 4.96840238571167, ""abs_error_mean"": 0.6355283977616001, ""abs_error_p90"": 1.3265578269958498, ""abs_error_p95"": 1.8220375061035157, ""abs_error_p99"": 3.203323116302497, ""abs_error_max"": 3.8729143142700195, ""mean_gate"": 0.9245048761367798, ""std_gate"": 0.03831968456506729, ""min_gate_value"": 0.14314517378807068, ""max_gate_value"": 0.957410991191864, ""mean_edge_misalign_score"": 0.09162653982639313, ""best_valid_metric"": 0.8233585682842882}",
round3_training.grad_clip_2.0,ok,0,"{""training.lr"": 0.005, ""training.weight_decay"": 1e-06, ""training.grad_clip"": 2.0, ""model.embedding_size"": 128, ""model.num_layers"": 1, ""model.dropout"": 0.5, ""model.node_dropout"": 0.7, ""model.nd_weight"": 0.3, ""model.ed_weight"": 0.3, ""model.min_gate"": 0.1, ""model.gate_beta0_init"": 3.0, ""model.gate_beta1_init"": 6.0}",/home/infolab/mnt/mingyu/review_rec/rating4review/results/scg_rgcl_42_Amazon_Office_Products_14_20260515_062119_965116/test_results.json,0.8695910764820542,,,"{""mse"": 0.756188640297218, ""rmse"": 0.8695910764820542, ""mae"": 0.6361582048174361, ""num_samples"": 5325, ""eval_clip"": false, ""min_rating"": 1.0, ""max_rating"": 5.0, ""unclipped_prediction_min"": 1.355238914489746, ""unclipped_prediction_max"": 4.972006797790527, ""clipped_prediction_min"": 1.355238914489746, ""clipped_prediction_max"": 4.972006797790527, ""label_min"": 1.0, ""label_max"": 5.0, ""rating_mean"": 4.317183017730713, ""rating_std"": 0.9550731778144836, ""rating_distribution"": {""1.0"": 126, ""2.0"": 194, ""3.0"": 514, ""4.0"": 1522, ""5.0"": 2969}, ""pred_mean"": 4.352234914761754, ""pred_std"": 0.3997346533249185, ""pred_min"": 1.355238914489746, ""pred_max"": 4.972006797790527, ""abs_error_mean"": 0.6361582048174361, ""abs_error_p90"": 1.3388732910156254, ""abs_error_p95"": 1.816092872619629, ""abs_error_p99"": 3.170264701843263, ""abs_error_max"": 3.847982883453369, ""mean_gate"": 0.9246110320091248, ""std_gate"": 0.038310419768095016, ""min_gate_value"": 0.14308974146842957, ""max_gate_value"": 0.9574899077415466, ""mean_edge_misalign_score"": 0.09162653982639313, ""best_valid_metric"": 0.8231488987885519}",
round3_training.grad_clip_5.0,ok,0,"{""training.lr"": 0.005, ""training.weight_decay"": 1e-06, ""training.grad_clip"": 5.0, ""model.embedding_size"": 128, ""model.num_layers"": 1, ""model.dropout"": 0.5, ""model.node_dropout"": 0.7, ""model.nd_weight"": 0.3, ""model.ed_weight"": 0.3, ""model.min_gate"": 0.1, ""model.gate_beta0_init"": 3.0, ""model.gate_beta1_init"": 6.0}",/home/infolab/mnt/mingyu/review_rec/rating4review/results/scg_rgcl_42_Amazon_Office_Products_14_20260515_062224_226340/test_results.json,0.8695910817389997,,,"{""mse"": 0.7561886494400036, ""rmse"": 0.8695910817389997, ""mae"": 0.6361582168391053, ""num_samples"": 5325, ""eval_clip"": false, ""min_rating"": 1.0, ""max_rating"": 5.0, ""unclipped_prediction_min"": 1.3552390336990356, ""unclipped_prediction_max"": 4.972006797790527, ""clipped_prediction_min"": 1.3552390336990356, ""clipped_prediction_max"": 4.972006797790527, ""label_min"": 1.0, ""label_max"": 5.0, ""rating_mean"": 4.317183017730713, ""rating_std"": 0.9550731778144836, ""rating_distribution"": {""1.0"": 126, ""2.0"": 194, ""3.0"": 514, ""4.0"": 1522, ""5.0"": 2969}, ""pred_mean"": 4.352234911649999, ""pred_std"": 0.39973464896566824, ""pred_min"": 1.3552390336990356, ""pred_max"": 4.972006797790527, ""abs_error_mean"": 0.6361582168391053, ""abs_error_p90"": 1.3388732910156254, ""abs_error_p95"": 1.8160932540893555, ""abs_error_p99"": 3.170264701843263, ""abs_error_max"": 3.8479833602905273, ""mean_gate"": 0.9246110320091248, ""std_gate"": 0.038310419768095016, ""min_gate_value"": 0.14308974146842957, ""max_gate_value"": 0.9574899077415466, ""mean_edge_misalign_score"": 0.09162653982639313, ""best_valid_metric"": 0.823148896823316}",
round3_model.embedding_size_32,ok,0,"{""training.lr"": 0.005, ""training.weight_decay"": 1e-06, ""training.grad_clip"": 1.0, ""model.embedding_size"": 32, ""model.num_layers"": 1, ""model.dropout"": 0.5, ""model.node_dropout"": 0.7, ""model.nd_weight"": 0.3, ""model.ed_weight"": 0.3, ""model.min_gate"": 0.1, ""model.gate_beta0_init"": 3.0, ""model.gate_beta1_init"": 6.0}",/home/infolab/mnt/mingyu/review_rec/rating4review/results/scg_rgcl_42_Amazon_Office_Products_14_20260515_062326_349432/test_results.json,0.8654269237387044,,,"{""mse"": 0.7489637603318373, ""rmse"": 0.8654269237387044, ""mae"": 0.6226824077418153, ""num_samples"": 5325, ""eval_clip"": false, ""min_rating"": 1.0, ""max_rating"": 5.0, ""unclipped_prediction_min"": 1.379274606704712, ""unclipped_prediction_max"": 4.986871719360352, ""clipped_prediction_min"": 1.379274606704712, ""clipped_prediction_max"": 4.986871719360352, ""label_min"": 1.0, ""label_max"": 5.0, ""rating_mean"": 4.317183017730713, ""rating_std"": 0.9550731778144836, ""rating_distribution"": {""1.0"": 126, ""2.0"": 194, ""3.0"": 514, ""4.0"": 1522, ""5.0"": 2969}, ""pred_mean"": 4.35423681315122, ""pred_std"": 0.43198261095863244, ""pred_min"": 1.379274606704712, ""pred_max"": 4.986871719360352, ""abs_error_mean"": 0.6226824077418153, ""abs_error_p90"": 1.3176037788391113, ""abs_error_p95"": 1.8022169113159183, ""abs_error_p99"": 3.1669389152526857, ""abs_error_max"": 3.9275097846984863, ""mean_gate"": 0.9339138865470886, ""std_gate"": 0.03388562425971031, ""min_gate_value"": 0.15690769255161285, ""max_gate_value"": 0.9623573422431946, ""mean_edge_misalign_score"": 0.09162653982639313, ""best_valid_metric"": 0.8171777250508024}",
round3_model.embedding_size_64,ok,0,"{""training.lr"": 0.005, ""training.weight_decay"": 1e-06, ""training.grad_clip"": 1.0, ""model.embedding_size"": 64, ""model.num_layers"": 1, ""model.dropout"": 0.5, ""model.node_dropout"": 0.7, ""model.nd_weight"": 0.3, ""model.ed_weight"": 0.3, ""model.min_gate"": 0.1, ""model.gate_beta0_init"": 3.0, ""model.gate_beta1_init"": 6.0}",/home/infolab/mnt/mingyu/review_rec/rating4review/results/scg_rgcl_42_Amazon_Office_Products_14_20260515_062437_520770/test_results.json,0.869463244569283,,,"{""mse"": 0.7559663336569449, ""rmse"": 0.869463244569283, ""mae"": 0.6243377455859117, ""num_samples"": 5325, ""eval_clip"": false, ""min_rating"": 1.0, ""max_rating"": 5.0, ""unclipped_prediction_min"": 1.2369557619094849, ""unclipped_prediction_max"": 4.992649555206299, ""clipped_prediction_min"": 1.2369557619094849, ""clipped_prediction_max"": 4.992649555206299, ""label_min"": 1.0, ""label_max"": 5.0, ""rating_mean"": 4.317183017730713, ""rating_std"": 0.9550731778144836, ""rating_distribution"": {""1.0"": 126, ""2.0"": 194, ""3.0"": 514, ""4.0"": 1522, ""5.0"": 2969}, ""pred_mean"": 4.3586929167268424, ""pred_std"": 0.4597085540579057, ""pred_min"": 1.2369557619094849, ""pred_max"": 4.992649555206299, ""abs_error_mean"": 0.6243377455859117, ""abs_error_p90"": 1.3435688018798833, ""abs_error_p95"": 1.801968050003052, ""abs_error_p99"": 3.1774737358093326, ""abs_error_max"": 3.9494709968566895, ""mean_gate"": 0.9321404695510864, ""std_gate"": 0.0348307229578495, ""min_gate_value"": 0.15331539511680603, ""max_gate_value"": 0.961479127407074, ""mean_edge_misalign_score"": 0.09162653982639313, ""best_valid_metric"": 0.816206431968862}",
round3_model.num_layers_2,ok,0,"{""training.lr"": 0.005, ""training.weight_decay"": 1e-06, ""training.grad_clip"": 1.0, ""model.embedding_size"": 32, ""model.num_layers"": 2, ""model.dropout"": 0.5, ""model.node_dropout"": 0.7, ""model.nd_weight"": 0.3, ""model.ed_weight"": 0.3, ""model.min_gate"": 0.1, ""model.gate_beta0_init"": 3.0, ""model.gate_beta1_init"": 6.0}",/home/infolab/mnt/mingyu/review_rec/rating4review/results/scg_rgcl_42_Amazon_Office_Products_14_20260515_062631_874187/test_results.json,0.8674729172671601,,,"{""mse"": 0.7525092621919973, ""rmse"": 0.8674729172671601, ""mae"": 0.6247777281568644, ""num_samples"": 5325, ""eval_clip"": false, ""min_rating"": 1.0, ""max_rating"": 5.0, ""unclipped_prediction_min"": 1.2458046674728394, ""unclipped_prediction_max"": 4.989437580108643, ""clipped_prediction_min"": 1.2458046674728394, ""clipped_prediction_max"": 4.989437580108643, ""label_min"": 1.0, ""label_max"": 5.0, ""rating_mean"": 4.317183017730713, ""rating_std"": 0.9550731778144836, ""rating_distribution"": {""1.0"": 126, ""2.0"": 194, ""3.0"": 514, ""4.0"": 1522, ""5.0"": 2969}, ""pred_mean"": 4.357229013353447, ""pred_std"": 0.4492225515513011, ""pred_min"": 1.2458046674728394, ""pred_max"": 4.989437580108643, ""abs_error_mean"": 0.6247777281568644, ""abs_error_p90"": 1.3324237346649173, ""abs_error_p95"": 1.8081363677978521, ""abs_error_p99"": 3.1938346290588377, ""abs_error_max"": 3.921217918395996, ""mean_gate"": 0.932075023651123, ""std_gate"": 0.034781768918037415, ""min_gate_value"": 0.1536901295185089, ""max_gate_value"": 0.9613996148109436, ""mean_edge_misalign_score"": 0.09162654727697372, ""best_valid_metric"": 0.8166677638909957}",
round3_model.dropout_0.3,ok,0,"{""training.lr"": 0.005, ""training.weight_decay"": 1e-06, ""training.grad_clip"": 1.0, ""model.embedding_size"": 32, ""model.num_layers"": 1, ""model.dropout"": 0.3, ""model.node_dropout"": 0.7, ""model.nd_weight"": 0.3, ""model.ed_weight"": 0.3, ""model.min_gate"": 0.1, ""model.gate_beta0_init"": 3.0, ""model.gate_beta1_init"": 6.0}",/home/infolab/mnt/mingyu/review_rec/rating4review/results/scg_rgcl_42_Amazon_Office_Products_14_20260515_062748_343612/test_results.json,0.8703890419099192,,,"{""mse"": 0.757577084276867, ""rmse"": 0.8703890419099192, ""mae"": 0.6177979119171, ""num_samples"": 5325, ""eval_clip"": false, ""min_rating"": 1.0, ""max_rating"": 5.0, ""unclipped_prediction_min"": 1.2129393815994263, ""unclipped_prediction_max"": 4.993836402893066, ""clipped_prediction_min"": 1.2129393815994263, ""clipped_prediction_max"": 4.993836402893066, ""label_min"": 1.0, ""label_max"": 5.0, ""rating_mean"": 4.317183017730713, ""rating_std"": 0.9550731778144836, ""rating_distribution"": {""1.0"": 126, ""2.0"": 194, ""3.0"": 514, ""4.0"": 1522, ""5.0"": 2969}, ""pred_mean"": 4.3501005241680595, ""pred_std"": 0.47825321335269866, ""pred_min"": 1.2129393815994263, ""pred_max"": 4.993836402893066, ""abs_error_mean"": 0.6177979119171, ""abs_error_p90"": 1.322208023071291, ""abs_error_p95"": 1.8371544837951668, ""abs_error_p99"": 3.155018730163577, ""abs_error_max"": 3.950076103210449, ""mean_gate"": 0.9334812760353088, ""std_gate"": 0.03420102223753929, ""min_gate_value"": 0.15547095239162445, ""max_gate_value"": 0.9621902704238892, ""mean_edge_misalign_score"": 0.09162653982639313, ""best_valid_metric"": 0.8204404364029669}",
round3_model.dropout_0.7,ok,0,"{""training.lr"": 0.005, ""training.weight_decay"": 1e-06, ""training.grad_clip"": 1.0, ""model.embedding_size"": 32, ""model.num_layers"": 1, ""model.dropout"": 0.7, ""model.node_dropout"": 0.7, ""model.nd_weight"": 0.3, ""model.ed_weight"": 0.3, ""model.min_gate"": 0.1, ""model.gate_beta0_init"": 3.0, ""model.gate_beta1_init"": 6.0}",/home/infolab/mnt/mingyu/review_rec/rating4review/results/scg_rgcl_42_Amazon_Office_Products_14_20260515_062945_287211/test_results.json,0.875789619042978,,,"{""mse"": 0.7670074568234446, ""rmse"": 0.875789619042978, ""mae"": 0.646733172689805, ""num_samples"": 5325, ""eval_clip"": false, ""min_rating"": 1.0, ""max_rating"": 5.0, ""unclipped_prediction_min"": 1.6268730163574219, ""unclipped_prediction_max"": 4.9412455558776855, ""clipped_prediction_min"": 1.6268730163574219, ""clipped_prediction_max"": 4.9412455558776855, ""label_min"": 1.0, ""label_max"": 5.0, ""rating_mean"": 4.317183017730713, ""rating_std"": 0.9550731778144836, ""rating_distribution"": {""1.0"": 126, ""2.0"": 194, ""3.0"": 514, ""4.0"": 1522, ""5.0"": 2969}, ""pred_mean"": 4.363009765248903, ""pred_std"": 0.32637125211783663, ""pred_min"": 1.6268730163574219, ""pred_max"": 4.9412455558776855, ""abs_error_mean"": 0.646733172689805, ""abs_error_p90"": 1.2880517959594728, ""abs_error_p95"": 1.8454860687255905, ""abs_error_p99"": 3.2528185272216827, ""abs_error_max"": 3.801473617553711, ""mean_gate"": 0.9236630797386169, ""std_gate"": 0.03857732191681862, ""min_gate_value"": 0.14273515343666077, ""max_gate_value"": 0.9568925499916077, ""mean_edge_misalign_score"": 0.09162653982639313, ""best_valid_metric"": 0.8367997265511159}",
round3_model.node_dropout_0.5,ok,0,"{""training.lr"": 0.005, ""training.weight_decay"": 1e-06, ""training.grad_clip"": 1.0, ""model.embedding_size"": 32, ""model.num_layers"": 1, ""model.dropout"": 0.5, ""model.node_dropout"": 0.5, ""model.nd_weight"": 0.3, ""model.ed_weight"": 0.3, ""model.min_gate"": 0.1, ""model.gate_beta0_init"": 3.0, ""model.gate_beta1_init"": 6.0}",/home/infolab/mnt/mingyu/review_rec/rating4review/results/scg_rgcl_42_Amazon_Office_Products_14_20260515_063046_284534/test_results.json,0.8654269282589124,,,"{""mse"": 0.7489637681556568, ""rmse"": 0.8654269282589124, ""mae"": 0.6226824141668043, ""num_samples"": 5325, ""eval_clip"": false, ""min_rating"": 1.0, ""max_rating"": 5.0, ""unclipped_prediction_min"": 1.379274606704712, ""unclipped_prediction_max"": 4.986871719360352, ""clipped_prediction_min"": 1.379274606704712, ""clipped_prediction_max"": 4.986871719360352, ""label_min"": 1.0, ""label_max"": 5.0, ""rating_mean"": 4.317183017730713, ""rating_std"": 0.9550731778144836, ""rating_distribution"": {""1.0"": 126, ""2.0"": 194, ""3.0"": 514, ""4.0"": 1522, ""5.0"": 2969}, ""pred_mean"": 4.354236816352522, ""pred_std"": 0.4319826117404658, ""pred_min"": 1.379274606704712, ""pred_max"": 4.986871719360352, ""abs_error_mean"": 0.6226824141668043, ""abs_error_p90"": 1.317603588104248, ""abs_error_p95"": 1.802217292785645, ""abs_error_p99"": 3.1669389152526857, ""abs_error_max"": 3.9275097846984863, ""mean_gate"": 0.9339138865470886, ""std_gate"": 0.03388562425971031, ""min_gate_value"": 0.15690769255161285, ""max_gate_value"": 0.9623573422431946, ""mean_edge_misalign_score"": 0.09162653982639313, ""best_valid_metric"": 0.8171777202306643}",
round3_model.node_dropout_0.8,ok,0,"{""training.lr"": 0.005, ""training.weight_decay"": 1e-06, ""training.grad_clip"": 1.0, ""model.embedding_size"": 32, ""model.num_layers"": 1, ""model.dropout"": 0.5, ""model.node_dropout"": 0.8, ""model.nd_weight"": 0.3, ""model.ed_weight"": 0.3, ""model.min_gate"": 0.1, ""model.gate_beta0_init"": 3.0, ""model.gate_beta1_init"": 6.0}",/home/infolab/mnt/mingyu/review_rec/rating4review/results/scg_rgcl_42_Amazon_Office_Products_14_20260515_063157_380015/test_results.json,0.8654269268084536,,,"{""mse"": 0.7489637656451245, ""rmse"": 0.8654269268084536, ""mae"": 0.6226824089730849, ""num_samples"": 5325, ""eval_clip"": false, ""min_rating"": 1.0, ""max_rating"": 5.0, ""unclipped_prediction_min"": 1.379274606704712, ""unclipped_prediction_max"": 4.986871719360352, ""clipped_prediction_min"": 1.379274606704712, ""clipped_prediction_max"": 4.986871719360352, ""label_min"": 1.0, ""label_max"": 5.0, ""rating_mean"": 4.317183017730713, ""rating_std"": 0.9550731778144836, ""rating_distribution"": {""1.0"": 126, ""2.0"": 194, ""3.0"": 514, ""4.0"": 1522, ""5.0"": 2969}, ""pred_mean"": 4.354236811785631, ""pred_std"": 0.4319826083301055, ""pred_min"": 1.379274606704712, ""pred_max"": 4.986871719360352, ""abs_error_mean"": 0.6226824089730849, ""abs_error_p90"": 1.317603588104248, ""abs_error_p95"": 1.8022171020507816, ""abs_error_p99"": 3.166939392089844, ""abs_error_max"": 3.9275097846984863, ""mean_gate"": 0.9339138865470886, ""std_gate"": 0.03388562425971031, ""min_gate_value"": 0.15690769255161285, ""max_gate_value"": 0.9623573422431946, ""mean_edge_misalign_score"": 0.09162653982639313, ""best_valid_metric"": 0.8171777314048387}",
round3_model.nd_weight_0.1,ok,0,"{""training.lr"": 0.005, ""training.weight_decay"": 1e-06, ""training.grad_clip"": 1.0, ""model.embedding_size"": 32, ""model.num_layers"": 1, ""model.dropout"": 0.5, ""model.node_dropout"": 0.7, ""model.nd_weight"": 0.1, ""model.ed_weight"": 0.3, ""model.min_gate"": 0.1, ""model.gate_beta0_init"": 3.0, ""model.gate_beta1_init"": 6.0}",/home/infolab/mnt/mingyu/review_rec/rating4review/results/scg_rgcl_42_Amazon_Office_Products_14_20260515_063307_041498/test_results.json,0.867022793288668,,,"{""mse"": 0.7517285240820843, ""rmse"": 0.867022793288668, ""mae"": 0.6212429954188531, ""num_samples"": 5325, ""eval_clip"": false, ""min_rating"": 1.0, ""max_rating"": 5.0, ""unclipped_prediction_min"": 1.2835139036178589, ""unclipped_prediction_max"": 4.992659568786621, ""clipped_prediction_min"": 1.2835139036178589, ""clipped_prediction_max"": 4.992659568786621, ""label_min"": 1.0, ""label_max"": 5.0, ""rating_mean"": 4.317183017730713, ""rating_std"": 0.9550731778144836, ""rating_distribution"": {""1.0"": 126, ""2.0"": 194, ""3.0"": 514, ""4.0"": 1522, ""5.0"": 2969}, ""pred_mean"": 4.360393880879935, ""pred_std"": 0.44049318129547016, ""pred_min"": 1.2835139036178589, ""pred_max"": 4.992659568786621, ""abs_error_mean"": 0.6212429954188531, ""abs_error_p90"": 1.3270663261413582, ""abs_error_p95"": 1.822608947753907, ""abs_error_p99"": 3.168394412994387, ""abs_error_max"": 3.949430465698242, ""mean_gate"": 0.9334959983825684, ""std_gate"": 0.03401424363255501, ""min_gate_value"": 0.15663625299930573, ""max_gate_value"": 0.9620974063873291, ""mean_edge_misalign_score"": 0.09162653982639313, ""best_valid_metric"": 0.816328406800218}",
round3_model.nd_weight_0.5,ok,0,"{""training.lr"": 0.005, ""training.weight_decay"": 1e-06, ""training.grad_clip"": 1.0, ""model.embedding_size"": 32, ""model.num_layers"": 1, ""model.dropout"": 0.5, ""model.node_dropout"": 0.7, ""model.nd_weight"": 0.5, ""model.ed_weight"": 0.3, ""model.min_gate"": 0.1, ""model.gate_beta0_init"": 3.0, ""model.gate_beta1_init"": 6.0}",/home/infolab/mnt/mingyu/review_rec/rating4review/results/scg_rgcl_42_Amazon_Office_Products_14_20260515_063420_899474/test_results.json,0.8659810046690724,,,"{""mse"": 0.7499231004476559, ""rmse"": 0.8659810046690724, ""mae"": 0.6214210430333312, ""num_samples"": 5325, ""eval_clip"": false, ""min_rating"": 1.0, ""max_rating"": 5.0, ""unclipped_prediction_min"": 1.4089303016662598, ""unclipped_prediction_max"": 4.985159397125244, ""clipped_prediction_min"": 1.4089303016662598, ""clipped_prediction_max"": 4.985159397125244, ""label_min"": 1.0, ""label_max"": 5.0, ""rating_mean"": 4.317183017730713, ""rating_std"": 0.9550731778144836, ""rating_distribution"": {""1.0"": 126, ""2.0"": 194, ""3.0"": 514, ""4.0"": 1522, ""5.0"": 2969}, ""pred_mean"": 4.364686619015367, ""pred_std"": 0.42782202985382245, ""pred_min"": 1.4089303016662598, ""pred_max"": 4.985159397125244, ""abs_error_mean"": 0.6214210430333312, ""abs_error_p90"": 1.3194168090820315, ""abs_error_p95"": 1.8079098701477052, ""abs_error_p99"": 3.197475337982185, ""abs_error_max"": 3.9211807250976562, ""mean_gate"": 0.9338240623474121, ""std_gate"": 0.033925481140613556, ""min_gate_value"": 0.15677079558372498, ""max_gate_value"": 0.9623082876205444, ""mean_edge_misalign_score"": 0.09162653982639313, ""best_valid_metric"": 0.8182276402474457}",
round3_model.ed_weight_0.7,ok,0,"{""training.lr"": 0.005, ""training.weight_decay"": 1e-06, ""training.grad_clip"": 1.0, ""model.embedding_size"": 32, ""model.num_layers"": 1, ""model.dropout"": 0.5, ""model.node_dropout"": 0.7, ""model.nd_weight"": 0.3, ""model.ed_weight"": 0.7, ""model.min_gate"": 0.1, ""model.gate_beta0_init"": 3.0, ""model.gate_beta1_init"": 6.0}",/home/infolab/mnt/mingyu/review_rec/rating4review/results/scg_rgcl_42_Amazon_Office_Products_14_20260515_063531_599154/test_results.json,0.8673080864801891,,,"{""mse"": 0.7522233168739271, ""rmse"": 0.8673080864801891, ""mae"": 0.6269035850668178, ""num_samples"": 5325, ""eval_clip"": false, ""min_rating"": 1.0, ""max_rating"": 5.0, ""unclipped_prediction_min"": 1.5535790920257568, ""unclipped_prediction_max"": 4.9817962646484375, ""clipped_prediction_min"": 1.5535790920257568, ""clipped_prediction_max"": 4.9817962646484375, ""label_min"": 1.0, ""label_max"": 5.0, ""rating_mean"": 4.317183017730713, ""rating_std"": 0.9550731778144836, ""rating_distribution"": {""1.0"": 126, ""2.0"": 194, ""3.0"": 514, ""4.0"": 1522, ""5.0"": 2969}, ""pred_mean"": 4.365753956557439, ""pred_std"": 0.38817119289982976, ""pred_min"": 1.5535790920257568, ""pred_max"": 4.9817962646484375, ""abs_error_mean"": 0.6269035850668178, ""abs_error_p90"": 1.2874814033508308, ""abs_error_p95"": 1.8275049209594727, ""abs_error_p99"": 3.1838926696777365, ""abs_error_max"": 3.899256706237793, ""mean_gate"": 0.9323650002479553, ""std_gate"": 0.03458184376358986, ""min_gate_value"": 0.1545412689447403, ""max_gate_value"": 0.9615173935890198, ""mean_edge_misalign_score"": 0.09162653982639313, ""best_valid_metric"": 0.8222786970564075}",
round3_model.ed_weight_1.0,ok,0,"{""training.lr"": 0.005, ""training.weight_decay"": 1e-06, ""training.grad_clip"": 1.0, ""model.embedding_size"": 32, ""model.num_layers"": 1, ""model.dropout"": 0.5, ""model.node_dropout"": 0.7, ""model.nd_weight"": 0.3, ""model.ed_weight"": 1.0, ""model.min_gate"": 0.1, ""model.gate_beta0_init"": 3.0, ""model.gate_beta1_init"": 6.0}",/home/infolab/mnt/mingyu/review_rec/rating4review/results/scg_rgcl_42_Amazon_Office_Products_14_20260515_063705_934354/test_results.json,0.8678721919403142,,,"{""mse"": 0.7532021415432856, ""rmse"": 0.8678721919403142, ""mae"": 0.6317774460573151, ""num_samples"": 5325, ""eval_clip"": false, ""min_rating"": 1.0, ""max_rating"": 5.0, ""unclipped_prediction_min"": 1.5746586322784424, ""unclipped_prediction_max"": 4.975348472595215, ""clipped_prediction_min"": 1.5746586322784424, ""clipped_prediction_max"": 4.975348472595215, ""label_min"": 1.0, ""label_max"": 5.0, ""rating_mean"": 4.317183017730713, ""rating_std"": 0.9550731778144836, ""rating_distribution"": {""1.0"": 126, ""2.0"": 194, ""3.0"": 514, ""4.0"": 1522, ""5.0"": 2969}, ""pred_mean"": 4.3590619481673265, ""pred_std"": 0.3785910571216701, ""pred_min"": 1.5746586322784424, ""pred_max"": 4.975348472595215, ""abs_error_mean"": 0.6317774460573151, ""abs_error_p90"": 1.2962614059448243, ""abs_error_p95"": 1.8216814994812016, ""abs_error_p99"": 3.2101201629638707, ""abs_error_max"": 3.8881421089172363, ""mean_gate"": 0.9350577592849731, ""std_gate"": 0.033354710787534714, ""min_gate_value"": 0.1588425189256668, ""max_gate_value"": 0.9629698395729065, ""mean_edge_misalign_score"": 0.09162653982639313, ""best_valid_metric"": 0.8218137051077177}",
round3_model.min_gate_0.05,ok,0,"{""training.lr"": 0.005, ""training.weight_decay"": 1e-06, ""training.grad_clip"": 1.0, ""model.embedding_size"": 32, ""model.num_layers"": 1, ""model.dropout"": 0.5, ""model.node_dropout"": 0.7, ""model.nd_weight"": 0.3, ""model.ed_weight"": 0.3, ""model.min_gate"": 0.05, ""model.gate_beta0_init"": 3.0, ""model.gate_beta1_init"": 6.0}",/home/infolab/mnt/mingyu/review_rec/rating4review/results/scg_rgcl_42_Amazon_Office_Products_14_20260515_063819_009237/test_results.json,0.8654300105953838,,,"{""mse"": 0.7489691032391262, ""rmse"": 0.8654300105953838, ""mae"": 0.6227095820870198, ""num_samples"": 5325, ""eval_clip"": false, ""min_rating"": 1.0, ""max_rating"": 5.0, ""unclipped_prediction_min"": 1.381898283958435, ""unclipped_prediction_max"": 4.9868597984313965, ""clipped_prediction_min"": 1.381898283958435, ""clipped_prediction_max"": 4.9868597984313965, ""label_min"": 1.0, ""label_max"": 5.0, ""rating_mean"": 4.317183017730713, ""rating_std"": 0.9550731778144836, ""rating_distribution"": {""1.0"": 126, ""2.0"": 194, ""3.0"": 514, ""4.0"": 1522, ""5.0"": 2969}, ""pred_mean"": 4.3541607939357485, ""pred_std"": 0.43187098692583187, ""pred_min"": 1.381898283958435, ""pred_max"": 4.9868597984313965, ""abs_error_mean"": 0.6227095820870198, ""abs_error_p90"": 1.3169654846191408, ""abs_error_p95"": 1.802499294281006, ""abs_error_p99"": 3.1689706420898442, ""abs_error_max"": 3.9273300170898438, ""mean_gate"": 0.9302855134010315, ""std_gate"": 0.03574757277965546, ""min_gate_value"": 0.11014465242624283, ""max_gate_value"": 0.9602888226509094, ""mean_edge_misalign_score"": 0.09162653982639313, ""best_valid_metric"": 0.8172231890012486}",
round3_model.min_gate_0.15,ok,0,"{""training.lr"": 0.005, ""training.weight_decay"": 1e-06, ""training.grad_clip"": 1.0, ""model.embedding_size"": 32, ""model.num_layers"": 1, ""model.dropout"": 0.5, ""model.node_dropout"": 0.7, ""model.nd_weight"": 0.3, ""model.ed_weight"": 0.3, ""model.min_gate"": 0.15, ""model.gate_beta0_init"": 3.0, ""model.gate_beta1_init"": 6.0}",/home/infolab/mnt/mingyu/review_rec/rating4review/results/scg_rgcl_42_Amazon_Office_Products_14_20260515_063930_581824/test_results.json,0.8654258995984224,,,"{""mse"": 0.7489619876957386, ""rmse"": 0.8654258995984224, ""mae"": 0.6226498812912775, ""num_samples"": 5325, ""eval_clip"": false, ""min_rating"": 1.0, ""max_rating"": 5.0, ""unclipped_prediction_min"": 1.376793384552002, ""unclipped_prediction_max"": 4.986881732940674, ""clipped_prediction_min"": 1.376793384552002, ""clipped_prediction_max"": 4.986881732940674, ""label_min"": 1.0, ""label_max"": 5.0, ""rating_mean"": 4.317183017730713, ""rating_std"": 0.9550731778144836, ""rating_distribution"": {""1.0"": 126, ""2.0"": 194, ""3.0"": 514, ""4.0"": 1522, ""5.0"": 2969}, ""pred_mean"": 4.354326722274924, ""pred_std"": 0.4320905960797037, ""pred_min"": 1.376793384552002, ""pred_max"": 4.986881732940674, ""abs_error_mean"": 0.6226498812912775, ""abs_error_p90"": 1.3179861068725587, ""abs_error_p95"": 1.8008106708526614, ""abs_error_p99"": 3.1653267097473146, ""abs_error_max"": 3.9276747703552246, ""mean_gate"": 0.937548041343689, ""std_gate"": 0.03202066570520401, ""min_gate_value"": 0.20368261635303497, ""max_gate_value"": 0.9644289016723633, ""mean_edge_misalign_score"": 0.09162653982639313, ""best_valid_metric"": 0.8171320605094113}",
round3_model.min_gate_0.2,ok,0,"{""training.lr"": 0.005, ""training.weight_decay"": 1e-06, ""training.grad_clip"": 1.0, ""model.embedding_size"": 32, ""model.num_layers"": 1, ""model.dropout"": 0.5, ""model.node_dropout"": 0.7, ""model.nd_weight"": 0.3, ""model.ed_weight"": 0.3, ""model.min_gate"": 0.2, ""model.gate_beta0_init"": 3.0, ""model.gate_beta1_init"": 6.0}",/home/infolab/mnt/mingyu/review_rec/rating4review/results/scg_rgcl_42_Amazon_Office_Products_14_20260515_064042_358527/test_results.json,0.8654243880072149,,,"{""mse"": 0.7489593713576623, ""rmse"": 0.8654243880072149, ""mae"": 0.6226199929367209, ""num_samples"": 5325, ""eval_clip"": false, ""min_rating"": 1.0, ""max_rating"": 5.0, ""unclipped_prediction_min"": 1.3741835355758667, ""unclipped_prediction_max"": 4.986891746520996, ""clipped_prediction_min"": 1.3741835355758667, ""clipped_prediction_max"": 4.986891746520996, ""label_min"": 1.0, ""label_max"": 5.0, ""rating_mean"": 4.317183017730713, ""rating_std"": 0.9550731778144836, ""rating_distribution"": {""1.0"": 126, ""2.0"": 194, ""3.0"": 514, ""4.0"": 1522, ""5.0"": 2969}, ""pred_mean"": 4.35440456150843, ""pred_std"": 0.43220983060590246, ""pred_min"": 1.3741835355758667, ""pred_max"": 4.986891746520996, ""abs_error_mean"": 0.6226199929367209, ""abs_error_p90"": 1.3175853729248048, ""abs_error_p95"": 1.8018916130065925, ""abs_error_p99"": 3.1643697738647467, ""abs_error_max"": 3.927863121032715, ""mean_gate"": 0.941188395023346, ""std_gate"": 0.03015274740755558, ""min_gate_value"": 0.25046831369400024, ""max_gate_value"": 0.9665036201477051, ""mean_edge_misalign_score"": 0.09162653982639313, ""best_valid_metric"": 0.8170897686173615}",
round3_model.gate_beta0_init_1.0,ok,0,"{""training.lr"": 0.005, ""training.weight_decay"": 1e-06, ""training.grad_clip"": 1.0, ""model.embedding_size"": 32, ""model.num_layers"": 1, ""model.dropout"": 0.5, ""model.node_dropout"": 0.7, ""model.nd_weight"": 0.3, ""model.ed_weight"": 0.3, ""model.min_gate"": 0.2, ""model.gate_beta0_init"": 1.0, ""model.gate_beta1_init"": 6.0}",/home/infolab/mnt/mingyu/review_rec/rating4review/results/scg_rgcl_42_Amazon_Office_Products_14_20260515_064155_075523/test_results.json,0.8663161759942744,,,"{""mse"": 0.7505037167893426, ""rmse"": 0.8663161759942744, ""mae"": 0.6238178122435377, ""num_samples"": 5325, ""eval_clip"": false, ""min_rating"": 1.0, ""max_rating"": 5.0, ""unclipped_prediction_min"": 1.5586028099060059, ""unclipped_prediction_max"": 4.988333225250244, ""clipped_prediction_min"": 1.5586028099060059, ""clipped_prediction_max"": 4.988333225250244, ""label_min"": 1.0, ""label_max"": 5.0, ""rating_mean"": 4.317183017730713, ""rating_std"": 0.9550731778144836, ""rating_distribution"": {""1.0"": 126, ""2.0"": 194, ""3.0"": 514, ""4.0"": 1522, ""5.0"": 2969}, ""pred_mean"": 4.3595474153617175, ""pred_std"": 0.4166045575732805, ""pred_min"": 1.5586028099060059, ""pred_max"": 4.988333225250244, ""abs_error_mean"": 0.6238178122435377, ""abs_error_p90"": 1.3044569015502934, ""abs_error_p95"": 1.8069974899291994, ""abs_error_p99"": 3.1735619354248117, ""abs_error_max"": 3.9133095741271973, ""mean_gate"": 0.7164027690887451, ""std_gate"": 0.06518986821174622, ""min_gate_value"": 0.20721159875392914, ""max_gate_value"": 0.8066689968109131, ""mean_edge_misalign_score"": 0.09162653982639313, ""best_valid_metric"": 0.8194683868186474}",
round3_model.gate_beta0_init_2.0,ok,0,"{""training.lr"": 0.005, ""training.weight_decay"": 1e-06, ""training.grad_clip"": 1.0, ""model.embedding_size"": 32, ""model.num_layers"": 1, ""model.dropout"": 0.5, ""model.node_dropout"": 0.7, ""model.nd_weight"": 0.3, ""model.ed_weight"": 0.3, ""model.min_gate"": 0.2, ""model.gate_beta0_init"": 2.0, ""model.gate_beta1_init"": 6.0}",/home/infolab/mnt/mingyu/review_rec/rating4review/results/scg_rgcl_42_Amazon_Office_Products_14_20260515_064338_255722/test_results.json,0.8658046167726724,,,"{""mse"": 0.7496176344248742, ""rmse"": 0.8658046167726724, ""mae"": 0.6206551818668562, ""num_samples"": 5325, ""eval_clip"": false, ""min_rating"": 1.0, ""max_rating"": 5.0, ""unclipped_prediction_min"": 1.4177746772766113, ""unclipped_prediction_max"": 4.9878363609313965, ""clipped_prediction_min"": 1.4177746772766113, ""clipped_prediction_max"": 4.9878363609313965, ""label_min"": 1.0, ""label_max"": 5.0, ""rating_mean"": 4.317183017730713, ""rating_std"": 0.9550731778144836, ""rating_distribution"": {""1.0"": 126, ""2.0"": 194, ""3.0"": 514, ""4.0"": 1522, ""5.0"": 2969}, ""pred_mean"": 4.36253474356423, ""pred_std"": 0.43192657073371876, ""pred_min"": 1.4177746772766113, ""pred_max"": 4.9878363609313965, ""abs_error_mean"": 0.6206551818668562, ""abs_error_p90"": 1.31640043258667, ""abs_error_p95"": 1.8120900154113788, ""abs_error_p99"": 3.176378822326663, ""abs_error_max"": 3.933962345123291, ""mean_gate"": 0.8617576360702515, ""std_gate"": 0.05059710144996643, ""min_gate_value"": 0.21962878108024597, ""max_gate_value"": 0.9155541062355042, ""mean_edge_misalign_score"": 0.09162653982639313, ""best_valid_metric"": 0.8176560123567714}",
round3_model.gate_beta1_init_2.0,ok,0,"{""training.lr"": 0.005, ""training.weight_decay"": 1e-06, ""training.grad_clip"": 1.0, ""model.embedding_size"": 32, ""model.num_layers"": 1, ""model.dropout"": 0.5, ""model.node_dropout"": 0.7, ""model.nd_weight"": 0.3, ""model.ed_weight"": 0.3, ""model.min_gate"": 0.2, ""model.gate_beta0_init"": 3.0, ""model.gate_beta1_init"": 2.0}",/home/infolab/mnt/mingyu/review_rec/rating4review/results/scg_rgcl_42_Amazon_Office_Products_14_20260515_064454_313337/test_results.json,0.865443647720893,,,"{""mse"": 0.7489927073804451, ""rmse"": 0.865443647720893, ""mae"": 0.622410568474604, ""num_samples"": 5325, ""eval_clip"": false, ""min_rating"": 1.0, ""max_rating"": 5.0, ""unclipped_prediction_min"": 1.3529877662658691, ""unclipped_prediction_max"": 4.987063407897949, ""clipped_prediction_min"": 1.3529877662658691, ""clipped_prediction_max"": 4.987063407897949, ""label_min"": 1.0, ""label_max"": 5.0, ""rating_mean"": 4.317183017730713, ""rating_std"": 0.9550731778144836, ""rating_distribution"": {""1.0"": 126, ""2.0"": 194, ""3.0"": 514, ""4.0"": 1522, ""5.0"": 2969}, ""pred_mean"": 4.354817890494083, ""pred_std"": 0.43295518471274347, ""pred_min"": 1.3529877662658691, ""pred_max"": 4.987063407897949, ""abs_error_mean"": 0.622410568474604, ""abs_error_p90"": 1.3132450103759765, ""abs_error_p95"": 1.806545877456667, ""abs_error_p99"": 3.158224906921389, ""abs_error_max"": 3.928595542907715, ""mean_gate"": 0.9596180319786072, ""std_gate"": 0.005267619621008635, ""min_gate_value"": 0.8202214241027832, ""max_gate_value"": 0.9659275412559509, ""mean_edge_misalign_score"": 0.09162653982639313, ""best_valid_metric"": 0.8167454357271701}",
round3_model.gate_beta1_init_4.0,ok,0,"{""training.lr"": 0.005, ""training.weight_decay"": 1e-06, ""training.grad_clip"": 1.0, ""model.embedding_size"": 32, ""model.num_layers"": 1, ""model.dropout"": 0.5, ""model.node_dropout"": 0.7, ""model.nd_weight"": 0.3, ""model.ed_weight"": 0.3, ""model.min_gate"": 0.2, ""model.gate_beta0_init"": 3.0, ""model.gate_beta1_init"": 4.0}",/home/infolab/mnt/mingyu/review_rec/rating4review/results/scg_rgcl_42_Amazon_Office_Products_14_20260515_064605_571085/test_results.json,0.8654312327757306,,,"{""mse"": 0.748971218663721, ""rmse"": 0.8654312327757306, ""mae"": 0.6224745225906372, ""num_samples"": 5325, ""eval_clip"": false, ""min_rating"": 1.0, ""max_rating"": 5.0, ""unclipped_prediction_min"": 1.3607786893844604, ""unclipped_prediction_max"": 4.987020492553711, ""clipped_prediction_min"": 1.3607786893844604, ""clipped_prediction_max"": 4.987020492553711, ""label_min"": 1.0, ""label_max"": 5.0, ""rating_mean"": 4.317183017730713, ""rating_std"": 0.9550731778144836, ""rating_distribution"": {""1.0"": 126, ""2.0"": 194, ""3.0"": 514, ""4.0"": 1522, ""5.0"": 2969}, ""pred_mean"": 4.354804493563836, ""pred_std"": 0.43258378677434345, ""pred_min"": 1.3607786893844604, ""pred_max"": 4.987020492553711, ""abs_error_mean"": 0.6224745225906372, ""abs_error_p90"": 1.3128958702087408, ""abs_error_p95"": 1.8071907997131367, ""abs_error_p99"": 3.158812484741215, ""abs_error_max"": 3.928360939025879, ""mean_gate"": 0.9515216946601868, ""std_gate"": 0.015423852019011974, ""min_gate_value"": 0.46179884672164917, ""max_gate_value"": 0.9661995768547058, ""mean_edge_misalign_score"": 0.09162653982639313, ""best_valid_metric"": 0.8168711398000625}",
