trial_name,status,returncode,params,result_json,rmse,mse,mae,all_metrics,available_metrics
baseline,ok,0,"{""training.lr"": 0.01, ""training.weight_decay"": 0.0, ""training.grad_clip"": 1.0, ""model.embedding_size"": 64, ""model.num_layers"": 1, ""model.dropout"": 0.7, ""model.node_dropout"": 0.8, ""model.nd_weight"": 0.3, ""model.ed_weight"": 1.0, ""model.align_weight"": 0.02, ""model.residual_weight"": 0.001, ""model.gate_hidden_dim"": 64, ""model.epsilon"": 0.05, ""model.lambda_residual"": 0.25, ""model.review_generation_weight"": 0.05}",/home/infolab/mnt/mingyu/review_rec/rating4review/results/ma_rgcl_42_Amazon_Office_Products_14_20260515_064719_734117/test_results.json,0.97190067356049,,,"{""mse"": 0.9445909192673342, ""rmse"": 0.97190067356049, ""mae"": 0.7367721848644561, ""num_samples"": 5325, ""eval_clip"": false, ""min_rating"": 1.0, ""max_rating"": 5.0, ""unclipped_prediction_min"": 4.300243377685547, ""unclipped_prediction_max"": 4.602761745452881, ""clipped_prediction_min"": 4.300243377685547, ""clipped_prediction_max"": 4.602761745452881, ""label_min"": 1.0, ""label_max"": 5.0, ""rating_mean"": 4.317183017730713, ""rating_std"": 0.9550731778144836, ""rating_distribution"": {""1.0"": 126, ""2.0"": 194, ""3.0"": 514, ""4.0"": 1522, ""5.0"": 2969}, ""pred_mean"": 4.509425230876941, ""pred_std"": 0.025871190984922916, ""pred_min"": 4.300243377685547, ""pred_max"": 4.602761745452881, ""abs_error_mean"": 0.7367721848644561, ""abs_error_p90"": 1.5124734878540038, ""abs_error_p95"": 2.4959875106811524, ""abs_error_p99"": 3.5089549255371093, ""abs_error_max"": 3.5854568481445312, ""mean_gate"": 0.5882818102836609, ""std_gate"": 0.02564076893031597, ""min_gate_value"": 0.5119900703430176, ""max_gate_value"": 0.6687328815460205, ""mean_gamma"": 0.15292952954769135, ""mean_edge_misalign_score"": 0.1416894793510437, ""best_valid_metric"": 0.9367800125349237}",
round1_training.lr_0.003,ok,0,"{""training.lr"": 0.003, ""training.weight_decay"": 0.0, ""training.grad_clip"": 1.0, ""model.embedding_size"": 64, ""model.num_layers"": 1, ""model.dropout"": 0.7, ""model.node_dropout"": 0.8, ""model.nd_weight"": 0.3, ""model.ed_weight"": 1.0, ""model.align_weight"": 0.02, ""model.residual_weight"": 0.001, ""model.gate_hidden_dim"": 64, ""model.epsilon"": 0.05, ""model.lambda_residual"": 0.25, ""model.review_generation_weight"": 0.05}",/home/infolab/mnt/mingyu/review_rec/rating4review/results/ma_rgcl_42_Amazon_Office_Products_14_20260515_064829_007669/test_results.json,0.8857508548159263,,,"{""mse"": 0.7845545768071441, ""rmse"": 0.8857508548159263, ""mae"": 0.6669973188051036, ""num_samples"": 5325, ""eval_clip"": false, ""min_rating"": 1.0, ""max_rating"": 5.0, ""unclipped_prediction_min"": 3.1159133911132812, ""unclipped_prediction_max"": 4.913165092468262, ""clipped_prediction_min"": 3.1159133911132812, ""clipped_prediction_max"": 4.913165092468262, ""label_min"": 1.0, ""label_max"": 5.0, ""rating_mean"": 4.317183017730713, ""rating_std"": 0.9550731778144836, ""rating_distribution"": {""1.0"": 126, ""2.0"": 194, ""3.0"": 514, ""4.0"": 1522, ""5.0"": 2969}, ""pred_mean"": 4.291023423100861, ""pred_std"": 0.32602278727500233, ""pred_min"": 3.1159133911132812, ""pred_max"": 4.913165092468262, ""abs_error_mean"": 0.6669973188051036, ""abs_error_p90"": 1.2551117897033692, ""abs_error_p95"": 1.7989445686340346, ""abs_error_p99"": 3.2333892822265637, ""abs_error_max"": 3.809948444366455, ""mean_gate"": 0.8380369544029236, ""std_gate"": 0.06681124120950699, ""min_gate_value"": 0.5247770547866821, ""max_gate_value"": 0.9832134246826172, ""mean_gamma"": 0.09049075096845627, ""mean_edge_misalign_score"": 0.1416894793510437, ""best_valid_metric"": 0.8519183276367287}",
round1_training.lr_0.005,ok,0,"{""training.lr"": 0.005, ""training.weight_decay"": 0.0, ""training.grad_clip"": 1.0, ""model.embedding_size"": 64, ""model.num_layers"": 1, ""model.dropout"": 0.7, ""model.node_dropout"": 0.8, ""model.nd_weight"": 0.3, ""model.ed_weight"": 1.0, ""model.align_weight"": 0.02, ""model.residual_weight"": 0.001, ""model.gate_hidden_dim"": 64, ""model.epsilon"": 0.05, ""model.lambda_residual"": 0.25, ""model.review_generation_weight"": 0.05}",/home/infolab/mnt/mingyu/review_rec/rating4review/results/ma_rgcl_42_Amazon_Office_Products_14_20260515_065025_425671/test_results.json,0.8905100402567688,,,"{""mse"": 0.793008131798112, ""rmse"": 0.8905100402567688, ""mae"": 0.6664662052208269, ""num_samples"": 5325, ""eval_clip"": false, ""min_rating"": 1.0, ""max_rating"": 5.0, ""unclipped_prediction_min"": 3.212498188018799, ""unclipped_prediction_max"": 4.935330867767334, ""clipped_prediction_min"": 3.212498188018799, ""clipped_prediction_max"": 4.935330867767334, ""label_min"": 1.0, ""label_max"": 5.0, ""rating_mean"": 4.317183017730713, ""rating_std"": 0.9550731778144836, ""rating_distribution"": {""1.0"": 126, ""2.0"": 194, ""3.0"": 514, ""4.0"": 1522, ""5.0"": 2969}, ""pred_mean"": 4.300057737234053, ""pred_std"": 0.32052085207802977, ""pred_min"": 3.212498188018799, ""pred_max"": 4.935330867767334, ""abs_error_mean"": 0.6664662052208269, ""abs_error_p90"": 1.2676954269409182, ""abs_error_p95"": 1.8912513732910177, ""abs_error_p99"": 3.209353370666505, ""abs_error_max"": 3.78494930267334, ""mean_gate"": 0.7822815775871277, ""std_gate"": 0.14104120433330536, ""min_gate_value"": 0.49541860818862915, ""max_gate_value"": 0.9942165613174438, ""mean_gamma"": 0.10442959517240524, ""mean_edge_misalign_score"": 0.1416894793510437, ""best_valid_metric"": 0.854383392167118}",
round1_training.lr_0.02,ok,0,"{""training.lr"": 0.02, ""training.weight_decay"": 0.0, ""training.grad_clip"": 1.0, ""model.embedding_size"": 64, ""model.num_layers"": 1, ""model.dropout"": 0.7, ""model.node_dropout"": 0.8, ""model.nd_weight"": 0.3, ""model.ed_weight"": 1.0, ""model.align_weight"": 0.02, ""model.residual_weight"": 0.001, ""model.gate_hidden_dim"": 64, ""model.epsilon"": 0.05, ""model.lambda_residual"": 0.25, ""model.review_generation_weight"": 0.05}",/home/infolab/mnt/mingyu/review_rec/rating4review/results/ma_rgcl_42_Amazon_Office_Products_14_20260515_065143_235351/test_results.json,1.017945793628429,,,"{""mse"": 1.0362136387658123, ""rmse"": 1.017945793628429, ""mae"": 0.7142983844918265, ""num_samples"": 5325, ""eval_clip"": false, ""min_rating"": 1.0, ""max_rating"": 5.0, ""unclipped_prediction_min"": 4.609482765197754, ""unclipped_prediction_max"": 4.756688117980957, ""clipped_prediction_min"": 4.609482765197754, ""clipped_prediction_max"": 4.756688117980957, ""label_min"": 1.0, ""label_max"": 5.0, ""rating_mean"": 4.317183017730713, ""rating_std"": 0.9550731778144836, ""rating_distribution"": {""1.0"": 126, ""2.0"": 194, ""3.0"": 514, ""4.0"": 1522, ""5.0"": 2969}, ""pred_mean"": 4.679011334969964, ""pred_std"": 0.02245872841901584, ""pred_min"": 4.609482765197754, ""pred_max"": 4.756688117980957, ""abs_error_mean"": 0.7142983844918265, ""abs_error_p90"": 1.6738489151000977, ""abs_error_p95"": 2.6600409507751466, ""abs_error_p99"": 3.685231056213379, ""abs_error_max"": 3.736537456512451, ""mean_gate"": 0.6925181150436401, ""std_gate"": 0.052300188690423965, ""min_gate_value"": 0.518714964389801, ""max_gate_value"": 0.8518065810203552, ""mean_gamma"": 0.12687048316001892, ""mean_edge_misalign_score"": 0.1416894793510437, ""best_valid_metric"": 0.9797804837225014}",
round1_training.weight_decay_1e-06,ok,0,"{""training.lr"": 0.003, ""training.weight_decay"": 1e-06, ""training.grad_clip"": 1.0, ""model.embedding_size"": 64, ""model.num_layers"": 1, ""model.dropout"": 0.7, ""model.node_dropout"": 0.8, ""model.nd_weight"": 0.3, ""model.ed_weight"": 1.0, ""model.align_weight"": 0.02, ""model.residual_weight"": 0.001, ""model.gate_hidden_dim"": 64, ""model.epsilon"": 0.05, ""model.lambda_residual"": 0.25, ""model.review_generation_weight"": 0.05}",/home/infolab/mnt/mingyu/review_rec/rating4review/results/ma_rgcl_42_Amazon_Office_Products_14_20260515_065257_446403/test_results.json,0.885771814994163,,,"{""mse"": 0.7845917082380537, ""rmse"": 0.885771814994163, ""mae"": 0.6670021240252284, ""num_samples"": 5325, ""eval_clip"": false, ""min_rating"": 1.0, ""max_rating"": 5.0, ""unclipped_prediction_min"": 3.116054058074951, ""unclipped_prediction_max"": 4.912965774536133, ""clipped_prediction_min"": 3.116054058074951, ""clipped_prediction_max"": 4.912965774536133, ""label_min"": 1.0, ""label_max"": 5.0, ""rating_mean"": 4.317183017730713, ""rating_std"": 0.9550731778144836, ""rating_distribution"": {""1.0"": 126, ""2.0"": 194, ""3.0"": 514, ""4.0"": 1522, ""5.0"": 2969}, ""pred_mean"": 4.291117421047229, ""pred_std"": 0.3258408072499177, ""pred_min"": 3.116054058074951, ""pred_max"": 4.912965774536133, ""abs_error_mean"": 0.6670021240252284, ""abs_error_p90"": 1.255148220062256, ""abs_error_p95"": 1.7974801063537609, ""abs_error_p99"": 3.235016708374024, ""abs_error_max"": 3.8096866607666016, ""mean_gate"": 0.8356745839118958, ""std_gate"": 0.06633022427558899, ""min_gate_value"": 0.522935688495636, ""max_gate_value"": 0.9822494983673096, ""mean_gamma"": 0.09108134359121323, ""mean_edge_misalign_score"": 0.1416894793510437, ""best_valid_metric"": 0.8519865496621928}",
round1_training.weight_decay_1e-05,ok,0,"{""training.lr"": 0.003, ""training.weight_decay"": 1e-05, ""training.grad_clip"": 1.0, ""model.embedding_size"": 64, ""model.num_layers"": 1, ""model.dropout"": 0.7, ""model.node_dropout"": 0.8, ""model.nd_weight"": 0.3, ""model.ed_weight"": 1.0, ""model.align_weight"": 0.02, ""model.residual_weight"": 0.001, ""model.gate_hidden_dim"": 64, ""model.epsilon"": 0.05, ""model.lambda_residual"": 0.25, ""model.review_generation_weight"": 0.05}",/home/infolab/mnt/mingyu/review_rec/rating4review/results/ma_rgcl_42_Amazon_Office_Products_14_20260515_065458_809895/test_results.json,0.8855851693407173,,,"{""mse"": 0.784261092156227, ""rmse"": 0.8855851693407173, ""mae"": 0.6667000355966773, ""num_samples"": 5325, ""eval_clip"": false, ""min_rating"": 1.0, ""max_rating"": 5.0, ""unclipped_prediction_min"": 3.140345811843872, ""unclipped_prediction_max"": 4.915612697601318, ""clipped_prediction_min"": 3.140345811843872, ""clipped_prediction_max"": 4.915612697601318, ""label_min"": 1.0, ""label_max"": 5.0, ""rating_mean"": 4.317183017730713, ""rating_std"": 0.9550731778144836, ""rating_distribution"": {""1.0"": 126, ""2.0"": 194, ""3.0"": 514, ""4.0"": 1522, ""5.0"": 2969}, ""pred_mean"": 4.292909410682642, ""pred_std"": 0.3255239113995165, ""pred_min"": 3.140345811843872, ""pred_max"": 4.915612697601318, ""abs_error_mean"": 0.6667000355966773, ""abs_error_p90"": 1.2572405815124514, ""abs_error_p95"": 1.8035820007324235, ""abs_error_p99"": 3.236858940124513, ""abs_error_max"": 3.8117265701293945, ""mean_gate"": 0.8212177157402039, ""std_gate"": 0.06575962156057358, ""min_gate_value"": 0.546032190322876, ""max_gate_value"": 0.9787327647209167, ""mean_gamma"": 0.0946955606341362, ""mean_edge_misalign_score"": 0.1416894793510437, ""best_valid_metric"": 0.8516939063195532}",
round1_training.weight_decay_0.0001,ok,0,"{""training.lr"": 0.003, ""training.weight_decay"": 0.0001, ""training.grad_clip"": 1.0, ""model.embedding_size"": 64, ""model.num_layers"": 1, ""model.dropout"": 0.7, ""model.node_dropout"": 0.8, ""model.nd_weight"": 0.3, ""model.ed_weight"": 1.0, ""model.align_weight"": 0.02, ""model.residual_weight"": 0.001, ""model.gate_hidden_dim"": 64, ""model.epsilon"": 0.05, ""model.lambda_residual"": 0.25, ""model.review_generation_weight"": 0.05}",/home/infolab/mnt/mingyu/review_rec/rating4review/results/ma_rgcl_42_Amazon_Office_Products_14_20260515_065835_540994/test_results.json,0.9073193257262181,,,"{""mse"": 0.8232283588362791, ""rmse"": 0.9073193257262181, ""mae"": 0.6795168963508427, ""num_samples"": 5325, ""eval_clip"": false, ""min_rating"": 1.0, ""max_rating"": 5.0, ""unclipped_prediction_min"": 3.410501480102539, ""unclipped_prediction_max"": 4.959454536437988, ""clipped_prediction_min"": 3.410501480102539, ""clipped_prediction_max"": 4.959454536437988, ""label_min"": 1.0, ""label_max"": 5.0, ""rating_mean"": 4.317183017730713, ""rating_std"": 0.9550731778144836, ""rating_distribution"": {""1.0"": 126, ""2.0"": 194, ""3.0"": 514, ""4.0"": 1522, ""5.0"": 2969}, ""pred_mean"": 4.287794935915952, ""pred_std"": 0.32339078089680656, ""pred_min"": 3.410501480102539, ""pred_max"": 4.959454536437988, ""abs_error_mean"": 0.6795168963508427, ""abs_error_p90"": 1.259995937347412, ""abs_error_p95"": 1.90177321434021, ""abs_error_p99"": 3.2180838012695325, ""abs_error_max"": 3.8076415061950684, ""mean_gate"": 0.7259231209754944, ""std_gate"": 0.06956194341182709, ""min_gate_value"": 0.541385293006897, ""max_gate_value"": 0.8805321455001831, ""mean_gamma"": 0.11851920187473297, ""mean_edge_misalign_score"": 0.1416894793510437, ""best_valid_metric"": 0.8744517781942716}",
round1_training.grad_clip_0.5,ok,0,"{""training.lr"": 0.003, ""training.weight_decay"": 1e-05, ""training.grad_clip"": 0.5, ""model.embedding_size"": 64, ""model.num_layers"": 1, ""model.dropout"": 0.7, ""model.node_dropout"": 0.8, ""model.nd_weight"": 0.3, ""model.ed_weight"": 1.0, ""model.align_weight"": 0.02, ""model.residual_weight"": 0.001, ""model.gate_hidden_dim"": 64, ""model.epsilon"": 0.05, ""model.lambda_residual"": 0.25, ""model.review_generation_weight"": 0.05}",/home/infolab/mnt/mingyu/review_rec/rating4review/results/ma_rgcl_42_Amazon_Office_Products_14_20260515_070008_292405/test_results.json,0.8790581346565571,,,"{""mse"": 0.7727432041058657, ""rmse"": 0.8790581346565571, ""mae"": 0.6550502636511001, ""num_samples"": 5325, ""eval_clip"": false, ""min_rating"": 1.0, ""max_rating"": 5.0, ""unclipped_prediction_min"": 2.5979061126708984, ""unclipped_prediction_max"": 4.9539899826049805, ""clipped_prediction_min"": 2.5979061126708984, ""clipped_prediction_max"": 4.9539899826049805, ""label_min"": 1.0, ""label_max"": 5.0, ""rating_mean"": 4.317183017730713, ""rating_std"": 0.9550731778144836, ""rating_distribution"": {""1.0"": 126, ""2.0"": 194, ""3.0"": 514, ""4.0"": 1522, ""5.0"": 2969}, ""pred_mean"": 4.317481561401081, ""pred_std"": 0.3529466029368278, ""pred_min"": 2.5979061126708984, ""pred_max"": 4.9539899826049805, ""abs_error_mean"": 0.6550502636511001, ""abs_error_p90"": 1.296388721466065, ""abs_error_p95"": 1.8204707145690917, ""abs_error_p99"": 3.1898433685302896, ""abs_error_max"": 3.8210034370422363, ""mean_gate"": 0.802151083946228, ""std_gate"": 0.10339660942554474, ""min_gate_value"": 0.5361336469650269, ""max_gate_value"": 0.9948347806930542, ""mean_gamma"": 0.09946221113204956, ""mean_edge_misalign_score"": 0.1416894793510437, ""best_valid_metric"": 0.8408166543713637}",
round1_training.grad_clip_2.0,ok,0,"{""training.lr"": 0.003, ""training.weight_decay"": 1e-05, ""training.grad_clip"": 2.0, ""model.embedding_size"": 64, ""model.num_layers"": 1, ""model.dropout"": 0.7, ""model.node_dropout"": 0.8, ""model.nd_weight"": 0.3, ""model.ed_weight"": 1.0, ""model.align_weight"": 0.02, ""model.residual_weight"": 0.001, ""model.gate_hidden_dim"": 64, ""model.epsilon"": 0.05, ""model.lambda_residual"": 0.25, ""model.review_generation_weight"": 0.05}",/home/infolab/mnt/mingyu/review_rec/rating4review/results/ma_rgcl_42_Amazon_Office_Products_14_20260515_070147_290341/test_results.json,0.8998777762990132,,,"{""mse"": 0.8097800122768568, ""rmse"": 0.8998777762990132, ""mae"": 0.6742625346206164, ""num_samples"": 5325, ""eval_clip"": false, ""min_rating"": 1.0, ""max_rating"": 5.0, ""unclipped_prediction_min"": 3.3927111625671387, ""unclipped_prediction_max"": 4.9576416015625, ""clipped_prediction_min"": 3.3927111625671387, ""clipped_prediction_max"": 4.9576416015625, ""label_min"": 1.0, ""label_max"": 5.0, ""rating_mean"": 4.317183017730713, ""rating_std"": 0.9550731778144836, ""rating_distribution"": {""1.0"": 126, ""2.0"": 194, ""3.0"": 514, ""4.0"": 1522, ""5.0"": 2969}, ""pred_mean"": 4.281434309023647, ""pred_std"": 0.3359355357135605, ""pred_min"": 3.3927111625671387, ""pred_max"": 4.9576416015625, ""abs_error_mean"": 0.6742625346206164, ""abs_error_p90"": 1.273923683166504, ""abs_error_p95"": 1.847216033935548, ""abs_error_p99"": 3.2120597839355494, ""abs_error_max"": 3.804936408996582, ""mean_gate"": 0.8028846979141235, ""std_gate"": 0.076339952647686, ""min_gate_value"": 0.5337550044059753, ""max_gate_value"": 0.960999608039856, ""mean_gamma"": 0.09927882999181747, ""mean_edge_misalign_score"": 0.1416894793510437, ""best_valid_metric"": 0.8667204417844423}",
round1_training.grad_clip_5.0,ok,0,"{""training.lr"": 0.003, ""training.weight_decay"": 1e-05, ""training.grad_clip"": 5.0, ""model.embedding_size"": 64, ""model.num_layers"": 1, ""model.dropout"": 0.7, ""model.node_dropout"": 0.8, ""model.nd_weight"": 0.3, ""model.ed_weight"": 1.0, ""model.align_weight"": 0.02, ""model.residual_weight"": 0.001, ""model.gate_hidden_dim"": 64, ""model.epsilon"": 0.05, ""model.lambda_residual"": 0.25, ""model.review_generation_weight"": 0.05}",/home/infolab/mnt/mingyu/review_rec/rating4review/results/ma_rgcl_42_Amazon_Office_Products_14_20260515_070325_594327/test_results.json,0.896484258059212,,,"{""mse"": 0.8036840249479756, ""rmse"": 0.896484258059212, ""mae"": 0.6781159656596296, ""num_samples"": 5325, ""eval_clip"": false, ""min_rating"": 1.0, ""max_rating"": 5.0, ""unclipped_prediction_min"": 3.4281163215637207, ""unclipped_prediction_max"": 4.928112030029297, ""clipped_prediction_min"": 3.4281163215637207, ""clipped_prediction_max"": 4.928112030029297, ""label_min"": 1.0, ""label_max"": 5.0, ""rating_mean"": 4.317183017730713, ""rating_std"": 0.9550731778144836, ""rating_distribution"": {""1.0"": 126, ""2.0"": 194, ""3.0"": 514, ""4.0"": 1522, ""5.0"": 2969}, ""pred_mean"": 4.272499999686586, ""pred_std"": 0.3019520613006168, ""pred_min"": 3.4281163215637207, ""pred_max"": 4.928112030029297, ""abs_error_mean"": 0.6781159656596296, ""abs_error_p90"": 1.2362065315246582, ""abs_error_p95"": 1.870930290222169, ""abs_error_p99"": 3.190673637390138, ""abs_error_max"": 3.7762622833251953, ""mean_gate"": 0.8009093999862671, ""std_gate"": 0.07305357605218887, ""min_gate_value"": 0.5349929928779602, ""max_gate_value"": 0.9662644863128662, ""mean_gamma"": 0.0997726321220398, ""mean_edge_misalign_score"": 0.1416894793510437, ""best_valid_metric"": 0.8641494215630047}",
round1_model.embedding_size_32,ok,0,"{""training.lr"": 0.003, ""training.weight_decay"": 1e-05, ""training.grad_clip"": 0.5, ""model.embedding_size"": 32, ""model.num_layers"": 1, ""model.dropout"": 0.7, ""model.node_dropout"": 0.8, ""model.nd_weight"": 0.3, ""model.ed_weight"": 1.0, ""model.align_weight"": 0.02, ""model.residual_weight"": 0.001, ""model.gate_hidden_dim"": 64, ""model.epsilon"": 0.05, ""model.lambda_residual"": 0.25, ""model.review_generation_weight"": 0.05}",/home/infolab/mnt/mingyu/review_rec/rating4review/results/ma_rgcl_42_Amazon_Office_Products_14_20260515_070720_341572/test_results.json,1.1734815649572055,,,"{""mse"": 1.3770589832944118, ""rmse"": 1.1734815649572055, ""mae"": 1.0483194509694274, ""num_samples"": 5325, ""eval_clip"": false, ""min_rating"": 1.0, ""max_rating"": 5.0, ""unclipped_prediction_min"": 3.512636184692383, ""unclipped_prediction_max"": 3.6972768306732178, ""clipped_prediction_min"": 3.512636184692383, ""clipped_prediction_max"": 3.6972768306732178, ""label_min"": 1.0, ""label_max"": 5.0, ""rating_mean"": 4.317183017730713, ""rating_std"": 0.9550731778144836, ""rating_distribution"": {""1.0"": 126, ""2.0"": 194, ""3.0"": 514, ""4.0"": 1522, ""5.0"": 2969}, ""pred_mean"": 3.6349708920689254, ""pred_std"": 0.01755728678063944, ""pred_min"": 3.512636184692383, ""pred_max"": 3.6972768306732178, ""abs_error_mean"": 1.0483194509694274, ""abs_error_p90"": 1.3926254272460938, ""abs_error_p95"": 1.6277021408081056, ""abs_error_p99"": 2.6307676219940186, ""abs_error_max"": 2.6796767711639404, ""mean_gate"": 0.5312459468841553, ""std_gate"": 0.01861853338778019, ""min_gate_value"": 0.46070581674575806, ""max_gate_value"": 0.5832268595695496, ""mean_gamma"": 0.16718851029872894, ""mean_edge_misalign_score"": 0.1416894793510437, ""best_valid_metric"": 1.1659927934133534}",
round1_model.embedding_size_128,ok,0,"{""training.lr"": 0.003, ""training.weight_decay"": 1e-05, ""training.grad_clip"": 0.5, ""model.embedding_size"": 128, ""model.num_layers"": 1, ""model.dropout"": 0.7, ""model.node_dropout"": 0.8, ""model.nd_weight"": 0.3, ""model.ed_weight"": 1.0, ""model.align_weight"": 0.02, ""model.residual_weight"": 0.001, ""model.gate_hidden_dim"": 64, ""model.epsilon"": 0.05, ""model.lambda_residual"": 0.25, ""model.review_generation_weight"": 0.05}",/home/infolab/mnt/mingyu/review_rec/rating4review/results/ma_rgcl_42_Amazon_Office_Products_14_20260515_070842_399020/test_results.json,0.8825775211683642,,,"{""mse"": 0.7789430808716943, ""rmse"": 0.8825775211683642, ""mae"": 0.6582807120470934, ""num_samples"": 5325, ""eval_clip"": false, ""min_rating"": 1.0, ""max_rating"": 5.0, ""unclipped_prediction_min"": 2.5497164726257324, ""unclipped_prediction_max"": 4.956223487854004, ""clipped_prediction_min"": 2.5497164726257324, ""clipped_prediction_max"": 4.956223487854004, ""label_min"": 1.0, ""label_max"": 5.0, ""rating_mean"": 4.317183017730713, ""rating_std"": 0.9550731778144836, ""rating_distribution"": {""1.0"": 126, ""2.0"": 194, ""3.0"": 514, ""4.0"": 1522, ""5.0"": 2969}, ""pred_mean"": 4.309126594659868, ""pred_std"": 0.32529704003777665, ""pred_min"": 2.5497164726257324, ""pred_max"": 4.956223487854004, ""abs_error_mean"": 0.6582807120470934, ""abs_error_p90"": 1.2575552940368653, ""abs_error_p95"": 1.8223499298095707, ""abs_error_p99"": 3.2024696350097672, ""abs_error_max"": 3.8385658264160156, ""mean_gate"": 0.7409434914588928, ""std_gate"": 0.11949076503515244, ""min_gate_value"": 0.49133536219596863, ""max_gate_value"": 0.9920946955680847, ""mean_gamma"": 0.11476411670446396, ""mean_edge_misalign_score"": 0.1416894793510437, ""best_valid_metric"": 0.8453664339844685}",
round1_model.num_layers_2,ok,0,"{""training.lr"": 0.003, ""training.weight_decay"": 1e-05, ""training.grad_clip"": 0.5, ""model.embedding_size"": 64, ""model.num_layers"": 2, ""model.dropout"": 0.7, ""model.node_dropout"": 0.8, ""model.nd_weight"": 0.3, ""model.ed_weight"": 1.0, ""model.align_weight"": 0.02, ""model.residual_weight"": 0.001, ""model.gate_hidden_dim"": 64, ""model.epsilon"": 0.05, ""model.lambda_residual"": 0.25, ""model.review_generation_weight"": 0.05}",/home/infolab/mnt/mingyu/review_rec/rating4review/results/ma_rgcl_42_Amazon_Office_Products_14_20260515_071020_034342/test_results.json,0.8857037406759327,,,"{""mse"": 0.7844711162473399, ""rmse"": 0.8857037406759327, ""mae"": 0.6719865741192455, ""num_samples"": 5325, ""eval_clip"": false, ""min_rating"": 1.0, ""max_rating"": 5.0, ""unclipped_prediction_min"": 2.9470436573028564, ""unclipped_prediction_max"": 4.929805278778076, ""clipped_prediction_min"": 2.9470436573028564, ""clipped_prediction_max"": 4.929805278778076, ""label_min"": 1.0, ""label_max"": 5.0, ""rating_mean"": 4.317183017730713, ""rating_std"": 0.9550731778144836, ""rating_distribution"": {""1.0"": 126, ""2.0"": 194, ""3.0"": 514, ""4.0"": 1522, ""5.0"": 2969}, ""pred_mean"": 4.271638178713445, ""pred_std"": 0.3319765124363711, ""pred_min"": 2.9470436573028564, ""pred_max"": 4.929805278778076, ""abs_error_mean"": 0.6719865741192455, ""abs_error_p90"": 1.2716749191284182, ""abs_error_p95"": 1.8056676864624026, ""abs_error_p99"": 3.1414354705810563, ""abs_error_max"": 3.809454917907715, ""mean_gate"": 0.7574909925460815, ""std_gate"": 0.0680089145898819, ""min_gate_value"": 0.5413857102394104, ""max_gate_value"": 0.9793782830238342, ""mean_gamma"": 0.11062724888324738, ""mean_edge_misalign_score"": 0.1416894793510437, ""best_valid_metric"": 0.8498845509448658}",
round1_model.dropout_0.3,ok,0,"{""training.lr"": 0.003, ""training.weight_decay"": 1e-05, ""training.grad_clip"": 0.5, ""model.embedding_size"": 64, ""model.num_layers"": 1, ""model.dropout"": 0.3, ""model.node_dropout"": 0.8, ""model.nd_weight"": 0.3, ""model.ed_weight"": 1.0, ""model.align_weight"": 0.02, ""model.residual_weight"": 0.001, ""model.gate_hidden_dim"": 64, ""model.epsilon"": 0.05, ""model.lambda_residual"": 0.25, ""model.review_generation_weight"": 0.05}",/home/infolab/mnt/mingyu/review_rec/rating4review/results/ma_rgcl_42_Amazon_Office_Products_14_20260515_071406_879216/test_results.json,0.8771738465771227,,,"{""mse"": 0.7694339571189056, ""rmse"": 0.8771738465771227, ""mae"": 0.6311128476416001, ""num_samples"": 5325, ""eval_clip"": false, ""min_rating"": 1.0, ""max_rating"": 5.0, ""unclipped_prediction_min"": 1.791879415512085, ""unclipped_prediction_max"": 4.994393825531006, ""clipped_prediction_min"": 1.791879415512085, ""clipped_prediction_max"": 4.994393825531006, ""label_min"": 1.0, ""label_max"": 5.0, ""rating_mean"": 4.317183017730713, ""rating_std"": 0.9550731778144836, ""rating_distribution"": {""1.0"": 126, ""2.0"": 194, ""3.0"": 514, ""4.0"": 1522, ""5.0"": 2969}, ""pred_mean"": 4.343203297713552, ""pred_std"": 0.4567394819148013, ""pred_min"": 1.791879415512085, ""pred_max"": 4.994393825531006, ""abs_error_mean"": 0.6311128476416001, ""abs_error_p90"": 1.3568759918212903, ""abs_error_p95"": 1.8245669364929205, ""abs_error_p99"": 3.181804542541509, ""abs_error_max"": 3.9304752349853516, ""mean_gate"": 0.9184712171554565, ""std_gate"": 0.06441323459148407, ""min_gate_value"": 0.5815902948379517, ""max_gate_value"": 0.9998160004615784, ""mean_gamma"": 0.07038218528032303, ""mean_edge_misalign_score"": 0.1416894793510437, ""best_valid_metric"": 0.8319208428622398}",
round1_model.dropout_0.5,ok,0,"{""training.lr"": 0.003, ""training.weight_decay"": 1e-05, ""training.grad_clip"": 0.5, ""model.embedding_size"": 64, ""model.num_layers"": 1, ""model.dropout"": 0.5, ""model.node_dropout"": 0.8, ""model.nd_weight"": 0.3, ""model.ed_weight"": 1.0, ""model.align_weight"": 0.02, ""model.residual_weight"": 0.001, ""model.gate_hidden_dim"": 64, ""model.epsilon"": 0.05, ""model.lambda_residual"": 0.25, ""model.review_generation_weight"": 0.05}",/home/infolab/mnt/mingyu/review_rec/rating4review/results/ma_rgcl_42_Amazon_Office_Products_14_20260515_071639_968938/test_results.json,0.8784589761244223,,,"{""mse"": 0.7716901727335683, ""rmse"": 0.8784589761244223, ""mae"": 0.6448267827459344, ""num_samples"": 5325, ""eval_clip"": false, ""min_rating"": 1.0, ""max_rating"": 5.0, ""unclipped_prediction_min"": 1.9878010749816895, ""unclipped_prediction_max"": 4.985029697418213, ""clipped_prediction_min"": 1.9878010749816895, ""clipped_prediction_max"": 4.985029697418213, ""label_min"": 1.0, ""label_max"": 5.0, ""rating_mean"": 4.317183017730713, ""rating_std"": 0.9550731778144836, ""rating_distribution"": {""1.0"": 126, ""2.0"": 194, ""3.0"": 514, ""4.0"": 1522, ""5.0"": 2969}, ""pred_mean"": 4.313544358446005, ""pred_std"": 0.42751577254227874, ""pred_min"": 1.9878010749816895, ""pred_max"": 4.985029697418213, ""abs_error_mean"": 0.6448267827459344, ""abs_error_p90"": 1.3491426467895509, ""abs_error_p95"": 1.8282478332519532, ""abs_error_p99"": 3.092800045013429, ""abs_error_max"": 3.8904366493225098, ""mean_gate"": 0.8690667152404785, ""std_gate"": 0.08345980942249298, ""min_gate_value"": 0.5557580590248108, ""max_gate_value"": 0.999554455280304, ""mean_gamma"": 0.08273331820964813, ""mean_edge_misalign_score"": 0.1416894793510437, ""best_valid_metric"": 0.8358247816961263}",
round1_model.node_dropout_0.5,ok,0,"{""training.lr"": 0.003, ""training.weight_decay"": 1e-05, ""training.grad_clip"": 0.5, ""model.embedding_size"": 64, ""model.num_layers"": 1, ""model.dropout"": 0.3, ""model.node_dropout"": 0.5, ""model.nd_weight"": 0.3, ""model.ed_weight"": 1.0, ""model.align_weight"": 0.02, ""model.residual_weight"": 0.001, ""model.gate_hidden_dim"": 64, ""model.epsilon"": 0.05, ""model.lambda_residual"": 0.25, ""model.review_generation_weight"": 0.05}",/home/infolab/mnt/mingyu/review_rec/rating4review/results/ma_rgcl_42_Amazon_Office_Products_14_20260515_071829_996492/test_results.json,0.8771738235298876,,,"{""mse"": 0.7694339166860424, ""rmse"": 0.8771738235298876, ""mae"": 0.6311128353289036, ""num_samples"": 5325, ""eval_clip"": false, ""min_rating"": 1.0, ""max_rating"": 5.0, ""unclipped_prediction_min"": 1.7918803691864014, ""unclipped_prediction_max"": 4.994393825531006, ""clipped_prediction_min"": 1.7918803691864014, ""clipped_prediction_max"": 4.994393825531006, ""label_min"": 1.0, ""label_max"": 5.0, ""rating_mean"": 4.317183017730713, ""rating_std"": 0.9550731778144836, ""rating_distribution"": {""1.0"": 126, ""2.0"": 194, ""3.0"": 514, ""4.0"": 1522, ""5.0"": 2969}, ""pred_mean"": 4.343203313518578, ""pred_std"": 0.45673931529804396, ""pred_min"": 1.7918803691864014, ""pred_max"": 4.994393825531006, ""abs_error_mean"": 0.6311128353289036, ""abs_error_p90"": 1.3568758010864268, ""abs_error_p95"": 1.8245666503906255, ""abs_error_p99"": 3.181805000305181, ""abs_error_max"": 3.9304752349853516, ""mean_gate"": 0.9184711575508118, ""std_gate"": 0.06441324204206467, ""min_gate_value"": 0.5815902948379517, ""max_gate_value"": 0.9998160004615784, ""mean_gamma"": 0.07038220018148422, ""mean_edge_misalign_score"": 0.1416894793510437, ""best_valid_metric"": 0.8319208392212323}",
round1_model.node_dropout_0.7,ok,0,"{""training.lr"": 0.003, ""training.weight_decay"": 1e-05, ""training.grad_clip"": 0.5, ""model.embedding_size"": 64, ""model.num_layers"": 1, ""model.dropout"": 0.3, ""model.node_dropout"": 0.7, ""model.nd_weight"": 0.3, ""model.ed_weight"": 1.0, ""model.align_weight"": 0.02, ""model.residual_weight"": 0.001, ""model.gate_hidden_dim"": 64, ""model.epsilon"": 0.05, ""model.lambda_residual"": 0.25, ""model.review_generation_weight"": 0.05}",/home/infolab/mnt/mingyu/review_rec/rating4review/results/ma_rgcl_42_Amazon_Office_Products_14_20260515_072100_711126/test_results.json,0.8771738552485995,,,"{""mse"": 0.769433972331691, ""rmse"": 0.8771738552485995, ""mae"": 0.6311128456715687, ""num_samples"": 5325, ""eval_clip"": false, ""min_rating"": 1.0, ""max_rating"": 5.0, ""unclipped_prediction_min"": 1.7918792963027954, ""unclipped_prediction_max"": 4.994393825531006, ""clipped_prediction_min"": 1.7918792963027954, ""clipped_prediction_max"": 4.994393825531006, ""label_min"": 1.0, ""label_max"": 5.0, ""rating_mean"": 4.317183017730713, ""rating_std"": 0.9550731778144836, ""rating_distribution"": {""1.0"": 126, ""2.0"": 194, ""3.0"": 514, ""4.0"": 1522, ""5.0"": 2969}, ""pred_mean"": 4.343203313205164, ""pred_std"": 0.45673957162430134, ""pred_min"": 1.7918792963027954, ""pred_max"": 4.994393825531006, ""abs_error_mean"": 0.6311128456715687, ""abs_error_p90"": 1.3568759918212903, ""abs_error_p95"": 1.8245671272277837, ""abs_error_p99"": 3.181804428100591, ""abs_error_max"": 3.9304752349853516, ""mean_gate"": 0.9184712171554565, ""std_gate"": 0.06441323459148407, ""min_gate_value"": 0.5815902948379517, ""max_gate_value"": 0.9998160004615784, ""mean_gamma"": 0.07038218528032303, ""mean_edge_misalign_score"": 0.1416894793510437, ""best_valid_metric"": 0.8319208515066828}",
round1_model.nd_weight_0.1,ok,0,"{""training.lr"": 0.003, ""training.weight_decay"": 1e-05, ""training.grad_clip"": 0.5, ""model.embedding_size"": 64, ""model.num_layers"": 1, ""model.dropout"": 0.3, ""model.node_dropout"": 0.5, ""model.nd_weight"": 0.1, ""model.ed_weight"": 1.0, ""model.align_weight"": 0.02, ""model.residual_weight"": 0.001, ""model.gate_hidden_dim"": 64, ""model.epsilon"": 0.05, ""model.lambda_residual"": 0.25, ""model.review_generation_weight"": 0.05}",/home/infolab/mnt/mingyu/review_rec/rating4review/results/ma_rgcl_42_Amazon_Office_Products_14_20260515_072331_516213/test_results.json,0.8771579717692248,,,"{""mse"": 0.7694061074383003, ""rmse"": 0.8771579717692248, ""mae"": 0.6305062784499406, ""num_samples"": 5325, ""eval_clip"": false, ""min_rating"": 1.0, ""max_rating"": 5.0, ""unclipped_prediction_min"": 1.881204605102539, ""unclipped_prediction_max"": 4.994716644287109, ""clipped_prediction_min"": 1.881204605102539, ""clipped_prediction_max"": 4.994716644287109, ""label_min"": 1.0, ""label_max"": 5.0, ""rating_mean"": 4.317183017730713, ""rating_std"": 0.9550731778144836, ""rating_distribution"": {""1.0"": 126, ""2.0"": 194, ""3.0"": 514, ""4.0"": 1522, ""5.0"": 2969}, ""pred_mean"": 4.343447182771746, ""pred_std"": 0.45204953885055504, ""pred_min"": 1.881204605102539, ""pred_max"": 4.994716644287109, ""abs_error_mean"": 0.6305062784499406, ""abs_error_p90"": 1.349126720428467, ""abs_error_p95"": 1.8304278373718268, ""abs_error_p99"": 3.20969722747803, ""abs_error_max"": 3.9265756607055664, ""mean_gate"": 0.9023267030715942, ""std_gate"": 0.07106252014636993, ""min_gate_value"": 0.5642722845077515, ""max_gate_value"": 0.9995976090431213, ""mean_gamma"": 0.0744183361530304, ""mean_edge_misalign_score"": 0.1416894793510437, ""best_valid_metric"": 0.831884153437863}",
round1_model.nd_weight_0.5,ok,0,"{""training.lr"": 0.003, ""training.weight_decay"": 1e-05, ""training.grad_clip"": 0.5, ""model.embedding_size"": 64, ""model.num_layers"": 1, ""model.dropout"": 0.3, ""model.node_dropout"": 0.5, ""model.nd_weight"": 0.5, ""model.ed_weight"": 1.0, ""model.align_weight"": 0.02, ""model.residual_weight"": 0.001, ""model.gate_hidden_dim"": 64, ""model.epsilon"": 0.05, ""model.lambda_residual"": 0.25, ""model.review_generation_weight"": 0.05}",/home/infolab/mnt/mingyu/review_rec/rating4review/results/ma_rgcl_42_Amazon_Office_Products_14_20260515_072557_885232/test_results.json,0.8772030923151454,,,"{""mse"": 0.7694852651672535, ""rmse"": 0.8772030923151454, ""mae"": 0.6318404761166639, ""num_samples"": 5325, ""eval_clip"": false, ""min_rating"": 1.0, ""max_rating"": 5.0, ""unclipped_prediction_min"": 1.7881207466125488, ""unclipped_prediction_max"": 4.993877410888672, ""clipped_prediction_min"": 1.7881207466125488, ""clipped_prediction_max"": 4.993877410888672, ""label_min"": 1.0, ""label_max"": 5.0, ""rating_mean"": 4.317183017730713, ""rating_std"": 0.9550731778144836, ""rating_distribution"": {""1.0"": 126, ""2.0"": 194, ""3.0"": 514, ""4.0"": 1522, ""5.0"": 2969}, ""pred_mean"": 4.342342286378565, ""pred_std"": 0.45485358445975255, ""pred_min"": 1.7881207466125488, ""pred_max"": 4.993877410888672, ""abs_error_mean"": 0.6318404761166639, ""abs_error_p90"": 1.3599440574646, ""abs_error_p95"": 1.8239918231964116, ""abs_error_p99"": 3.1956954956054733, ""abs_error_max"": 3.930588722229004, ""mean_gate"": 0.9306613206863403, ""std_gate"": 0.05828140303492546, ""min_gate_value"": 0.5832241177558899, ""max_gate_value"": 0.9998611211776733, ""mean_gamma"": 0.06733466684818268, ""mean_edge_misalign_score"": 0.1416894793510437, ""best_valid_metric"": 0.8324831330748318}",
round1_model.ed_weight_0.3,ok,0,"{""training.lr"": 0.003, ""training.weight_decay"": 1e-05, ""training.grad_clip"": 0.5, ""model.embedding_size"": 64, ""model.num_layers"": 1, ""model.dropout"": 0.3, ""model.node_dropout"": 0.5, ""model.nd_weight"": 0.1, ""model.ed_weight"": 0.3, ""model.align_weight"": 0.02, ""model.residual_weight"": 0.001, ""model.gate_hidden_dim"": 64, ""model.epsilon"": 0.05, ""model.lambda_residual"": 0.25, ""model.review_generation_weight"": 0.05}",/home/infolab/mnt/mingyu/review_rec/rating4review/results/ma_rgcl_42_Amazon_Office_Products_14_20260515_072827_691390/test_results.json,0.8790350690814255,,,"{""mse"": 0.7727026526749865, ""rmse"": 0.8790350690814255, ""mae"": 0.6292470307417319, ""num_samples"": 5325, ""eval_clip"": false, ""min_rating"": 1.0, ""max_rating"": 5.0, ""unclipped_prediction_min"": 1.3868414163589478, ""unclipped_prediction_max"": 4.99221658706665, ""clipped_prediction_min"": 1.3868414163589478, ""clipped_prediction_max"": 4.99221658706665, ""label_min"": 1.0, ""label_max"": 5.0, ""rating_mean"": 4.317183017730713, ""rating_std"": 0.9550731778144836, ""rating_distribution"": {""1.0"": 126, ""2.0"": 194, ""3.0"": 514, ""4.0"": 1522, ""5.0"": 2969}, ""pred_mean"": 4.345937860873943, ""pred_std"": 0.48677555888378765, ""pred_min"": 1.3868414163589478, ""pred_max"": 4.99221658706665, ""abs_error_mean"": 0.6292470307417319, ""abs_error_p90"": 1.3909972667694093, ""abs_error_p95"": 1.8282061576843265, ""abs_error_p99"": 3.1693414878845267, ""abs_error_max"": 3.9301342964172363, ""mean_gate"": 0.862739622592926, ""std_gate"": 0.09749136120080948, ""min_gate_value"": 0.46777665615081787, ""max_gate_value"": 0.9996059536933899, ""mean_gamma"": 0.08431509882211685, ""mean_edge_misalign_score"": 0.1416894793510437, ""best_valid_metric"": 0.8290313456183407}",
round1_model.ed_weight_0.7,ok,0,"{""training.lr"": 0.003, ""training.weight_decay"": 1e-05, ""training.grad_clip"": 0.5, ""model.embedding_size"": 64, ""model.num_layers"": 1, ""model.dropout"": 0.3, ""model.node_dropout"": 0.5, ""model.nd_weight"": 0.1, ""model.ed_weight"": 0.7, ""model.align_weight"": 0.02, ""model.residual_weight"": 0.001, ""model.gate_hidden_dim"": 64, ""model.epsilon"": 0.05, ""model.lambda_residual"": 0.25, ""model.review_generation_weight"": 0.05}",/home/infolab/mnt/mingyu/review_rec/rating4review/results/ma_rgcl_42_Amazon_Office_Products_14_20260515_073002_714766/test_results.json,0.8835503221066905,,,"{""mse"": 0.7806611716948365, ""rmse"": 0.8835503221066905, ""mae"": 0.6375081435279667, ""num_samples"": 5325, ""eval_clip"": false, ""min_rating"": 1.0, ""max_rating"": 5.0, ""unclipped_prediction_min"": 2.6788268089294434, ""unclipped_prediction_max"": 4.988916397094727, ""clipped_prediction_min"": 2.6788268089294434, ""clipped_prediction_max"": 4.988916397094727, ""label_min"": 1.0, ""label_max"": 5.0, ""rating_mean"": 4.317183017730713, ""rating_std"": 0.9550731778144836, ""rating_distribution"": {""1.0"": 126, ""2.0"": 194, ""3.0"": 514, ""4.0"": 1522, ""5.0"": 2969}, ""pred_mean"": 4.345732201634438, ""pred_std"": 0.42891891996786763, ""pred_min"": 2.6788268089294434, ""pred_max"": 4.988916397094727, ""abs_error_mean"": 0.6375081435279667, ""abs_error_p90"": 1.3593274116516119, ""abs_error_p95"": 1.8374046325683595, ""abs_error_p99"": 3.194356651306153, ""abs_error_max"": 3.912415027618408, ""mean_gate"": 0.8536369204521179, ""std_gate"": 0.06390272080898285, ""min_gate_value"": 0.5450788140296936, ""max_gate_value"": 0.9884251356124878, ""mean_gamma"": 0.08659078180789948, ""mean_edge_misalign_score"": 0.1416894793510437, ""best_valid_metric"": 0.8408042983270981}",
round1_model.align_weight_0.01,ok,0,"{""training.lr"": 0.003, ""training.weight_decay"": 1e-05, ""training.grad_clip"": 0.5, ""model.embedding_size"": 64, ""model.num_layers"": 1, ""model.dropout"": 0.3, ""model.node_dropout"": 0.5, ""model.nd_weight"": 0.1, ""model.ed_weight"": 1.0, ""model.align_weight"": 0.01, ""model.residual_weight"": 0.001, ""model.gate_hidden_dim"": 64, ""model.epsilon"": 0.05, ""model.lambda_residual"": 0.25, ""model.review_generation_weight"": 0.05}",/home/infolab/mnt/mingyu/review_rec/rating4review/results/ma_rgcl_42_Amazon_Office_Products_14_20260515_073134_286655/test_results.json,0.8772122219515283,,,"{""mse"": 0.7695012823411373, ""rmse"": 0.8772122219515283, ""mae"": 0.6306331313943639, ""num_samples"": 5325, ""eval_clip"": false, ""min_rating"": 1.0, ""max_rating"": 5.0, ""unclipped_prediction_min"": 1.8918019533157349, ""unclipped_prediction_max"": 4.9946980476379395, ""clipped_prediction_min"": 1.8918019533157349, ""clipped_prediction_max"": 4.9946980476379395, ""label_min"": 1.0, ""label_max"": 5.0, ""rating_mean"": 4.317183017730713, ""rating_std"": 0.9550731778144836, ""rating_distribution"": {""1.0"": 126, ""2.0"": 194, ""3.0"": 514, ""4.0"": 1522, ""5.0"": 2969}, ""pred_mean"": 4.343087474393173, ""pred_std"": 0.4512616710692739, ""pred_min"": 1.8918019533157349, ""pred_max"": 4.9946980476379395, ""abs_error_mean"": 0.6306331313943639, ""abs_error_p90"": 1.35003252029419, ""abs_error_p95"": 1.8322391510009768, ""abs_error_p99"": 3.2089939880371094, ""abs_error_max"": 3.9260101318359375, ""mean_gate"": 0.8951125144958496, ""std_gate"": 0.07240168750286102, ""min_gate_value"": 0.5598266124725342, ""max_gate_value"": 0.9993859529495239, ""mean_gamma"": 0.07622185349464417, ""mean_edge_misalign_score"": 0.1416894793510437, ""best_valid_metric"": 0.8319672390092712}",
round1_model.align_weight_0.05,ok,0,"{""training.lr"": 0.003, ""training.weight_decay"": 1e-05, ""training.grad_clip"": 0.5, ""model.embedding_size"": 64, ""model.num_layers"": 1, ""model.dropout"": 0.3, ""model.node_dropout"": 0.5, ""model.nd_weight"": 0.1, ""model.ed_weight"": 1.0, ""model.align_weight"": 0.05, ""model.residual_weight"": 0.001, ""model.gate_hidden_dim"": 64, ""model.epsilon"": 0.05, ""model.lambda_residual"": 0.25, ""model.review_generation_weight"": 0.05}",/home/infolab/mnt/mingyu/review_rec/rating4review/results/ma_rgcl_42_Amazon_Office_Products_14_20260515_073403_196157/test_results.json,0.8769732374076223,,,"{""mse"": 0.769082059129206, ""rmse"": 0.8769732374076223, ""mae"": 0.6310361639882477, ""num_samples"": 5325, ""eval_clip"": false, ""min_rating"": 1.0, ""max_rating"": 5.0, ""unclipped_prediction_min"": 1.8147556781768799, ""unclipped_prediction_max"": 4.994667053222656, ""clipped_prediction_min"": 1.8147556781768799, ""clipped_prediction_max"": 4.994667053222656, ""label_min"": 1.0, ""label_max"": 5.0, ""rating_mean"": 4.317183017730713, ""rating_std"": 0.9550731778144836, ""rating_distribution"": {""1.0"": 126, ""2.0"": 194, ""3.0"": 514, ""4.0"": 1522, ""5.0"": 2969}, ""pred_mean"": 4.340088235805852, ""pred_std"": 0.4570485788753647, ""pred_min"": 1.8147556781768799, ""pred_max"": 4.994667053222656, ""abs_error_mean"": 0.6310361639882477, ""abs_error_p90"": 1.3487154006958013, ""abs_error_p95"": 1.8220319747924811, ""abs_error_p99"": 3.1963615417480575, ""abs_error_max"": 3.92818546295166, ""mean_gate"": 0.9115713834762573, ""std_gate"": 0.06863365322351456, ""min_gate_value"": 0.5699713230133057, ""max_gate_value"": 0.9998030066490173, ""mean_gamma"": 0.07210715860128403, ""mean_edge_misalign_score"": 0.1416894793510437, ""best_valid_metric"": 0.8315070916521163}",
round1_model.residual_weight_0.0005,ok,0,"{""training.lr"": 0.003, ""training.weight_decay"": 1e-05, ""training.grad_clip"": 0.5, ""model.embedding_size"": 64, ""model.num_layers"": 1, ""model.dropout"": 0.3, ""model.node_dropout"": 0.5, ""model.nd_weight"": 0.1, ""model.ed_weight"": 1.0, ""model.align_weight"": 0.05, ""model.residual_weight"": 0.0005, ""model.gate_hidden_dim"": 64, ""model.epsilon"": 0.05, ""model.lambda_residual"": 0.25, ""model.review_generation_weight"": 0.05}",/home/infolab/mnt/mingyu/review_rec/rating4review/results/ma_rgcl_42_Amazon_Office_Products_14_20260515_073655_321884/test_results.json,0.8769736018526098,,,"{""mse"": 0.7690826983463397, ""rmse"": 0.8769736018526098, ""mae"": 0.6310368403134772, ""num_samples"": 5325, ""eval_clip"": false, ""min_rating"": 1.0, ""max_rating"": 5.0, ""unclipped_prediction_min"": 1.8147475719451904, ""unclipped_prediction_max"": 4.994666576385498, ""clipped_prediction_min"": 1.8147475719451904, ""clipped_prediction_max"": 4.994666576385498, ""label_min"": 1.0, ""label_max"": 5.0, ""rating_mean"": 4.317183017730713, ""rating_std"": 0.9550731778144836, ""rating_distribution"": {""1.0"": 126, ""2.0"": 194, ""3.0"": 514, ""4.0"": 1522, ""5.0"": 2969}, ""pred_mean"": 4.3400881617281915, ""pred_std"": 0.4570489816490782, ""pred_min"": 1.8147475719451904, ""pred_max"": 4.994666576385498, ""abs_error_mean"": 0.6310368403134772, ""abs_error_p90"": 1.3487133026123053, ""abs_error_p95"": 1.8220573425292976, ""abs_error_p99"": 3.196368122100841, ""abs_error_max"": 3.9281859397888184, ""mean_gate"": 0.9115739464759827, ""std_gate"": 0.06863124668598175, ""min_gate_value"": 0.5699853897094727, ""max_gate_value"": 0.9998030066490173, ""mean_gamma"": 0.0721064880490303, ""mean_edge_misalign_score"": 0.1416894793510437, ""best_valid_metric"": 0.8315074021090876}",
round1_model.residual_weight_0.002,ok,0,"{""training.lr"": 0.003, ""training.weight_decay"": 1e-05, ""training.grad_clip"": 0.5, ""model.embedding_size"": 64, ""model.num_layers"": 1, ""model.dropout"": 0.3, ""model.node_dropout"": 0.5, ""model.nd_weight"": 0.1, ""model.ed_weight"": 1.0, ""model.align_weight"": 0.05, ""model.residual_weight"": 0.002, ""model.gate_hidden_dim"": 64, ""model.epsilon"": 0.05, ""model.lambda_residual"": 0.25, ""model.review_generation_weight"": 0.05}",/home/infolab/mnt/mingyu/review_rec/rating4review/results/ma_rgcl_42_Amazon_Office_Products_14_20260515_073948_552940/test_results.json,0.8769722866617421,,,"{""mse"": 0.7690803915727247, ""rmse"": 0.8769722866617421, ""mae"": 0.6310346850766823, ""num_samples"": 5325, ""eval_clip"": false, ""min_rating"": 1.0, ""max_rating"": 5.0, ""unclipped_prediction_min"": 1.8147926330566406, ""unclipped_prediction_max"": 4.994668483734131, ""clipped_prediction_min"": 1.8147926330566406, ""clipped_prediction_max"": 4.994668483734131, ""label_min"": 1.0, ""label_max"": 5.0, ""rating_mean"": 4.317183017730713, ""rating_std"": 0.9550731778144836, ""rating_distribution"": {""1.0"": 126, ""2.0"": 194, ""3.0"": 514, ""4.0"": 1522, ""5.0"": 2969}, ""pred_mean"": 4.340088653139105, ""pred_std"": 0.4570458282747597, ""pred_min"": 1.8147926330566406, ""pred_max"": 4.994668483734131, ""abs_error_mean"": 0.6310346850766823, ""abs_error_p90"": 1.3487223625183111, ""abs_error_p95"": 1.821961688995362, ""abs_error_p99"": 3.1963555526733507, ""abs_error_max"": 3.9281859397888184, ""mean_gate"": 0.9115657210350037, ""std_gate"": 0.06863842904567719, ""min_gate_value"": 0.5699432492256165, ""max_gate_value"": 0.9998030066490173, ""mean_gamma"": 0.07210858166217804, ""mean_edge_misalign_score"": 0.1416894793510437, ""best_valid_metric"": 0.8315064526173016}",
round1_model.gate_hidden_dim_32,ok,0,"{""training.lr"": 0.003, ""training.weight_decay"": 1e-05, ""training.grad_clip"": 0.5, ""model.embedding_size"": 64, ""model.num_layers"": 1, ""model.dropout"": 0.3, ""model.node_dropout"": 0.5, ""model.nd_weight"": 0.1, ""model.ed_weight"": 1.0, ""model.align_weight"": 0.05, ""model.residual_weight"": 0.002, ""model.gate_hidden_dim"": 32, ""model.epsilon"": 0.05, ""model.lambda_residual"": 0.25, ""model.review_generation_weight"": 0.05}",/home/infolab/mnt/mingyu/review_rec/rating4review/results/ma_rgcl_42_Amazon_Office_Products_14_20260515_074239_473495/test_results.json,0.8766150294032999,,,"{""mse"": 0.7684539097757485, ""rmse"": 0.8766150294032999, ""mae"": 0.6267380662031576, ""num_samples"": 5325, ""eval_clip"": false, ""min_rating"": 1.0, ""max_rating"": 5.0, ""unclipped_prediction_min"": 1.8880293369293213, ""unclipped_prediction_max"": 4.994035720825195, ""clipped_prediction_min"": 1.8880293369293213, ""clipped_prediction_max"": 4.994035720825195, ""label_min"": 1.0, ""label_max"": 5.0, ""rating_mean"": 4.317183017730713, ""rating_std"": 0.9550731778144836, ""rating_distribution"": {""1.0"": 126, ""2.0"": 194, ""3.0"": 514, ""4.0"": 1522, ""5.0"": 2969}, ""pred_mean"": 4.350474227090396, ""pred_std"": 0.4456309978884563, ""pred_min"": 1.8880293369293213, ""pred_max"": 4.994035720825195, ""abs_error_mean"": 0.6267380662031576, ""abs_error_p90"": 1.3464159011840822, ""abs_error_p95"": 1.8339800834655766, ""abs_error_p99"": 3.1377618789672908, ""abs_error_max"": 3.916868209838867, ""mean_gate"": 0.8604483008384705, ""std_gate"": 0.08403608202934265, ""min_gate_value"": 0.5423110723495483, ""max_gate_value"": 0.999150276184082, ""mean_gamma"": 0.08488792181015015, ""mean_edge_misalign_score"": 0.1416894793510437, ""best_valid_metric"": 0.8333916511273958}",
round1_model.gate_hidden_dim_128,ok,0,"{""training.lr"": 0.003, ""training.weight_decay"": 1e-05, ""training.grad_clip"": 0.5, ""model.embedding_size"": 64, ""model.num_layers"": 1, ""model.dropout"": 0.3, ""model.node_dropout"": 0.5, ""model.nd_weight"": 0.1, ""model.ed_weight"": 1.0, ""model.align_weight"": 0.05, ""model.residual_weight"": 0.002, ""model.gate_hidden_dim"": 128, ""model.epsilon"": 0.05, ""model.lambda_residual"": 0.25, ""model.review_generation_weight"": 0.05}",/home/infolab/mnt/mingyu/review_rec/rating4review/results/ma_rgcl_42_Amazon_Office_Products_14_20260515_074630_462176/test_results.json,0.9047585789379666,,,"{""mse"": 0.8185880861618489, ""rmse"": 0.9047585789379666, ""mae"": 0.6954070397945636, ""num_samples"": 5325, ""eval_clip"": false, ""min_rating"": 1.0, ""max_rating"": 5.0, ""unclipped_prediction_min"": 3.135016679763794, ""unclipped_prediction_max"": 4.870822906494141, ""clipped_prediction_min"": 3.135016679763794, ""clipped_prediction_max"": 4.870822906494141, ""label_min"": 1.0, ""label_max"": 5.0, ""rating_mean"": 4.317183017730713, ""rating_std"": 0.9550731778144836, ""rating_distribution"": {""1.0"": 126, ""2.0"": 194, ""3.0"": 514, ""4.0"": 1522, ""5.0"": 2969}, ""pred_mean"": 4.239570084468859, ""pred_std"": 0.2916021594134481, ""pred_min"": 3.135016679763794, ""pred_max"": 4.870822906494141, ""abs_error_mean"": 0.6954070397945636, ""abs_error_p90"": 1.2476404190063497, ""abs_error_p95"": 1.8804748535156253, ""abs_error_p99"": 3.182289791107178, ""abs_error_max"": 3.710644245147705, ""mean_gate"": 0.8581832647323608, ""std_gate"": 0.05335589125752449, ""min_gate_value"": 0.5717495679855347, ""max_gate_value"": 0.974449634552002, ""mean_gamma"": 0.08545416593551636, ""mean_edge_misalign_score"": 0.1416894793510437, ""best_valid_metric"": 0.8743220737288971}",
round1_model.epsilon_0.01,ok,0,"{""training.lr"": 0.003, ""training.weight_decay"": 1e-05, ""training.grad_clip"": 0.5, ""model.embedding_size"": 64, ""model.num_layers"": 1, ""model.dropout"": 0.3, ""model.node_dropout"": 0.5, ""model.nd_weight"": 0.1, ""model.ed_weight"": 1.0, ""model.align_weight"": 0.05, ""model.residual_weight"": 0.002, ""model.gate_hidden_dim"": 32, ""model.epsilon"": 0.01, ""model.lambda_residual"": 0.25, ""model.review_generation_weight"": 0.05}",/home/infolab/mnt/mingyu/review_rec/rating4review/results/ma_rgcl_42_Amazon_Office_Products_14_20260515_074754_439845/test_results.json,0.881844283668789,,,"{""mse"": 0.7776493406393196, ""rmse"": 0.881844283668789, ""mae"": 0.6327063551083417, ""num_samples"": 5325, ""eval_clip"": false, ""min_rating"": 1.0, ""max_rating"": 5.0, ""unclipped_prediction_min"": 2.4152708053588867, ""unclipped_prediction_max"": 4.9933857917785645, ""clipped_prediction_min"": 2.4152708053588867, ""clipped_prediction_max"": 4.9933857917785645, ""label_min"": 1.0, ""label_max"": 5.0, ""rating_mean"": 4.317183017730713, ""rating_std"": 0.9550731778144836, ""rating_distribution"": {""1.0"": 126, ""2.0"": 194, ""3.0"": 514, ""4.0"": 1522, ""5.0"": 2969}, ""pred_mean"": 4.341412742910251, ""pred_std"": 0.42702103480626386, ""pred_min"": 2.4152708053588867, ""pred_max"": 4.9933857917785645, ""abs_error_mean"": 0.6327063551083417, ""abs_error_p90"": 1.3284617900848394, ""abs_error_p95"": 1.8668481826782235, ""abs_error_p99"": 3.1941125106811565, ""abs_error_max"": 3.9054670333862305, ""mean_gate"": 0.8369074463844299, ""std_gate"": 0.08383934944868088, ""min_gate_value"": 0.5429720878601074, ""max_gate_value"": 0.9955433011054993, ""mean_gamma"": 0.05077312886714935, ""mean_edge_misalign_score"": 0.1416894793510437, ""best_valid_metric"": 0.8402114309033274}",
round1_model.epsilon_0.1,ok,0,"{""training.lr"": 0.003, ""training.weight_decay"": 1e-05, ""training.grad_clip"": 0.5, ""model.embedding_size"": 64, ""model.num_layers"": 1, ""model.dropout"": 0.3, ""model.node_dropout"": 0.5, ""model.nd_weight"": 0.1, ""model.ed_weight"": 1.0, ""model.align_weight"": 0.05, ""model.residual_weight"": 0.002, ""model.gate_hidden_dim"": 32, ""model.epsilon"": 0.1, ""model.lambda_residual"": 0.25, ""model.review_generation_weight"": 0.05}",/home/infolab/mnt/mingyu/review_rec/rating4review/results/ma_rgcl_42_Amazon_Office_Products_14_20260515_075144_373010/test_results.json,0.8763926321836596,,,"{""mse"": 0.7680640457458032, ""rmse"": 0.8763926321836596, ""mae"": 0.6259629940874699, ""num_samples"": 5325, ""eval_clip"": false, ""min_rating"": 1.0, ""max_rating"": 5.0, ""unclipped_prediction_min"": 1.7250761985778809, ""unclipped_prediction_max"": 4.994658946990967, ""clipped_prediction_min"": 1.7250761985778809, ""clipped_prediction_max"": 4.994658946990967, ""label_min"": 1.0, ""label_max"": 5.0, ""rating_mean"": 4.317183017730713, ""rating_std"": 0.9550731778144836, ""rating_distribution"": {""1.0"": 126, ""2.0"": 194, ""3.0"": 514, ""4.0"": 1522, ""5.0"": 2969}, ""pred_mean"": 4.351121636332481, ""pred_std"": 0.4551794871518097, ""pred_min"": 1.7250761985778809, ""pred_max"": 4.994658946990967, ""abs_error_mean"": 0.6259629940874699, ""abs_error_p90"": 1.3629186630249035, ""abs_error_p95"": 1.8363222599029545, ""abs_error_p99"": 3.1295344924926947, ""abs_error_max"": 3.924445629119873, ""mean_gate"": 0.8637572526931763, ""std_gate"": 0.08542215079069138, ""min_gate_value"": 0.5432296991348267, ""max_gate_value"": 0.9995716214179993, ""mean_gamma"": 0.13406071066856384, ""mean_edge_misalign_score"": 0.1416894793510437, ""best_valid_metric"": 0.832227620502536}",
round1_model.lambda_residual_0.1,ok,0,"{""training.lr"": 0.003, ""training.weight_decay"": 1e-05, ""training.grad_clip"": 0.5, ""model.embedding_size"": 64, ""model.num_layers"": 1, ""model.dropout"": 0.3, ""model.node_dropout"": 0.5, ""model.nd_weight"": 0.1, ""model.ed_weight"": 1.0, ""model.align_weight"": 0.05, ""model.residual_weight"": 0.002, ""model.gate_hidden_dim"": 32, ""model.epsilon"": 0.1, ""model.lambda_residual"": 0.1, ""model.review_generation_weight"": 0.05}",/home/infolab/mnt/mingyu/review_rec/rating4review/results/ma_rgcl_42_Amazon_Office_Products_14_20260515_075534_140202/test_results.json,0.8767118066527985,,,"{""mse"": 0.7686235919244139, ""rmse"": 0.8767118066527985, ""mae"": 0.6268490075169595, ""num_samples"": 5325, ""eval_clip"": false, ""min_rating"": 1.0, ""max_rating"": 5.0, ""unclipped_prediction_min"": 1.8807356357574463, ""unclipped_prediction_max"": 4.9939446449279785, ""clipped_prediction_min"": 1.8807356357574463, ""clipped_prediction_max"": 4.9939446449279785, ""label_min"": 1.0, ""label_max"": 5.0, ""rating_mean"": 4.317183017730713, ""rating_std"": 0.9550731778144836, ""rating_distribution"": {""1.0"": 126, ""2.0"": 194, ""3.0"": 514, ""4.0"": 1522, ""5.0"": 2969}, ""pred_mean"": 4.350245112410174, ""pred_std"": 0.44597691259232436, ""pred_min"": 1.8807356357574463, ""pred_max"": 4.9939446449279785, ""abs_error_mean"": 0.6268490075169595, ""abs_error_p90"": 1.3448519706726074, ""abs_error_p95"": 1.835869121551514, ""abs_error_p99"": 3.1383251190185635, ""abs_error_max"": 3.9163870811462402, ""mean_gate"": 0.8541443347930908, ""std_gate"": 0.08623170107603073, ""min_gate_value"": 0.5458060503005981, ""max_gate_value"": 0.9990875720977783, ""mean_gamma"": 0.11458556354045868, ""mean_edge_misalign_score"": 0.1416894793510437, ""best_valid_metric"": 0.8334367550021177}",
round1_model.lambda_residual_0.5,ok,0,"{""training.lr"": 0.003, ""training.weight_decay"": 1e-05, ""training.grad_clip"": 0.5, ""model.embedding_size"": 64, ""model.num_layers"": 1, ""model.dropout"": 0.3, ""model.node_dropout"": 0.5, ""model.nd_weight"": 0.1, ""model.ed_weight"": 1.0, ""model.align_weight"": 0.05, ""model.residual_weight"": 0.002, ""model.gate_hidden_dim"": 32, ""model.epsilon"": 0.1, ""model.lambda_residual"": 0.5, ""model.review_generation_weight"": 0.05}",/home/infolab/mnt/mingyu/review_rec/rating4review/results/ma_rgcl_42_Amazon_Office_Products_14_20260515_075923_139336/test_results.json,0.9393082176579179,,,"{""mse"": 0.8822999277596945, ""rmse"": 0.9393082176579179, ""mae"": 0.7420518859003631, ""num_samples"": 5325, ""eval_clip"": false, ""min_rating"": 1.0, ""max_rating"": 5.0, ""unclipped_prediction_min"": 4.095033168792725, ""unclipped_prediction_max"": 4.515265941619873, ""clipped_prediction_min"": 4.095033168792725, ""clipped_prediction_max"": 4.515265941619873, ""label_min"": 1.0, ""label_max"": 5.0, ""rating_mean"": 4.317183017730713, ""rating_std"": 0.9550731778144836, ""rating_distribution"": {""1.0"": 126, ""2.0"": 194, ""3.0"": 514, ""4.0"": 1522, ""5.0"": 2969}, ""pred_mean"": 4.311120508937209, ""pred_std"": 0.06457620714591412, ""pred_min"": 4.095033168792725, ""pred_max"": 4.515265941619873, ""abs_error_mean"": 0.7420518859003631, ""abs_error_p90"": 1.2940755844116212, ""abs_error_p95"": 2.2406019210815433, ""abs_error_p99"": 3.2905513000488282, ""abs_error_max"": 3.4799180030822754, ""mean_gate"": 0.6196069717407227, ""std_gate"": 0.0351649634540081, ""min_gate_value"": 0.5211608409881592, ""max_gate_value"": 0.7757677435874939, ""mean_gamma"": 0.2901965081691742, ""mean_edge_misalign_score"": 0.1416894793510437, ""best_valid_metric"": 0.9094424450743864}",
round1_model.review_generation_weight_0.01,ok,0,"{""training.lr"": 0.003, ""training.weight_decay"": 1e-05, ""training.grad_clip"": 0.5, ""model.embedding_size"": 64, ""model.num_layers"": 1, ""model.dropout"": 0.3, ""model.node_dropout"": 0.5, ""model.nd_weight"": 0.1, ""model.ed_weight"": 1.0, ""model.align_weight"": 0.05, ""model.residual_weight"": 0.002, ""model.gate_hidden_dim"": 32, ""model.epsilon"": 0.1, ""model.lambda_residual"": 0.25, ""model.review_generation_weight"": 0.01}",/home/infolab/mnt/mingyu/review_rec/rating4review/results/ma_rgcl_42_Amazon_Office_Products_14_20260515_080048_583583/test_results.json,0.8757550928222921,,,"{""mse"": 0.7669469826041816, ""rmse"": 0.8757550928222921, ""mae"": 0.6250138313221819, ""num_samples"": 5325, ""eval_clip"": false, ""min_rating"": 1.0, ""max_rating"": 5.0, ""unclipped_prediction_min"": 1.6405597925186157, ""unclipped_prediction_max"": 4.994610786437988, ""clipped_prediction_min"": 1.6405597925186157, ""clipped_prediction_max"": 4.994610786437988, ""label_min"": 1.0, ""label_max"": 5.0, ""rating_mean"": 4.317183017730713, ""rating_std"": 0.9550731778144836, ""rating_distribution"": {""1.0"": 126, ""2.0"": 194, ""3.0"": 514, ""4.0"": 1522, ""5.0"": 2969}, ""pred_mean"": 4.353465351588289, ""pred_std"": 0.4578343303934299, ""pred_min"": 1.6405597925186157, ""pred_max"": 4.994610786437988, ""abs_error_mean"": 0.6250138313221819, ""abs_error_p90"": 1.3628380775451663, ""abs_error_p95"": 1.8255933761596694, ""abs_error_p99"": 3.1625982475280963, ""abs_error_max"": 3.927870750427246, ""mean_gate"": 0.8648692965507507, ""std_gate"": 0.08639611303806305, ""min_gate_value"": 0.5364293456077576, ""max_gate_value"": 0.9996875524520874, ""mean_gamma"": 0.13378265500068665, ""mean_edge_misalign_score"": 0.1416894793510437, ""best_valid_metric"": 0.8314773381111453}",
round1_model.review_generation_weight_0.1,ok,0,"{""training.lr"": 0.003, ""training.weight_decay"": 1e-05, ""training.grad_clip"": 0.5, ""model.embedding_size"": 64, ""model.num_layers"": 1, ""model.dropout"": 0.3, ""model.node_dropout"": 0.5, ""model.nd_weight"": 0.1, ""model.ed_weight"": 1.0, ""model.align_weight"": 0.05, ""model.residual_weight"": 0.002, ""model.gate_hidden_dim"": 32, ""model.epsilon"": 0.1, ""model.lambda_residual"": 0.25, ""model.review_generation_weight"": 0.1}",/home/infolab/mnt/mingyu/review_rec/rating4review/results/ma_rgcl_42_Amazon_Office_Products_14_20260515_080435_905313/test_results.json,0.8773763341266038,,,"{""mse"": 0.7697892316854379, ""rmse"": 0.8773763341266038, ""mae"": 0.6272982884348838, ""num_samples"": 5325, ""eval_clip"": false, ""min_rating"": 1.0, ""max_rating"": 5.0, ""unclipped_prediction_min"": 1.8420456647872925, ""unclipped_prediction_max"": 4.994715690612793, ""clipped_prediction_min"": 1.8420456647872925, ""clipped_prediction_max"": 4.994715690612793, ""label_min"": 1.0, ""label_max"": 5.0, ""rating_mean"": 4.317183017730713, ""rating_std"": 0.9550731778144836, ""rating_distribution"": {""1.0"": 126, ""2.0"": 194, ""3.0"": 514, ""4.0"": 1522, ""5.0"": 2969}, ""pred_mean"": 4.347531705014583, ""pred_std"": 0.4528565688424281, ""pred_min"": 1.8420456647872925, ""pred_max"": 4.994715690612793, ""abs_error_mean"": 0.6272982884348838, ""abs_error_p90"": 1.365928983688355, ""abs_error_p95"": 1.8397367477416995, ""abs_error_p99"": 3.114114227294923, ""abs_error_max"": 3.919428825378418, ""mean_gate"": 0.8578147888183594, ""std_gate"": 0.08604802936315536, ""min_gate_value"": 0.5406091213226318, ""max_gate_value"": 0.9992696642875671, ""mean_gamma"": 0.13554632663726807, ""mean_edge_misalign_score"": 0.1416894793510437, ""best_valid_metric"": 0.8332834184838865}",
round2_training.lr_0.005,ok,0,"{""training.lr"": 0.005, ""training.weight_decay"": 1e-05, ""training.grad_clip"": 0.5, ""model.embedding_size"": 64, ""model.num_layers"": 1, ""model.dropout"": 0.3, ""model.node_dropout"": 0.5, ""model.nd_weight"": 0.1, ""model.ed_weight"": 1.0, ""model.align_weight"": 0.05, ""model.residual_weight"": 0.002, ""model.gate_hidden_dim"": 32, ""model.epsilon"": 0.1, ""model.lambda_residual"": 0.25, ""model.review_generation_weight"": 0.01}",/home/infolab/mnt/mingyu/review_rec/rating4review/results/ma_rgcl_42_Amazon_Office_Products_14_20260515_080825_040095/test_results.json,1.0118975238312664,,,"{""mse"": 1.0239365987358482, ""rmse"": 1.0118975238312664, ""mae"": 0.8161168059496813, ""num_samples"": 5325, ""eval_clip"": false, ""min_rating"": 1.0, ""max_rating"": 5.0, ""unclipped_prediction_min"": 3.6597275733947754, ""unclipped_prediction_max"": 4.200163841247559, ""clipped_prediction_min"": 3.6597275733947754, ""clipped_prediction_max"": 4.200163841247559, ""label_min"": 1.0, ""label_max"": 5.0, ""rating_mean"": 4.317183017730713, ""rating_std"": 0.9550731778144836, ""rating_distribution"": {""1.0"": 126, ""2.0"": 194, ""3.0"": 514, ""4.0"": 1522, ""5.0"": 2969}, ""pred_mean"": 3.979498733332459, ""pred_std"": 0.049616699512887726, ""pred_min"": 3.6597275733947754, ""pred_max"": 4.200163841247559, ""abs_error_mean"": 0.8161168059496813, ""abs_error_p90"": 1.094639825820923, ""abs_error_p95"": 1.9594066619873047, ""abs_error_p99"": 2.9704800891876224, ""abs_error_max"": 3.148693084716797, ""mean_gate"": 0.5238574147224426, ""std_gate"": 0.010745755396783352, ""min_gate_value"": 0.47730517387390137, ""max_gate_value"": 0.5772361159324646, ""mean_gamma"": 0.21903565526008606, ""mean_edge_misalign_score"": 0.1416894793510437, ""best_valid_metric"": 0.9929196947767102}",
round2_training.lr_0.01,ok,0,"{""training.lr"": 0.01, ""training.weight_decay"": 1e-05, ""training.grad_clip"": 0.5, ""model.embedding_size"": 64, ""model.num_layers"": 1, ""model.dropout"": 0.3, ""model.node_dropout"": 0.5, ""model.nd_weight"": 0.1, ""model.ed_weight"": 1.0, ""model.align_weight"": 0.05, ""model.residual_weight"": 0.002, ""model.gate_hidden_dim"": 32, ""model.epsilon"": 0.1, ""model.lambda_residual"": 0.25, ""model.review_generation_weight"": 0.01}",/home/infolab/mnt/mingyu/review_rec/rating4review/results/ma_rgcl_42_Amazon_Office_Products_14_20260515_080949_111285/test_results.json,1.0486754662610245,,,"{""mse"": 1.099720233537777, ""rmse"": 1.0486754662610245, ""mae"": 0.708288915213285, ""num_samples"": 5325, ""eval_clip"": false, ""min_rating"": 1.0, ""max_rating"": 5.0, ""unclipped_prediction_min"": 4.425479888916016, ""unclipped_prediction_max"": 4.8836350440979, ""clipped_prediction_min"": 4.425479888916016, ""clipped_prediction_max"": 4.8836350440979, ""label_min"": 1.0, ""label_max"": 5.0, ""rating_mean"": 4.317183017730713, ""rating_std"": 0.9550731778144836, ""rating_distribution"": {""1.0"": 126, ""2.0"": 194, ""3.0"": 514, ""4.0"": 1522, ""5.0"": 2969}, ""pred_mean"": 4.755533286976703, ""pred_std"": 0.03863510748419334, ""pred_min"": 4.425479888916016, ""pred_max"": 4.8836350440979, ""abs_error_mean"": 0.708288915213285, ""abs_error_p90"": 1.763160228729248, ""abs_error_p95"": 2.7381412506103517, ""abs_error_p99"": 3.7535870742797854, ""abs_error_max"": 3.865159511566162, ""mean_gate"": 0.547683835029602, ""std_gate"": 0.01428331807255745, ""min_gate_value"": 0.49623003602027893, ""max_gate_value"": 0.623790442943573, ""mean_gamma"": 0.21307902038097382, ""mean_edge_misalign_score"": 0.1416894793510437, ""best_valid_metric"": 1.00916568116585}",
round2_training.lr_0.02,ok,0,"{""training.lr"": 0.02, ""training.weight_decay"": 1e-05, ""training.grad_clip"": 0.5, ""model.embedding_size"": 64, ""model.num_layers"": 1, ""model.dropout"": 0.3, ""model.node_dropout"": 0.5, ""model.nd_weight"": 0.1, ""model.ed_weight"": 1.0, ""model.align_weight"": 0.05, ""model.residual_weight"": 0.002, ""model.gate_hidden_dim"": 32, ""model.epsilon"": 0.1, ""model.lambda_residual"": 0.25, ""model.review_generation_weight"": 0.01}",/home/infolab/mnt/mingyu/review_rec/rating4review/results/ma_rgcl_42_Amazon_Office_Products_14_20260515_081110_983420/test_results.json,1.1725279623817126,,,"{""mse"": 1.3748218225670108, ""rmse"": 1.1725279623817126, ""mae"": 0.6829925134148396, ""num_samples"": 5325, ""eval_clip"": false, ""min_rating"": 1.0, ""max_rating"": 5.0, ""unclipped_prediction_min"": 4.973331928253174, ""unclipped_prediction_max"": 4.999719142913818, ""clipped_prediction_min"": 4.973331928253174, ""clipped_prediction_max"": 4.999719142913818, ""label_min"": 1.0, ""label_max"": 5.0, ""rating_mean"": 4.317183017730713, ""rating_std"": 0.9550731778144836, ""rating_distribution"": {""1.0"": 126, ""2.0"": 194, ""3.0"": 514, ""4.0"": 1522, ""5.0"": 2969}, ""pred_mean"": 4.997541190313061, ""pred_std"": 0.0013690910385064656, ""pred_min"": 4.973331928253174, ""pred_max"": 4.999719142913818, ""abs_error_mean"": 0.6829925134148396, ""abs_error_p90"": 1.9978926658630372, ""abs_error_p95"": 2.99713077545166, ""abs_error_p99"": 3.99769437789917, ""abs_error_max"": 3.999567985534668, ""mean_gate"": 0.5945820808410645, ""std_gate"": 0.02324671298265457, ""min_gate_value"": 0.5168249607086182, ""max_gate_value"": 0.7171621322631836, ""mean_gamma"": 0.2013545036315918, ""mean_edge_misalign_score"": 0.1416894793510437, ""best_valid_metric"": 1.1309493952466103}",
round2_training.weight_decay_0.0,ok,0,"{""training.lr"": 0.003, ""training.weight_decay"": 0.0, ""training.grad_clip"": 0.5, ""model.embedding_size"": 64, ""model.num_layers"": 1, ""model.dropout"": 0.3, ""model.node_dropout"": 0.5, ""model.nd_weight"": 0.1, ""model.ed_weight"": 1.0, ""model.align_weight"": 0.05, ""model.residual_weight"": 0.002, ""model.gate_hidden_dim"": 32, ""model.epsilon"": 0.1, ""model.lambda_residual"": 0.25, ""model.review_generation_weight"": 0.01}",/home/infolab/mnt/mingyu/review_rec/rating4review/results/ma_rgcl_42_Amazon_Office_Products_14_20260515_081231_962332/test_results.json,0.8784168702452486,,,"{""mse"": 0.771616197931458, ""rmse"": 0.8784168702452486, ""mae"": 0.6281376471541857, ""num_samples"": 5325, ""eval_clip"": false, ""min_rating"": 1.0, ""max_rating"": 5.0, ""unclipped_prediction_min"": 1.7582333087921143, ""unclipped_prediction_max"": 4.994297981262207, ""clipped_prediction_min"": 1.7582333087921143, ""clipped_prediction_max"": 4.994297981262207, ""label_min"": 1.0, ""label_max"": 5.0, ""rating_mean"": 4.317183017730713, ""rating_std"": 0.9550731778144836, ""rating_distribution"": {""1.0"": 126, ""2.0"": 194, ""3.0"": 514, ""4.0"": 1522, ""5.0"": 2969}, ""pred_mean"": 4.347589089568232, ""pred_std"": 0.4495152431805337, ""pred_min"": 1.7582333087921143, ""pred_max"": 4.994297981262207, ""abs_error_mean"": 0.6281376471541857, ""abs_error_p90"": 1.3579265117645267, ""abs_error_p95"": 1.8389144897460938, ""abs_error_p99"": 3.1328837966919005, ""abs_error_max"": 3.914128303527832, ""mean_gate"": 0.86458820104599, ""std_gate"": 0.08370855450630188, ""min_gate_value"": 0.5433435440063477, ""max_gate_value"": 0.9993588328361511, ""mean_gamma"": 0.13385295867919922, ""mean_edge_misalign_score"": 0.1416894793510437, ""best_valid_metric"": 0.8339346298250507}",
round2_training.weight_decay_1e-06,ok,0,"{""training.lr"": 0.003, ""training.weight_decay"": 1e-06, ""training.grad_clip"": 0.5, ""model.embedding_size"": 64, ""model.num_layers"": 1, ""model.dropout"": 0.3, ""model.node_dropout"": 0.5, ""model.nd_weight"": 0.1, ""model.ed_weight"": 1.0, ""model.align_weight"": 0.05, ""model.residual_weight"": 0.002, ""model.gate_hidden_dim"": 32, ""model.epsilon"": 0.1, ""model.lambda_residual"": 0.25, ""model.review_generation_weight"": 0.01}",/home/infolab/mnt/mingyu/review_rec/rating4review/results/ma_rgcl_42_Amazon_Office_Products_14_20260515_081621_575328/test_results.json,0.8758496794822626,,,"{""mse"": 0.7671126610491821, ""rmse"": 0.8758496794822626, ""mae"": 0.6245594492092938, ""num_samples"": 5325, ""eval_clip"": false, ""min_rating"": 1.0, ""max_rating"": 5.0, ""unclipped_prediction_min"": 1.4837524890899658, ""unclipped_prediction_max"": 4.994679927825928, ""clipped_prediction_min"": 1.4837524890899658, ""clipped_prediction_max"": 4.994679927825928, ""label_min"": 1.0, ""label_max"": 5.0, ""rating_mean"": 4.317183017730713, ""rating_std"": 0.9550731778144836, ""rating_distribution"": {""1.0"": 126, ""2.0"": 194, ""3.0"": 514, ""4.0"": 1522, ""5.0"": 2969}, ""pred_mean"": 4.354119385732731, ""pred_std"": 0.4622724628543714, ""pred_min"": 1.4837524890899658, ""pred_max"": 4.994679927825928, ""abs_error_mean"": 0.6245594492092938, ""abs_error_p90"": 1.3619414329528816, ""abs_error_p95"": 1.82780055999756, ""abs_error_p99"": 3.181012763977072, ""abs_error_max"": 3.9273428916931152, ""mean_gate"": 0.8716251850128174, ""std_gate"": 0.0848492830991745, ""min_gate_value"": 0.533372700214386, ""max_gate_value"": 0.9998114705085754, ""mean_gamma"": 0.13209371268749237, ""mean_edge_misalign_score"": 0.1416894793510437, ""best_valid_metric"": 0.8308623181406369}",
round2_training.weight_decay_0.0001,ok,0,"{""training.lr"": 0.003, ""training.weight_decay"": 0.0001, ""training.grad_clip"": 0.5, ""model.embedding_size"": 64, ""model.num_layers"": 1, ""model.dropout"": 0.3, ""model.node_dropout"": 0.5, ""model.nd_weight"": 0.1, ""model.ed_weight"": 1.0, ""model.align_weight"": 0.05, ""model.residual_weight"": 0.002, ""model.gate_hidden_dim"": 32, ""model.epsilon"": 0.1, ""model.lambda_residual"": 0.25, ""model.review_generation_weight"": 0.01}",/home/infolab/mnt/mingyu/review_rec/rating4review/results/ma_rgcl_42_Amazon_Office_Products_14_20260515_082009_081612/test_results.json,0.8903253571746589,,,"{""mse"": 0.7926792416281838, ""rmse"": 0.8903253571746589, ""mae"": 0.638867233079364, ""num_samples"": 5325, ""eval_clip"": false, ""min_rating"": 1.0, ""max_rating"": 5.0, ""unclipped_prediction_min"": 3.129396677017212, ""unclipped_prediction_max"": 4.991567611694336, ""clipped_prediction_min"": 3.129396677017212, ""clipped_prediction_max"": 4.991567611694336, ""label_min"": 1.0, ""label_max"": 5.0, ""rating_mean"": 4.317183017730713, ""rating_std"": 0.9550731778144836, ""rating_distribution"": {""1.0"": 126, ""2.0"": 194, ""3.0"": 514, ""4.0"": 1522, ""5.0"": 2969}, ""pred_mean"": 4.338091743899064, ""pred_std"": 0.3921477414499355, ""pred_min"": 3.129396677017212, ""pred_max"": 4.991567611694336, ""abs_error_mean"": 0.638867233079364, ""abs_error_p90"": 1.2847458839416515, ""abs_error_p95"": 1.863969326019287, ""abs_error_p99"": 3.2287037849426277, ""abs_error_max"": 3.8836050033569336, ""mean_gate"": 0.7572838068008423, ""std_gate"": 0.0653793066740036, ""min_gate_value"": 0.5521835684776306, ""max_gate_value"": 0.9228127598762512, ""mean_gamma"": 0.16067905724048615, ""mean_edge_misalign_score"": 0.1416894793510437, ""best_valid_metric"": 0.8512701074991431}",
round2_training.grad_clip_1.0,ok,0,"{""training.lr"": 0.003, ""training.weight_decay"": 1e-05, ""training.grad_clip"": 1.0, ""model.embedding_size"": 64, ""model.num_layers"": 1, ""model.dropout"": 0.3, ""model.node_dropout"": 0.5, ""model.nd_weight"": 0.1, ""model.ed_weight"": 1.0, ""model.align_weight"": 0.05, ""model.residual_weight"": 0.002, ""model.gate_hidden_dim"": 32, ""model.epsilon"": 0.1, ""model.lambda_residual"": 0.25, ""model.review_generation_weight"": 0.01}",/home/infolab/mnt/mingyu/review_rec/rating4review/results/ma_rgcl_42_Amazon_Office_Products_14_20260515_082404_686286/test_results.json,0.8827508472051927,,,"{""mse"": 0.7792490582414855, ""rmse"": 0.8827508472051927, ""mae"": 0.6370369738816095, ""num_samples"": 5325, ""eval_clip"": false, ""min_rating"": 1.0, ""max_rating"": 5.0, ""unclipped_prediction_min"": 2.1414995193481445, ""unclipped_prediction_max"": 4.992269992828369, ""clipped_prediction_min"": 2.1414995193481445, ""clipped_prediction_max"": 4.992269992828369, ""label_min"": 1.0, ""label_max"": 5.0, ""rating_mean"": 4.317183017730713, ""rating_std"": 0.9550731778144836, ""rating_distribution"": {""1.0"": 126, ""2.0"": 194, ""3.0"": 514, ""4.0"": 1522, ""5.0"": 2969}, ""pred_mean"": 4.322771021748932, ""pred_std"": 0.4219973339976896, ""pred_min"": 2.1414995193481445, ""pred_max"": 4.992269992828369, ""abs_error_mean"": 0.6370369738816095, ""abs_error_p90"": 1.316939353942871, ""abs_error_p95"": 1.8535316467285157, ""abs_error_p99"": 3.218825054168706, ""abs_error_max"": 3.9106736183166504, ""mean_gate"": 0.8121442794799805, ""std_gate"": 0.09324518591165543, ""min_gate_value"": 0.539297878742218, ""max_gate_value"": 0.9979491829872131, ""mean_gamma"": 0.1469639092683792, ""mean_edge_misalign_score"": 0.1416894793510437, ""best_valid_metric"": 0.8392592126204751}",
round2_training.grad_clip_2.0,ok,0,"{""training.lr"": 0.003, ""training.weight_decay"": 1e-05, ""training.grad_clip"": 2.0, ""model.embedding_size"": 64, ""model.num_layers"": 1, ""model.dropout"": 0.3, ""model.node_dropout"": 0.5, ""model.nd_weight"": 0.1, ""model.ed_weight"": 1.0, ""model.align_weight"": 0.05, ""model.residual_weight"": 0.002, ""model.gate_hidden_dim"": 32, ""model.epsilon"": 0.1, ""model.lambda_residual"": 0.25, ""model.review_generation_weight"": 0.01}",/home/infolab/mnt/mingyu/review_rec/rating4review/results/ma_rgcl_42_Amazon_Office_Products_14_20260515_082618_207158/test_results.json,0.8863226230638089,,,"{""mse"": 0.7855677921547107, ""rmse"": 0.8863226230638089, ""mae"": 0.6410145713913609, ""num_samples"": 5325, ""eval_clip"": false, ""min_rating"": 1.0, ""max_rating"": 5.0, ""unclipped_prediction_min"": 2.2982659339904785, ""unclipped_prediction_max"": 4.994680881500244, ""clipped_prediction_min"": 2.2982659339904785, ""clipped_prediction_max"": 4.994680881500244, ""label_min"": 1.0, ""label_max"": 5.0, ""rating_mean"": 4.317183017730713, ""rating_std"": 0.9550731778144836, ""rating_distribution"": {""1.0"": 126, ""2.0"": 194, ""3.0"": 514, ""4.0"": 1522, ""5.0"": 2969}, ""pred_mean"": 4.321566380872413, ""pred_std"": 0.40178556511274544, ""pred_min"": 2.2982659339904785, ""pred_max"": 4.994680881500244, ""abs_error_mean"": 0.6410145713913609, ""abs_error_p90"": 1.310008525848389, ""abs_error_p95"": 1.8427003860473645, ""abs_error_p99"": 3.1608462333679213, ""abs_error_max"": 3.9001588821411133, ""mean_gate"": 0.7778329253196716, ""std_gate"": 0.0853467509150505, ""min_gate_value"": 0.5400733351707458, ""max_gate_value"": 0.9941197633743286, ""mean_gamma"": 0.1555417776107788, ""mean_edge_misalign_score"": 0.1416894793510437, ""best_valid_metric"": 0.8431744654710044}",
round2_training.grad_clip_5.0,ok,0,"{""training.lr"": 0.003, ""training.weight_decay"": 1e-05, ""training.grad_clip"": 5.0, ""model.embedding_size"": 64, ""model.num_layers"": 1, ""model.dropout"": 0.3, ""model.node_dropout"": 0.5, ""model.nd_weight"": 0.1, ""model.ed_weight"": 1.0, ""model.align_weight"": 0.05, ""model.residual_weight"": 0.002, ""model.gate_hidden_dim"": 32, ""model.epsilon"": 0.1, ""model.lambda_residual"": 0.25, ""model.review_generation_weight"": 0.01}",/home/infolab/mnt/mingyu/review_rec/rating4review/results/ma_rgcl_42_Amazon_Office_Products_14_20260515_082751_464910/test_results.json,0.9509999475824503,,,"{""mse"": 0.9044009003018233, ""rmse"": 0.9509999475824503, ""mae"": 0.7559372225837528, ""num_samples"": 5325, ""eval_clip"": false, ""min_rating"": 1.0, ""max_rating"": 5.0, ""unclipped_prediction_min"": 3.9452548027038574, ""unclipped_prediction_max"": 4.55912971496582, ""clipped_prediction_min"": 3.9452548027038574, ""clipped_prediction_max"": 4.55912971496582, ""label_min"": 1.0, ""label_max"": 5.0, ""rating_mean"": 4.317183017730713, ""rating_std"": 0.9550731778144836, ""rating_distribution"": {""1.0"": 126, ""2.0"": 194, ""3.0"": 514, ""4.0"": 1522, ""5.0"": 2969}, ""pred_mean"": 4.32386810974336, ""pred_std"": 0.05837702229893253, ""pred_min"": 3.9452548027038574, ""pred_max"": 4.55912971496582, ""abs_error_mean"": 0.7559372225837528, ""abs_error_p90"": 1.335614585876465, ""abs_error_p95"": 2.292807006835938, ""abs_error_p99"": 3.309396076202393, ""abs_error_max"": 3.5097975730895996, ""mean_gate"": 0.5285789966583252, ""std_gate"": 0.01441184338182211, ""min_gate_value"": 0.4771936535835266, ""max_gate_value"": 0.6044163703918457, ""mean_gamma"": 0.21785525977611542, ""mean_edge_misalign_score"": 0.1416894793510437, ""best_valid_metric"": 0.9205856519662565}",
round2_model.embedding_size_32,ok,0,"{""training.lr"": 0.003, ""training.weight_decay"": 1e-05, ""training.grad_clip"": 0.5, ""model.embedding_size"": 32, ""model.num_layers"": 1, ""model.dropout"": 0.3, ""model.node_dropout"": 0.5, ""model.nd_weight"": 0.1, ""model.ed_weight"": 1.0, ""model.align_weight"": 0.05, ""model.residual_weight"": 0.002, ""model.gate_hidden_dim"": 32, ""model.epsilon"": 0.1, ""model.lambda_residual"": 0.25, ""model.review_generation_weight"": 0.01}",/home/infolab/mnt/mingyu/review_rec/rating4review/results/ma_rgcl_42_Amazon_Office_Products_14_20260515_082911_349782/test_results.json,0.9538877934708013,,,"{""mse"": 0.9099019225325942, ""rmse"": 0.9538877934708013, ""mae"": 0.7652381106273669, ""num_samples"": 5325, ""eval_clip"": false, ""min_rating"": 1.0, ""max_rating"": 5.0, ""unclipped_prediction_min"": 3.8704657554626465, ""unclipped_prediction_max"": 4.5083088874816895, ""clipped_prediction_min"": 3.8704657554626465, ""clipped_prediction_max"": 4.5083088874816895, ""label_min"": 1.0, ""label_max"": 5.0, ""rating_mean"": 4.317183017730713, ""rating_std"": 0.9550731778144836, ""rating_distribution"": {""1.0"": 126, ""2.0"": 194, ""3.0"": 514, ""4.0"": 1522, ""5.0"": 2969}, ""pred_mean"": 4.2247713538514615, ""pred_std"": 0.07015071040967755, ""pred_min"": 3.8704657554626465, ""pred_max"": 4.5083088874816895, ""abs_error_mean"": 0.7652381106273669, ""abs_error_p90"": 1.2325698852539064, ""abs_error_p95"": 2.181211471557617, ""abs_error_p99"": 3.2047993087768556, ""abs_error_max"": 3.4469094276428223, ""mean_gate"": 0.5502206087112427, ""std_gate"": 0.01468141283839941, ""min_gate_value"": 0.48947232961654663, ""max_gate_value"": 0.6356634497642517, ""mean_gamma"": 0.21244484186172485, ""mean_edge_misalign_score"": 0.1416894793510437, ""best_valid_metric"": 0.9265617793616538}",
round2_model.embedding_size_128,ok,0,"{""training.lr"": 0.003, ""training.weight_decay"": 1e-05, ""training.grad_clip"": 0.5, ""model.embedding_size"": 128, ""model.num_layers"": 1, ""model.dropout"": 0.3, ""model.node_dropout"": 0.5, ""model.nd_weight"": 0.1, ""model.ed_weight"": 1.0, ""model.align_weight"": 0.05, ""model.residual_weight"": 0.002, ""model.gate_hidden_dim"": 32, ""model.epsilon"": 0.1, ""model.lambda_residual"": 0.25, ""model.review_generation_weight"": 0.01}",/home/infolab/mnt/mingyu/review_rec/rating4review/results/ma_rgcl_42_Amazon_Office_Products_14_20260515_083034_643624/test_results.json,0.8760840847540043,,,"{""mse"": 0.7675233235592615, ""rmse"": 0.8760840847540043, ""mae"": 0.6333405990108079, ""num_samples"": 5325, ""eval_clip"": false, ""min_rating"": 1.0, ""max_rating"": 5.0, ""unclipped_prediction_min"": 1.38316011428833, ""unclipped_prediction_max"": 4.986544609069824, ""clipped_prediction_min"": 1.38316011428833, ""clipped_prediction_max"": 4.986544609069824, ""label_min"": 1.0, ""label_max"": 5.0, ""rating_mean"": 4.317183017730713, ""rating_std"": 0.9550731778144836, ""rating_distribution"": {""1.0"": 126, ""2.0"": 194, ""3.0"": 514, ""4.0"": 1522, ""5.0"": 2969}, ""pred_mean"": 4.338254653523226, ""pred_std"": 0.43675865619907106, ""pred_min"": 1.38316011428833, ""pred_max"": 4.986544609069824, ""abs_error_mean"": 0.6333405990108079, ""abs_error_p90"": 1.330948066711426, ""abs_error_p95"": 1.8547457695007346, ""abs_error_p99"": 3.2296738243103102, ""abs_error_max"": 3.8962221145629883, ""mean_gate"": 0.7379236817359924, ""std_gate"": 0.12138577550649643, ""min_gate_value"": 0.4874526560306549, ""max_gate_value"": 0.9996144771575928, ""mean_gamma"": 0.16551907360553741, ""mean_edge_misalign_score"": 0.1416894793510437, ""best_valid_metric"": 0.8318492842286282}",
round2_model.num_layers_2,ok,0,"{""training.lr"": 0.003, ""training.weight_decay"": 1e-05, ""training.grad_clip"": 0.5, ""model.embedding_size"": 64, ""model.num_layers"": 2, ""model.dropout"": 0.3, ""model.node_dropout"": 0.5, ""model.nd_weight"": 0.1, ""model.ed_weight"": 1.0, ""model.align_weight"": 0.05, ""model.residual_weight"": 0.002, ""model.gate_hidden_dim"": 32, ""model.epsilon"": 0.1, ""model.lambda_residual"": 0.25, ""model.review_generation_weight"": 0.01}",/home/infolab/mnt/mingyu/review_rec/rating4review/results/ma_rgcl_42_Amazon_Office_Products_14_20260515_083216_021991/test_results.json,0.9037871830466966,,,"{""mse"": 0.816831272239483, ""rmse"": 0.9037871830466966, ""mae"": 0.6645923926572844, ""num_samples"": 5325, ""eval_clip"": false, ""min_rating"": 1.0, ""max_rating"": 5.0, ""unclipped_prediction_min"": 3.199260711669922, ""unclipped_prediction_max"": 4.983737945556641, ""clipped_prediction_min"": 3.199260711669922, ""clipped_prediction_max"": 4.983737945556641, ""label_min"": 1.0, ""label_max"": 5.0, ""rating_mean"": 4.317183017730713, ""rating_std"": 0.9550731778144836, ""rating_distribution"": {""1.0"": 126, ""2.0"": 194, ""3.0"": 514, ""4.0"": 1522, ""5.0"": 2969}, ""pred_mean"": 4.311628510336361, ""pred_std"": 0.37186592399042595, ""pred_min"": 3.199260711669922, ""pred_max"": 4.983737945556641, ""abs_error_mean"": 0.6645923926572844, ""abs_error_p90"": 1.3168393135070806, ""abs_error_p95"": 1.8797063827514655, ""abs_error_p99"": 3.2150082015991215, ""abs_error_max"": 3.9160094261169434, ""mean_gate"": 0.7075486779212952, ""std_gate"": 0.06008126959204674, ""min_gate_value"": 0.512439489364624, ""max_gate_value"": 0.9317922592163086, ""mean_gamma"": 0.17311282455921173, ""mean_edge_misalign_score"": 0.1416894793510437, ""best_valid_metric"": 0.8682665650712708}",
round2_model.dropout_0.5,ok,0,"{""training.lr"": 0.003, ""training.weight_decay"": 1e-05, ""training.grad_clip"": 0.5, ""model.embedding_size"": 64, ""model.num_layers"": 1, ""model.dropout"": 0.5, ""model.node_dropout"": 0.5, ""model.nd_weight"": 0.1, ""model.ed_weight"": 1.0, ""model.align_weight"": 0.05, ""model.residual_weight"": 0.002, ""model.gate_hidden_dim"": 32, ""model.epsilon"": 0.1, ""model.lambda_residual"": 0.25, ""model.review_generation_weight"": 0.01}",/home/infolab/mnt/mingyu/review_rec/rating4review/results/ma_rgcl_42_Amazon_Office_Products_14_20260515_083353_719316/test_results.json,0.9448279915085916,,,"{""mse"": 0.8926999335381594, ""rmse"": 0.9448279915085916, ""mae"": 0.7530991335765856, ""num_samples"": 5325, ""eval_clip"": false, ""min_rating"": 1.0, ""max_rating"": 5.0, ""unclipped_prediction_min"": 4.035427093505859, ""unclipped_prediction_max"": 4.47072172164917, ""clipped_prediction_min"": 4.035427093505859, ""clipped_prediction_max"": 4.47072172164917, ""label_min"": 1.0, ""label_max"": 5.0, ""rating_mean"": 4.317183017730713, ""rating_std"": 0.9550731778144836, ""rating_distribution"": {""1.0"": 126, ""2.0"": 194, ""3.0"": 514, ""4.0"": 1522, ""5.0"": 2969}, ""pred_mean"": 4.279262869481189, ""pred_std"": 0.05762991497677484, ""pred_min"": 4.035427093505859, ""pred_max"": 4.47072172164917, ""abs_error_mean"": 0.7530991335765856, ""abs_error_p90"": 1.273571586608887, ""abs_error_p95"": 2.2250097274780276, ""abs_error_p99"": 3.2494606208801273, ""abs_error_max"": 3.449514865875244, ""mean_gate"": 0.5752842426300049, ""std_gate"": 0.026008209213614464, ""min_gate_value"": 0.5084505081176758, ""max_gate_value"": 0.6997324824333191, ""mean_gamma"": 0.2061789631843567, ""mean_edge_misalign_score"": 0.1416894793510437, ""best_valid_metric"": 0.9159443610138787}",
round2_model.dropout_0.7,ok,0,"{""training.lr"": 0.003, ""training.weight_decay"": 1e-05, ""training.grad_clip"": 0.5, ""model.embedding_size"": 64, ""model.num_layers"": 1, ""model.dropout"": 0.7, ""model.node_dropout"": 0.5, ""model.nd_weight"": 0.1, ""model.ed_weight"": 1.0, ""model.align_weight"": 0.05, ""model.residual_weight"": 0.002, ""model.gate_hidden_dim"": 32, ""model.epsilon"": 0.1, ""model.lambda_residual"": 0.25, ""model.review_generation_weight"": 0.01}",/home/infolab/mnt/mingyu/review_rec/rating4review/results/ma_rgcl_42_Amazon_Office_Products_14_20260515_083522_308864/test_results.json,0.8913808125256055,,,"{""mse"": 0.7945597529388088, ""rmse"": 0.8913808125256055, ""mae"": 0.6717661104515684, ""num_samples"": 5325, ""eval_clip"": false, ""min_rating"": 1.0, ""max_rating"": 5.0, ""unclipped_prediction_min"": 3.203749179840088, ""unclipped_prediction_max"": 4.922828197479248, ""clipped_prediction_min"": 3.203749179840088, ""clipped_prediction_max"": 4.922828197479248, ""label_min"": 1.0, ""label_max"": 5.0, ""rating_mean"": 4.317183017730713, ""rating_std"": 0.9550731778144836, ""rating_distribution"": {""1.0"": 126, ""2.0"": 194, ""3.0"": 514, ""4.0"": 1522, ""5.0"": 2969}, ""pred_mean"": 4.272084532545206, ""pred_std"": 0.28872755030485253, ""pred_min"": 3.203749179840088, ""pred_max"": 4.922828197479248, ""abs_error_mean"": 0.6717661104515684, ""abs_error_p90"": 1.197766208648683, ""abs_error_p95"": 1.857779121398926, ""abs_error_p99"": 3.2096633911132817, ""abs_error_max"": 3.7752771377563477, ""mean_gate"": 0.7324716448783875, ""std_gate"": 0.05704951658844948, ""min_gate_value"": 0.5415704846382141, ""max_gate_value"": 0.9481666684150696, ""mean_gamma"": 0.16688208281993866, ""mean_edge_misalign_score"": 0.1416894793510437, ""best_valid_metric"": 0.8575185321005077}",
round2_model.node_dropout_0.7,ok,0,"{""training.lr"": 0.003, ""training.weight_decay"": 1e-05, ""training.grad_clip"": 0.5, ""model.embedding_size"": 64, ""model.num_layers"": 1, ""model.dropout"": 0.3, ""model.node_dropout"": 0.7, ""model.nd_weight"": 0.1, ""model.ed_weight"": 1.0, ""model.align_weight"": 0.05, ""model.residual_weight"": 0.002, ""model.gate_hidden_dim"": 32, ""model.epsilon"": 0.1, ""model.lambda_residual"": 0.25, ""model.review_generation_weight"": 0.01}",/home/infolab/mnt/mingyu/review_rec/rating4review/results/ma_rgcl_42_Amazon_Office_Products_14_20260515_083701_195906/test_results.json,0.8759402423254117,,,"{""mse"": 0.7672713081251009, ""rmse"": 0.8759402423254117, ""mae"": 0.6254018311433389, ""num_samples"": 5325, ""eval_clip"": false, ""min_rating"": 1.0, ""max_rating"": 5.0, ""unclipped_prediction_min"": 1.6795345544815063, ""unclipped_prediction_max"": 4.99456262588501, ""clipped_prediction_min"": 1.6795345544815063, ""clipped_prediction_max"": 4.99456262588501, ""label_min"": 1.0, ""label_max"": 5.0, ""rating_mean"": 4.317183017730713, ""rating_std"": 0.9550731778144836, ""rating_distribution"": {""1.0"": 126, ""2.0"": 194, ""3.0"": 514, ""4.0"": 1522, ""5.0"": 2969}, ""pred_mean"": 4.352923233833671, ""pred_std"": 0.45574933749417496, ""pred_min"": 1.6795345544815063, ""pred_max"": 4.99456262588501, ""abs_error_mean"": 0.6254018311433389, ""abs_error_p90"": 1.3582468032836914, ""abs_error_p95"": 1.8313349723815924, ""abs_error_p99"": 3.146999855041524, ""abs_error_max"": 3.9256792068481445, ""mean_gate"": 0.8648241758346558, ""std_gate"": 0.0858265608549118, ""min_gate_value"": 0.5423680543899536, ""max_gate_value"": 0.9996476173400879, ""mean_gamma"": 0.13379395008087158, ""mean_edge_misalign_score"": 0.1416894793510437, ""best_valid_metric"": 0.8318128310487419}",
round2_model.node_dropout_0.8,ok,0,"{""training.lr"": 0.003, ""training.weight_decay"": 1e-05, ""training.grad_clip"": 0.5, ""model.embedding_size"": 64, ""model.num_layers"": 1, ""model.dropout"": 0.3, ""model.node_dropout"": 0.8, ""model.nd_weight"": 0.1, ""model.ed_weight"": 1.0, ""model.align_weight"": 0.05, ""model.residual_weight"": 0.002, ""model.gate_hidden_dim"": 32, ""model.epsilon"": 0.1, ""model.lambda_residual"": 0.25, ""model.review_generation_weight"": 0.01}",/home/infolab/mnt/mingyu/review_rec/rating4review/results/ma_rgcl_42_Amazon_Office_Products_14_20260515_084054_177346/test_results.json,0.8759430499883186,,,"{""mse"": 0.7672762268228381, ""rmse"": 0.8759430499883186, ""mae"": 0.6253638390867923, ""num_samples"": 5325, ""eval_clip"": false, ""min_rating"": 1.0, ""max_rating"": 5.0, ""unclipped_prediction_min"": 1.6780041456222534, ""unclipped_prediction_max"": 4.99455451965332, ""clipped_prediction_min"": 1.6780041456222534, ""clipped_prediction_max"": 4.99455451965332, ""label_min"": 1.0, ""label_max"": 5.0, ""rating_mean"": 4.317183017730713, ""rating_std"": 0.9550731778144836, ""rating_distribution"": {""1.0"": 126, ""2.0"": 194, ""3.0"": 514, ""4.0"": 1522, ""5.0"": 2969}, ""pred_mean"": 4.352900472448465, ""pred_std"": 0.4558562240378769, ""pred_min"": 1.6780041456222534, ""pred_max"": 4.99455451965332, ""abs_error_mean"": 0.6253638390867923, ""abs_error_p90"": 1.358327102661133, ""abs_error_p95"": 1.8313982963562017, ""abs_error_p99"": 3.1465365219116412, ""abs_error_max"": 3.9258227348327637, ""mean_gate"": 0.864816427230835, ""std_gate"": 0.08580372482538223, ""min_gate_value"": 0.5426011085510254, ""max_gate_value"": 0.9996466636657715, ""mean_gamma"": 0.13379590213298798, ""mean_edge_misalign_score"": 0.1416894793510437, ""best_valid_metric"": 0.8318137168649308}",
round2_model.nd_weight_0.3,ok,0,"{""training.lr"": 0.003, ""training.weight_decay"": 1e-05, ""training.grad_clip"": 0.5, ""model.embedding_size"": 64, ""model.num_layers"": 1, ""model.dropout"": 0.3, ""model.node_dropout"": 0.5, ""model.nd_weight"": 0.3, ""model.ed_weight"": 1.0, ""model.align_weight"": 0.05, ""model.residual_weight"": 0.002, ""model.gate_hidden_dim"": 32, ""model.epsilon"": 0.1, ""model.lambda_residual"": 0.25, ""model.review_generation_weight"": 0.01}",/home/infolab/mnt/mingyu/review_rec/rating4review/results/ma_rgcl_42_Amazon_Office_Products_14_20260515_084422_503475/test_results.json,0.8764077392163042,,,"{""mse"": 0.7680905253582334, ""rmse"": 0.8764077392163042, ""mae"": 0.6259301557003613, ""num_samples"": 5325, ""eval_clip"": false, ""min_rating"": 1.0, ""max_rating"": 5.0, ""unclipped_prediction_min"": 1.6378402709960938, ""unclipped_prediction_max"": 4.993821620941162, ""clipped_prediction_min"": 1.6378402709960938, ""clipped_prediction_max"": 4.993821620941162, ""label_min"": 1.0, ""label_max"": 5.0, ""rating_mean"": 4.317183017730713, ""rating_std"": 0.9550731778144836, ""rating_distribution"": {""1.0"": 126, ""2.0"": 194, ""3.0"": 514, ""4.0"": 1522, ""5.0"": 2969}, ""pred_mean"": 4.354123921707762, ""pred_std"": 0.45399227954203375, ""pred_min"": 1.6378402709960938, ""pred_max"": 4.993821620941162, ""abs_error_mean"": 0.6259301557003613, ""abs_error_p90"": 1.358305358886719, ""abs_error_p95"": 1.8322887420654315, ""abs_error_p99"": 3.1679800224304406, ""abs_error_max"": 3.922255039215088, ""mean_gate"": 0.8809899091720581, ""std_gate"": 0.07945363968610764, ""min_gate_value"": 0.5373796224594116, ""max_gate_value"": 0.9997085928916931, ""mean_gamma"": 0.1297524869441986, ""mean_edge_misalign_score"": 0.1416894793510437, ""best_valid_metric"": 0.8325950655522589}",
round2_model.nd_weight_0.5,ok,0,"{""training.lr"": 0.003, ""training.weight_decay"": 1e-05, ""training.grad_clip"": 0.5, ""model.embedding_size"": 64, ""model.num_layers"": 1, ""model.dropout"": 0.3, ""model.node_dropout"": 0.5, ""model.nd_weight"": 0.5, ""model.ed_weight"": 1.0, ""model.align_weight"": 0.05, ""model.residual_weight"": 0.002, ""model.gate_hidden_dim"": 32, ""model.epsilon"": 0.1, ""model.lambda_residual"": 0.25, ""model.review_generation_weight"": 0.01}",/home/infolab/mnt/mingyu/review_rec/rating4review/results/ma_rgcl_42_Amazon_Office_Products_14_20260515_084804_274315/test_results.json,0.876898769652023,,,"{""mse"": 0.7689514522172317, ""rmse"": 0.876898769652023, ""mae"": 0.6263660109882624, ""num_samples"": 5325, ""eval_clip"": false, ""min_rating"": 1.0, ""max_rating"": 5.0, ""unclipped_prediction_min"": 1.5825464725494385, ""unclipped_prediction_max"": 4.993308067321777, ""clipped_prediction_min"": 1.5825464725494385, ""clipped_prediction_max"": 4.993308067321777, ""label_min"": 1.0, ""label_max"": 5.0, ""rating_mean"": 4.317183017730713, ""rating_std"": 0.9550731778144836, ""rating_distribution"": {""1.0"": 126, ""2.0"": 194, ""3.0"": 514, ""4.0"": 1522, ""5.0"": 2969}, ""pred_mean"": 4.354890125928351, ""pred_std"": 0.4523861342625343, ""pred_min"": 1.5825464725494385, ""pred_max"": 4.993308067321777, ""abs_error_mean"": 0.6263660109882624, ""abs_error_p90"": 1.3552992820739749, ""abs_error_p95"": 1.8345112800598147, ""abs_error_p99"": 3.168950614929218, ""abs_error_max"": 3.921365737915039, ""mean_gate"": 0.8961901068687439, ""std_gate"": 0.07446961849927902, ""min_gate_value"": 0.5381166934967041, ""max_gate_value"": 0.9997267127037048, ""mean_gamma"": 0.12595249712467194, ""mean_edge_misalign_score"": 0.1416894793510437, ""best_valid_metric"": 0.8334450744769631}",
round2_model.ed_weight_0.3,ok,0,"{""training.lr"": 0.003, ""training.weight_decay"": 1e-05, ""training.grad_clip"": 0.5, ""model.embedding_size"": 64, ""model.num_layers"": 1, ""model.dropout"": 0.3, ""model.node_dropout"": 0.5, ""model.nd_weight"": 0.1, ""model.ed_weight"": 0.3, ""model.align_weight"": 0.05, ""model.residual_weight"": 0.002, ""model.gate_hidden_dim"": 32, ""model.epsilon"": 0.1, ""model.lambda_residual"": 0.25, ""model.review_generation_weight"": 0.01}",/home/infolab/mnt/mingyu/review_rec/rating4review/results/ma_rgcl_42_Amazon_Office_Products_14_20260515_085140_673786/test_results.json,0.8763389953491989,,,"{""mse"": 0.7679700347696432, ""rmse"": 0.8763389953491989, ""mae"": 0.6306894790398683, ""num_samples"": 5325, ""eval_clip"": false, ""min_rating"": 1.0, ""max_rating"": 5.0, ""unclipped_prediction_min"": 1.9165499210357666, ""unclipped_prediction_max"": 4.993196964263916, ""clipped_prediction_min"": 1.9165499210357666, ""clipped_prediction_max"": 4.993196964263916, ""label_min"": 1.0, ""label_max"": 5.0, ""rating_mean"": 4.317183017730713, ""rating_std"": 0.9550731778144836, ""rating_distribution"": {""1.0"": 126, ""2.0"": 194, ""3.0"": 514, ""4.0"": 1522, ""5.0"": 2969}, ""pred_mean"": 4.328391781838287, ""pred_std"": 0.46749795402851224, ""pred_min"": 1.9165499210357666, ""pred_max"": 4.993196964263916, ""abs_error_mean"": 0.6306894790398683, ""abs_error_p90"": 1.372394895553589, ""abs_error_p95"": 1.822410774230958, ""abs_error_p99"": 3.1687490463256975, ""abs_error_max"": 3.919137954711914, ""mean_gate"": 0.8046723008155823, ""std_gate"": 0.08457635343074799, ""min_gate_value"": 0.5182863473892212, ""max_gate_value"": 0.9937043786048889, ""mean_gamma"": 0.14883193373680115, ""mean_edge_misalign_score"": 0.1416894793510437, ""best_valid_metric"": 0.828937097687011}",
round2_model.ed_weight_0.7,ok,0,"{""training.lr"": 0.003, ""training.weight_decay"": 1e-05, ""training.grad_clip"": 0.5, ""model.embedding_size"": 64, ""model.num_layers"": 1, ""model.dropout"": 0.3, ""model.node_dropout"": 0.5, ""model.nd_weight"": 0.1, ""model.ed_weight"": 0.7, ""model.align_weight"": 0.05, ""model.residual_weight"": 0.002, ""model.gate_hidden_dim"": 32, ""model.epsilon"": 0.1, ""model.lambda_residual"": 0.25, ""model.review_generation_weight"": 0.01}",/home/infolab/mnt/mingyu/review_rec/rating4review/results/ma_rgcl_42_Amazon_Office_Products_14_20260515_085319_629599/test_results.json,0.8774617275687584,,,"{""mse"": 0.76993908334795, ""rmse"": 0.8774617275687584, ""mae"": 0.6273498280395364, ""num_samples"": 5325, ""eval_clip"": false, ""min_rating"": 1.0, ""max_rating"": 5.0, ""unclipped_prediction_min"": 1.778445839881897, ""unclipped_prediction_max"": 4.994786739349365, ""clipped_prediction_min"": 1.778445839881897, ""clipped_prediction_max"": 4.994786739349365, ""label_min"": 1.0, ""label_max"": 5.0, ""rating_mean"": 4.317183017730713, ""rating_std"": 0.9550731778144836, ""rating_distribution"": {""1.0"": 126, ""2.0"": 194, ""3.0"": 514, ""4.0"": 1522, ""5.0"": 2969}, ""pred_mean"": 4.342237797096861, ""pred_std"": 0.455614528466541, ""pred_min"": 1.778445839881897, ""pred_max"": 4.994786739349365, ""abs_error_mean"": 0.6273498280395364, ""abs_error_p90"": 1.3696258544921878, ""abs_error_p95"": 1.8386641502380372, ""abs_error_p99"": 3.180570106506352, ""abs_error_max"": 3.921401023864746, ""mean_gate"": 0.8489750623703003, ""std_gate"": 0.08073648065328598, ""min_gate_value"": 0.521919310092926, ""max_gate_value"": 0.9977109432220459, ""mean_gamma"": 0.13775622844696045, ""mean_edge_misalign_score"": 0.1416894793510437, ""best_valid_metric"": 0.8313902544591242}",
round2_model.align_weight_0.01,ok,0,"{""training.lr"": 0.003, ""training.weight_decay"": 1e-05, ""training.grad_clip"": 0.5, ""model.embedding_size"": 64, ""model.num_layers"": 1, ""model.dropout"": 0.3, ""model.node_dropout"": 0.5, ""model.nd_weight"": 0.1, ""model.ed_weight"": 1.0, ""model.align_weight"": 0.01, ""model.residual_weight"": 0.002, ""model.gate_hidden_dim"": 32, ""model.epsilon"": 0.1, ""model.lambda_residual"": 0.25, ""model.review_generation_weight"": 0.01}",/home/infolab/mnt/mingyu/review_rec/rating4review/results/ma_rgcl_42_Amazon_Office_Products_14_20260515_085539_425939/test_results.json,0.8770430907344344,,,"{""mse"": 0.7692045830050094, ""rmse"": 0.8770430907344344, ""mae"": 0.6270287665514879, ""num_samples"": 5325, ""eval_clip"": false, ""min_rating"": 1.0, ""max_rating"": 5.0, ""unclipped_prediction_min"": 1.9152789115905762, ""unclipped_prediction_max"": 4.994134902954102, ""clipped_prediction_min"": 1.9152789115905762, ""clipped_prediction_max"": 4.994134902954102, ""label_min"": 1.0, ""label_max"": 5.0, ""rating_mean"": 4.317183017730713, ""rating_std"": 0.9550731778144836, ""rating_distribution"": {""1.0"": 126, ""2.0"": 194, ""3.0"": 514, ""4.0"": 1522, ""5.0"": 2969}, ""pred_mean"": 4.351111123752147, ""pred_std"": 0.44523902592284537, ""pred_min"": 1.9152789115905762, ""pred_max"": 4.994134902954102, ""abs_error_mean"": 0.6270287665514879, ""abs_error_p90"": 1.3574356079101564, ""abs_error_p95"": 1.834116840362549, ""abs_error_p99"": 3.1436424446105984, ""abs_error_max"": 3.915027618408203, ""mean_gate"": 0.8424866795539856, ""std_gate"": 0.0886525809764862, ""min_gate_value"": 0.5268974304199219, ""max_gate_value"": 0.9989851117134094, ""mean_gamma"": 0.13937832415103912, ""mean_edge_misalign_score"": 0.1416894793510437, ""best_valid_metric"": 0.8339343614764217}",
round2_model.align_weight_0.02,ok,0,"{""training.lr"": 0.003, ""training.weight_decay"": 1e-05, ""training.grad_clip"": 0.5, ""model.embedding_size"": 64, ""model.num_layers"": 1, ""model.dropout"": 0.3, ""model.node_dropout"": 0.5, ""model.nd_weight"": 0.1, ""model.ed_weight"": 1.0, ""model.align_weight"": 0.02, ""model.residual_weight"": 0.002, ""model.gate_hidden_dim"": 32, ""model.epsilon"": 0.1, ""model.lambda_residual"": 0.25, ""model.review_generation_weight"": 0.01}",/home/infolab/mnt/mingyu/review_rec/rating4review/results/ma_rgcl_42_Amazon_Office_Products_14_20260515_085922_056480/test_results.json,0.8770251396088132,,,"{""mse"": 0.7691730955058583, ""rmse"": 0.8770251396088132, ""mae"": 0.6269567388436045, ""num_samples"": 5325, ""eval_clip"": false, ""min_rating"": 1.0, ""max_rating"": 5.0, ""unclipped_prediction_min"": 1.9046242237091064, ""unclipped_prediction_max"": 4.994170188903809, ""clipped_prediction_min"": 1.9046242237091064, ""clipped_prediction_max"": 4.994170188903809, ""label_min"": 1.0, ""label_max"": 5.0, ""rating_mean"": 4.317183017730713, ""rating_std"": 0.9550731778144836, ""rating_distribution"": {""1.0"": 126, ""2.0"": 194, ""3.0"": 514, ""4.0"": 1522, ""5.0"": 2969}, ""pred_mean"": 4.35143832623119, ""pred_std"": 0.4454683919452706, ""pred_min"": 1.9046242237091064, ""pred_max"": 4.994170188903809, ""abs_error_mean"": 0.6269567388436045, ""abs_error_p90"": 1.3567694664001468, ""abs_error_p95"": 1.8382926940917979, ""abs_error_p99"": 3.1419843292236354, ""abs_error_max"": 3.915583610534668, ""mean_gate"": 0.8499432802200317, ""std_gate"": 0.08733469247817993, ""min_gate_value"": 0.5288059115409851, ""max_gate_value"": 0.9990949630737305, ""mean_gamma"": 0.13751418888568878, ""mean_edge_misalign_score"": 0.1416894793510437, ""best_valid_metric"": 0.8339134784946467}",
round2_model.residual_weight_0.0005,ok,0,"{""training.lr"": 0.003, ""training.weight_decay"": 1e-05, ""training.grad_clip"": 0.5, ""model.embedding_size"": 64, ""model.num_layers"": 1, ""model.dropout"": 0.3, ""model.node_dropout"": 0.5, ""model.nd_weight"": 0.1, ""model.ed_weight"": 1.0, ""model.align_weight"": 0.05, ""model.residual_weight"": 0.0005, ""model.gate_hidden_dim"": 32, ""model.epsilon"": 0.1, ""model.lambda_residual"": 0.25, ""model.review_generation_weight"": 0.01}",/home/infolab/mnt/mingyu/review_rec/rating4review/results/ma_rgcl_42_Amazon_Office_Products_14_20260515_090257_830431/test_results.json,0.8758688194760115,,,"{""mse"": 0.767146188930302, ""rmse"": 0.8758688194760115, ""mae"": 0.6252153891352981, ""num_samples"": 5325, ""eval_clip"": false, ""min_rating"": 1.0, ""max_rating"": 5.0, ""unclipped_prediction_min"": 1.6625027656555176, ""unclipped_prediction_max"": 4.994565963745117, ""clipped_prediction_min"": 1.6625027656555176, ""clipped_prediction_max"": 4.994565963745117, ""label_min"": 1.0, ""label_max"": 5.0, ""rating_mean"": 4.317183017730713, ""rating_std"": 0.9550731778144836, ""rating_distribution"": {""1.0"": 126, ""2.0"": 194, ""3.0"": 514, ""4.0"": 1522, ""5.0"": 2969}, ""pred_mean"": 4.3530768435214044, ""pred_std"": 0.456743762474447, ""pred_min"": 1.6625027656555176, ""pred_max"": 4.994565963745117, ""abs_error_mean"": 0.6252153891352981, ""abs_error_p90"": 1.3602077484130861, ""abs_error_p95"": 1.8282249450683599, ""abs_error_p99"": 3.1519189453125196, ""abs_error_max"": 3.926584243774414, ""mean_gate"": 0.8648086190223694, ""std_gate"": 0.08603082597255707, ""min_gate_value"": 0.5428056716918945, ""max_gate_value"": 0.9996633529663086, ""mean_gamma"": 0.13379786908626556, ""mean_edge_misalign_score"": 0.1416894793510437, ""best_valid_metric"": 0.831662801789471}",
round2_model.residual_weight_0.001,ok,0,"{""training.lr"": 0.003, ""training.weight_decay"": 1e-05, ""training.grad_clip"": 0.5, ""model.embedding_size"": 64, ""model.num_layers"": 1, ""model.dropout"": 0.3, ""model.node_dropout"": 0.5, ""model.nd_weight"": 0.1, ""model.ed_weight"": 1.0, ""model.align_weight"": 0.05, ""model.residual_weight"": 0.001, ""model.gate_hidden_dim"": 32, ""model.epsilon"": 0.1, ""model.lambda_residual"": 0.25, ""model.review_generation_weight"": 0.01}",/home/infolab/mnt/mingyu/review_rec/rating4review/results/ma_rgcl_42_Amazon_Office_Products_14_20260515_090633_648550/test_results.json,0.8758631029666633,,,"{""mse"": 0.7671361751383918, ""rmse"": 0.8758631029666633, ""mae"": 0.6251912074917358, ""num_samples"": 5325, ""eval_clip"": false, ""min_rating"": 1.0, ""max_rating"": 5.0, ""unclipped_prediction_min"": 1.6612660884857178, ""unclipped_prediction_max"": 4.994570732116699, ""clipped_prediction_min"": 1.6612660884857178, ""clipped_prediction_max"": 4.994570732116699, ""label_min"": 1.0, ""label_max"": 5.0, ""rating_mean"": 4.317183017730713, ""rating_std"": 0.9550731778144836, ""rating_distribution"": {""1.0"": 126, ""2.0"": 194, ""3.0"": 514, ""4.0"": 1522, ""5.0"": 2969}, ""pred_mean"": 4.353165835617854, ""pred_std"": 0.45677127683176827, ""pred_min"": 1.6612660884857178, ""pred_max"": 4.994570732116699, ""abs_error_mean"": 0.6251912074917358, ""abs_error_p90"": 1.3602717399597168, ""abs_error_p95"": 1.8281366348266608, ""abs_error_p99"": 3.1527089691162304, ""abs_error_max"": 3.9267148971557617, ""mean_gate"": 0.8648113012313843, ""std_gate"": 0.0860532894730568, ""min_gate_value"": 0.5427922606468201, ""max_gate_value"": 0.9996649026870728, ""mean_gamma"": 0.13379716873168945, ""mean_edge_misalign_score"": 0.1416894793510437, ""best_valid_metric"": 0.8316487897880167}",
round2_model.gate_hidden_dim_64,ok,0,"{""training.lr"": 0.003, ""training.weight_decay"": 1e-05, ""training.grad_clip"": 0.5, ""model.embedding_size"": 64, ""model.num_layers"": 1, ""model.dropout"": 0.3, ""model.node_dropout"": 0.5, ""model.nd_weight"": 0.1, ""model.ed_weight"": 1.0, ""model.align_weight"": 0.05, ""model.residual_weight"": 0.002, ""model.gate_hidden_dim"": 64, ""model.epsilon"": 0.1, ""model.lambda_residual"": 0.25, ""model.review_generation_weight"": 0.01}",/home/infolab/mnt/mingyu/review_rec/rating4review/results/ma_rgcl_42_Amazon_Office_Products_14_20260515_091011_585662/test_results.json,0.8779454713530982,,,"{""mse"": 0.7707882506694138, ""rmse"": 0.8779454713530982, ""mae"": 0.6344527181885052, ""num_samples"": 5325, ""eval_clip"": false, ""min_rating"": 1.0, ""max_rating"": 5.0, ""unclipped_prediction_min"": 2.1704580783843994, ""unclipped_prediction_max"": 4.992781639099121, ""clipped_prediction_min"": 2.1704580783843994, ""clipped_prediction_max"": 4.992781639099121, ""label_min"": 1.0, ""label_max"": 5.0, ""rating_mean"": 4.317183017730713, ""rating_std"": 0.9550731778144836, ""rating_distribution"": {""1.0"": 126, ""2.0"": 194, ""3.0"": 514, ""4.0"": 1522, ""5.0"": 2969}, ""pred_mean"": 4.334744291171222, ""pred_std"": 0.4375507960465668, ""pred_min"": 2.1704580783843994, ""pred_max"": 4.992781639099121, ""abs_error_mean"": 0.6344527181885052, ""abs_error_p90"": 1.3337412834167481, ""abs_error_p95"": 1.8352609634399415, ""abs_error_p99"": 3.2016373825073328, ""abs_error_max"": 3.917055130004883, ""mean_gate"": 0.9070554971694946, ""std_gate"": 0.06554020941257477, ""min_gate_value"": 0.5811874270439148, ""max_gate_value"": 0.9994497895240784, ""mean_gamma"": 0.12323611974716187, ""mean_edge_misalign_score"": 0.1416894793510437, ""best_valid_metric"": 0.8342835633110537}",
round2_model.gate_hidden_dim_128,ok,0,"{""training.lr"": 0.003, ""training.weight_decay"": 1e-05, ""training.grad_clip"": 0.5, ""model.embedding_size"": 64, ""model.num_layers"": 1, ""model.dropout"": 0.3, ""model.node_dropout"": 0.5, ""model.nd_weight"": 0.1, ""model.ed_weight"": 1.0, ""model.align_weight"": 0.05, ""model.residual_weight"": 0.002, ""model.gate_hidden_dim"": 128, ""model.epsilon"": 0.1, ""model.lambda_residual"": 0.25, ""model.review_generation_weight"": 0.01}",/home/infolab/mnt/mingyu/review_rec/rating4review/results/ma_rgcl_42_Amazon_Office_Products_14_20260515_091356_501076/test_results.json,0.8865954076607245,,,"{""mse"": 0.7860514168850864, ""rmse"": 0.8865954076607245, ""mae"": 0.6504008315090842, ""num_samples"": 5325, ""eval_clip"": false, ""min_rating"": 1.0, ""max_rating"": 5.0, ""unclipped_prediction_min"": 2.9147305488586426, ""unclipped_prediction_max"": 4.965976715087891, ""clipped_prediction_min"": 2.9147305488586426, ""clipped_prediction_max"": 4.965976715087891, ""label_min"": 1.0, ""label_max"": 5.0, ""rating_mean"": 4.317183017730713, ""rating_std"": 0.9550731778144836, ""rating_distribution"": {""1.0"": 126, ""2.0"": 194, ""3.0"": 514, ""4.0"": 1522, ""5.0"": 2969}, ""pred_mean"": 4.317183237433993, ""pred_std"": 0.38684595242418, ""pred_min"": 2.9147305488586426, ""pred_max"": 4.965976715087891, ""abs_error_mean"": 0.6504008315090842, ""abs_error_p90"": 1.3306403160095217, ""abs_error_p95"": 1.8273958206176761, ""abs_error_p99"": 3.162452621459962, ""abs_error_max"": 3.83388614654541, ""mean_gate"": 0.9146303534507751, ""std_gate"": 0.05464369058609009, ""min_gate_value"": 0.5795599222183228, ""max_gate_value"": 0.9987095594406128, ""mean_gamma"": 0.12134242802858353, ""mean_edge_misalign_score"": 0.1416894793510437, ""best_valid_metric"": 0.847181531337148}",
round2_model.epsilon_0.01,ok,0,"{""training.lr"": 0.003, ""training.weight_decay"": 1e-05, ""training.grad_clip"": 0.5, ""model.embedding_size"": 64, ""model.num_layers"": 1, ""model.dropout"": 0.3, ""model.node_dropout"": 0.5, ""model.nd_weight"": 0.1, ""model.ed_weight"": 1.0, ""model.align_weight"": 0.05, ""model.residual_weight"": 0.002, ""model.gate_hidden_dim"": 32, ""model.epsilon"": 0.01, ""model.lambda_residual"": 0.25, ""model.review_generation_weight"": 0.01}",/home/infolab/mnt/mingyu/review_rec/rating4review/results/ma_rgcl_42_Amazon_Office_Products_14_20260515_091518_159899/test_results.json,0.8864635468127777,,,"{""mse"": 0.7858176198278898, ""rmse"": 0.8864635468127777, ""mae"": 0.6373051413236089, ""num_samples"": 5325, ""eval_clip"": false, ""min_rating"": 1.0, ""max_rating"": 5.0, ""unclipped_prediction_min"": 2.816530227661133, ""unclipped_prediction_max"": 4.9919657707214355, ""clipped_prediction_min"": 2.816530227661133, ""clipped_prediction_max"": 4.9919657707214355, ""label_min"": 1.0, ""label_max"": 5.0, ""rating_mean"": 4.317183017730713, ""rating_std"": 0.9550731778144836, ""rating_distribution"": {""1.0"": 126, ""2.0"": 194, ""3.0"": 514, ""4.0"": 1522, ""5.0"": 2969}, ""pred_mean"": 4.329115898956156, ""pred_std"": 0.4176192086684946, ""pred_min"": 2.816530227661133, ""pred_max"": 4.9919657707214355, ""abs_error_mean"": 0.6373051413236089, ""abs_error_p90"": 1.3057332038879397, ""abs_error_p95"": 1.8778341770172122, ""abs_error_p99"": 3.1785659599304212, ""abs_error_max"": 3.8941850662231445, ""mean_gate"": 0.8144851922988892, ""std_gate"": 0.08411463350057602, ""min_gate_value"": 0.5373971462249756, ""max_gate_value"": 0.9907684922218323, ""mean_gamma"": 0.05637871101498604, ""mean_edge_misalign_score"": 0.1416894793510437, ""best_valid_metric"": 0.8468648242145057}",
round2_model.epsilon_0.05,ok,0,"{""training.lr"": 0.003, ""training.weight_decay"": 1e-05, ""training.grad_clip"": 0.5, ""model.embedding_size"": 64, ""model.num_layers"": 1, ""model.dropout"": 0.3, ""model.node_dropout"": 0.5, ""model.nd_weight"": 0.1, ""model.ed_weight"": 1.0, ""model.align_weight"": 0.05, ""model.residual_weight"": 0.002, ""model.gate_hidden_dim"": 32, ""model.epsilon"": 0.05, ""model.lambda_residual"": 0.25, ""model.review_generation_weight"": 0.01}",/home/infolab/mnt/mingyu/review_rec/rating4review/results/ma_rgcl_42_Amazon_Office_Products_14_20260515_091852_501621/test_results.json,0.8767100460355906,,,"{""mse"": 0.7686205048197272, ""rmse"": 0.8767100460355906, ""mae"": 0.6268226017750484, ""num_samples"": 5325, ""eval_clip"": false, ""min_rating"": 1.0, ""max_rating"": 5.0, ""unclipped_prediction_min"": 1.9046950340270996, ""unclipped_prediction_max"": 4.993941307067871, ""clipped_prediction_min"": 1.9046950340270996, ""clipped_prediction_max"": 4.993941307067871, ""label_min"": 1.0, ""label_max"": 5.0, ""rating_mean"": 4.317183017730713, ""rating_std"": 0.9550731778144836, ""rating_distribution"": {""1.0"": 126, ""2.0"": 194, ""3.0"": 514, ""4.0"": 1522, ""5.0"": 2969}, ""pred_mean"": 4.350824933611731, ""pred_std"": 0.4439605643972086, ""pred_min"": 1.9046950340270996, ""pred_max"": 4.993941307067871, ""abs_error_mean"": 0.6268226017750484, ""abs_error_p90"": 1.342761611938477, ""abs_error_p95"": 1.8341566085815433, ""abs_error_p99"": 3.1463709831237807, ""abs_error_max"": 3.916325569152832, ""mean_gate"": 0.8605655431747437, ""std_gate"": 0.08381091058254242, ""min_gate_value"": 0.5419220924377441, ""max_gate_value"": 0.9991016387939453, ""mean_gamma"": 0.08485862612724304, ""mean_edge_misalign_score"": 0.1416894793510437, ""best_valid_metric"": 0.8336250596965575}",
round2_model.lambda_residual_0.1,ok,0,"{""training.lr"": 0.003, ""training.weight_decay"": 1e-05, ""training.grad_clip"": 0.5, ""model.embedding_size"": 64, ""model.num_layers"": 1, ""model.dropout"": 0.3, ""model.node_dropout"": 0.5, ""model.nd_weight"": 0.1, ""model.ed_weight"": 1.0, ""model.align_weight"": 0.05, ""model.residual_weight"": 0.002, ""model.gate_hidden_dim"": 32, ""model.epsilon"": 0.1, ""model.lambda_residual"": 0.1, ""model.review_generation_weight"": 0.01}",/home/infolab/mnt/mingyu/review_rec/rating4review/results/ma_rgcl_42_Amazon_Office_Products_14_20260515_092236_951167/test_results.json,0.8766590483342716,,,"{""mse"": 0.7685310870263508, ""rmse"": 0.8766590483342716, ""mae"": 0.6267582712934611, ""num_samples"": 5325, ""eval_clip"": false, ""min_rating"": 1.0, ""max_rating"": 5.0, ""unclipped_prediction_min"": 1.8863787651062012, ""unclipped_prediction_max"": 4.99381160736084, ""clipped_prediction_min"": 1.8863787651062012, ""clipped_prediction_max"": 4.99381160736084, ""label_min"": 1.0, ""label_max"": 5.0, ""rating_mean"": 4.317183017730713, ""rating_std"": 0.9550731778144836, ""rating_distribution"": {""1.0"": 126, ""2.0"": 194, ""3.0"": 514, ""4.0"": 1522, ""5.0"": 2969}, ""pred_mean"": 4.350959763280662, ""pred_std"": 0.4445784876171884, ""pred_min"": 1.8863787651062012, ""pred_max"": 4.99381160736084, ""abs_error_mean"": 0.6267582712934611, ""abs_error_p90"": 1.3456125259399414, ""abs_error_p95"": 1.8356597900390625, ""abs_error_p99"": 3.1470860290527396, ""abs_error_max"": 3.916144371032715, ""mean_gate"": 0.8550283312797546, ""std_gate"": 0.0860908031463623, ""min_gate_value"": 0.5450441241264343, ""max_gate_value"": 0.9990918636322021, ""mean_gamma"": 0.11449717730283737, ""mean_edge_misalign_score"": 0.1416894793510437, ""best_valid_metric"": 0.8335719655708967}",
round2_model.lambda_residual_0.5,ok,0,"{""training.lr"": 0.003, ""training.weight_decay"": 1e-05, ""training.grad_clip"": 0.5, ""model.embedding_size"": 64, ""model.num_layers"": 1, ""model.dropout"": 0.3, ""model.node_dropout"": 0.5, ""model.nd_weight"": 0.1, ""model.ed_weight"": 1.0, ""model.align_weight"": 0.05, ""model.residual_weight"": 0.002, ""model.gate_hidden_dim"": 32, ""model.epsilon"": 0.1, ""model.lambda_residual"": 0.5, ""model.review_generation_weight"": 0.01}",/home/infolab/mnt/mingyu/review_rec/rating4review/results/ma_rgcl_42_Amazon_Office_Products_14_20260515_092615_637121/test_results.json,0.8859367553588884,,,"{""mse"": 0.7848839344958349, ""rmse"": 0.8859367553588884, ""mae"": 0.6349190957781294, ""num_samples"": 5325, ""eval_clip"": false, ""min_rating"": 1.0, ""max_rating"": 5.0, ""unclipped_prediction_min"": 2.8103182315826416, ""unclipped_prediction_max"": 4.992879867553711, ""clipped_prediction_min"": 2.8103182315826416, ""clipped_prediction_max"": 4.992879867553711, ""label_min"": 1.0, ""label_max"": 5.0, ""rating_mean"": 4.317183017730713, ""rating_std"": 0.9550731778144836, ""rating_distribution"": {""1.0"": 126, ""2.0"": 194, ""3.0"": 514, ""4.0"": 1522, ""5.0"": 2969}, ""pred_mean"": 4.336795186548725, ""pred_std"": 0.4116286528644156, ""pred_min"": 2.8103182315826416, ""pred_max"": 4.992879867553711, ""abs_error_mean"": 0.6349190957781294, ""abs_error_p90"": 1.3039070129394543, ""abs_error_p95"": 1.8836776733398444, ""abs_error_p99"": 3.2300372886657773, ""abs_error_max"": 3.8967695236206055, ""mean_gate"": 0.828775942325592, ""std_gate"": 0.08022083342075348, ""min_gate_value"": 0.5519515872001648, ""max_gate_value"": 0.9922149777412415, ""mean_gamma"": 0.18561199307441711, ""mean_edge_misalign_score"": 0.1416894793510437, ""best_valid_metric"": 0.8463760737245148}",
round2_model.review_generation_weight_0.05,ok,0,"{""training.lr"": 0.003, ""training.weight_decay"": 1e-05, ""training.grad_clip"": 0.5, ""model.embedding_size"": 64, ""model.num_layers"": 1, ""model.dropout"": 0.3, ""model.node_dropout"": 0.5, ""model.nd_weight"": 0.1, ""model.ed_weight"": 1.0, ""model.align_weight"": 0.05, ""model.residual_weight"": 0.002, ""model.gate_hidden_dim"": 32, ""model.epsilon"": 0.1, ""model.lambda_residual"": 0.25, ""model.review_generation_weight"": 0.05}",/home/infolab/mnt/mingyu/review_rec/rating4review/results/ma_rgcl_42_Amazon_Office_Products_14_20260515_092951_566760/test_results.json,0.8763953366458366,,,"{""mse"": 0.7680687860945693, ""rmse"": 0.8763953366458366, ""mae"": 0.6259671896052472, ""num_samples"": 5325, ""eval_clip"": false, ""min_rating"": 1.0, ""max_rating"": 5.0, ""unclipped_prediction_min"": 1.725351095199585, ""unclipped_prediction_max"": 4.994658470153809, ""clipped_prediction_min"": 1.725351095199585, ""clipped_prediction_max"": 4.994658470153809, ""label_min"": 1.0, ""label_max"": 5.0, ""rating_mean"": 4.317183017730713, ""rating_std"": 0.9550731778144836, ""rating_distribution"": {""1.0"": 126, ""2.0"": 194, ""3.0"": 514, ""4.0"": 1522, ""5.0"": 2969}, ""pred_mean"": 4.3511113993998425, ""pred_std"": 0.4551721605522079, ""pred_min"": 1.725351095199585, ""pred_max"": 4.994658470153809, ""abs_error_mean"": 0.6259671896052472, ""abs_error_p90"": 1.3629541397094738, ""abs_error_p95"": 1.8363715648651127, ""abs_error_p99"": 3.1294836425781436, ""abs_error_max"": 3.9244394302368164, ""mean_gate"": 0.8637596964836121, ""std_gate"": 0.08541752398014069, ""min_gate_value"": 0.543225109577179, ""max_gate_value"": 0.9995712637901306, ""mean_gamma"": 0.1340600699186325, ""mean_edge_misalign_score"": 0.1416894793510437, ""best_valid_metric"": 0.8322308839150833}",
round2_model.review_generation_weight_0.1,ok,0,"{""training.lr"": 0.003, ""training.weight_decay"": 1e-05, ""training.grad_clip"": 0.5, ""model.embedding_size"": 64, ""model.num_layers"": 1, ""model.dropout"": 0.3, ""model.node_dropout"": 0.5, ""model.nd_weight"": 0.1, ""model.ed_weight"": 1.0, ""model.align_weight"": 0.05, ""model.residual_weight"": 0.002, ""model.gate_hidden_dim"": 32, ""model.epsilon"": 0.1, ""model.lambda_residual"": 0.25, ""model.review_generation_weight"": 0.1}",/home/infolab/mnt/mingyu/review_rec/rating4review/results/ma_rgcl_42_Amazon_Office_Products_14_20260515_093333_113151/test_results.json,0.8773764625919702,,,"{""mse"": 0.7697894571103989, ""rmse"": 0.8773764625919702, ""mae"": 0.6272984070621186, ""num_samples"": 5325, ""eval_clip"": false, ""min_rating"": 1.0, ""max_rating"": 5.0, ""unclipped_prediction_min"": 1.842077374458313, ""unclipped_prediction_max"": 4.994715690612793, ""clipped_prediction_min"": 1.842077374458313, ""clipped_prediction_max"": 4.994715690612793, ""label_min"": 1.0, ""label_max"": 5.0, ""rating_mean"": 4.317183017730713, ""rating_std"": 0.9550731778144836, ""rating_distribution"": {""1.0"": 126, ""2.0"": 194, ""3.0"": 514, ""4.0"": 1522, ""5.0"": 2969}, ""pred_mean"": 4.3475316860082565, ""pred_std"": 0.4528549865832242, ""pred_min"": 1.842077374458313, ""pred_max"": 4.994715690612793, ""abs_error_mean"": 0.6272984070621186, ""abs_error_p90"": 1.3659162521362311, ""abs_error_p95"": 1.839733695983887, ""abs_error_p99"": 3.1141268730163585, ""abs_error_max"": 3.9194278717041016, ""mean_gate"": 0.857814610004425, ""std_gate"": 0.08604792505502701, ""min_gate_value"": 0.5406123399734497, ""max_gate_value"": 0.9992695450782776, ""mean_gamma"": 0.13554635643959045, ""mean_edge_misalign_score"": 0.1416894793510437, ""best_valid_metric"": 0.8332836480717363}",
