trial_name,status,returncode,params,result_json,rmse,mse,mae,all_metrics,available_metrics
baseline,ok,0,"{""training.lr"": 0.005, ""training.weight_decay"": 1e-06, ""training.grad_clip"": 1.0, ""model.embedding_size"": 32, ""model.num_layers"": 1, ""model.dropout"": 0.5, ""model.node_dropout"": 0.7, ""model.nd_weight"": 0.3, ""model.ed_weight"": 0.3, ""model.min_gate"": 0.2, ""model.gate_beta0_init"": 3.0, ""model.gate_beta1_init"": 6.0}",/home/infolab/mnt/mingyu/review_rec/rating4review/results/scg_rgcl_42_Amazon_Musical_Instruments_14_20260515_125437_919730/test_results.json,0.9064495361611572,,,"{""mse"": 0.8216507616067771, ""rmse"": 0.9064495361611572, ""mae"": 0.6587228096484209, ""num_samples"": 1026, ""eval_clip"": false, ""min_rating"": 1.0, ""max_rating"": 5.0, ""unclipped_prediction_min"": 3.247929096221924, ""unclipped_prediction_max"": 4.931201934814453, ""clipped_prediction_min"": 3.247929096221924, ""clipped_prediction_max"": 4.931201934814453, ""label_min"": 1.0, ""label_max"": 5.0, ""rating_mean"": 4.482456207275391, ""rating_std"": 0.9219989776611328, ""rating_distribution"": {""1.0"": 27, ""2.0"": 26, ""3.0"": 68, ""4.0"": 209, ""5.0"": 696}, ""pred_mean"": 4.451914942984925, ""pred_std"": 0.27471983890363116, ""pred_min"": 3.247929096221924, ""pred_max"": 4.931201934814453, ""abs_error_mean"": 0.6587228096484209, ""abs_error_p90"": 1.2512145042419434, ""abs_error_p95"": 1.8623098731040955, ""abs_error_p99"": 3.518791079521179, ""abs_error_max"": 3.8060073852539062, ""mean_gate"": 0.9345760345458984, ""std_gate"": 0.04089329391717911, ""min_gate_value"": 0.23826025426387787, ""max_gate_value"": 0.9621180891990662, ""mean_edge_misalign_score"": 0.08451838046312332, ""best_valid_metric"": 0.8824890725865498}",
round1_training.lr_0.003,ok,0,"{""training.lr"": 0.003, ""training.weight_decay"": 1e-06, ""training.grad_clip"": 1.0, ""model.embedding_size"": 32, ""model.num_layers"": 1, ""model.dropout"": 0.5, ""model.node_dropout"": 0.7, ""model.nd_weight"": 0.3, ""model.ed_weight"": 0.3, ""model.min_gate"": 0.2, ""model.gate_beta0_init"": 3.0, ""model.gate_beta1_init"": 6.0}",/home/infolab/mnt/mingyu/review_rec/rating4review/results/scg_rgcl_42_Amazon_Musical_Instruments_14_20260515_125454_922505/test_results.json,0.9207098577717081,,,"{""mse"": 0.847706642197999, ""rmse"": 0.9207098577717081, ""mae"": 0.6925632846750479, ""num_samples"": 1026, ""eval_clip"": false, ""min_rating"": 1.0, ""max_rating"": 5.0, ""unclipped_prediction_min"": 3.7929251194000244, ""unclipped_prediction_max"": 4.858328819274902, ""clipped_prediction_min"": 3.7929251194000244, ""clipped_prediction_max"": 4.858328819274902, ""label_min"": 1.0, ""label_max"": 5.0, ""rating_mean"": 4.482456207275391, ""rating_std"": 0.9219989776611328, ""rating_distribution"": {""1.0"": 27, ""2.0"": 26, ""3.0"": 68, ""4.0"": 209, ""5.0"": 696}, ""pred_mean"": 4.436162557285896, ""pred_std"": 0.20690873230402476, ""pred_min"": 3.7929251194000244, ""pred_max"": 4.858328819274902, ""abs_error_mean"": 0.6925632846750479, ""abs_error_p90"": 1.1645588874816895, ""abs_error_p95"": 2.0552635192871094, ""abs_error_p99"": 3.460864305496216, ""abs_error_max"": 3.8253870010375977, ""mean_gate"": 0.9353565573692322, ""std_gate"": 0.04056660458445549, ""min_gate_value"": 0.2390611171722412, ""max_gate_value"": 0.9625676274299622, ""mean_edge_misalign_score"": 0.08451838046312332, ""best_valid_metric"": 0.8942822466490206}",
round1_training.lr_0.01,ok,0,"{""training.lr"": 0.01, ""training.weight_decay"": 1e-06, ""training.grad_clip"": 1.0, ""model.embedding_size"": 32, ""model.num_layers"": 1, ""model.dropout"": 0.5, ""model.node_dropout"": 0.7, ""model.nd_weight"": 0.3, ""model.ed_weight"": 0.3, ""model.min_gate"": 0.2, ""model.gate_beta0_init"": 3.0, ""model.gate_beta1_init"": 6.0}",/home/infolab/mnt/mingyu/review_rec/rating4review/results/scg_rgcl_42_Amazon_Musical_Instruments_14_20260515_125511_607713/test_results.json,0.9049065510240281,,,"{""mse"": 0.818855866086202, ""rmse"": 0.9049065510240281, ""mae"": 0.6466968440637718, ""num_samples"": 1026, ""eval_clip"": false, ""min_rating"": 1.0, ""max_rating"": 5.0, ""unclipped_prediction_min"": 3.28356671333313, ""unclipped_prediction_max"": 4.927277565002441, ""clipped_prediction_min"": 3.28356671333313, ""clipped_prediction_max"": 4.927277565002441, ""label_min"": 1.0, ""label_max"": 5.0, ""rating_mean"": 4.482456207275391, ""rating_std"": 0.9219989776611328, ""rating_distribution"": {""1.0"": 27, ""2.0"": 26, ""3.0"": 68, ""4.0"": 209, ""5.0"": 696}, ""pred_mean"": 4.482432267819232, ""pred_std"": 0.2643554427088697, ""pred_min"": 3.28356671333313, ""pred_max"": 4.927277565002441, ""abs_error_mean"": 0.6466968440637718, ""abs_error_p90"": 1.2576090097427368, ""abs_error_p95"": 1.898600995540619, ""abs_error_p99"": 3.545718193054199, ""abs_error_max"": 3.75801420211792, ""mean_gate"": 0.9336679577827454, ""std_gate"": 0.041246652603149414, ""min_gate_value"": 0.23746171593666077, ""max_gate_value"": 0.961581826210022, ""mean_edge_misalign_score"": 0.08451838046312332, ""best_valid_metric"": 0.8826459547551847}",
round1_training.lr_0.02,ok,0,"{""training.lr"": 0.02, ""training.weight_decay"": 1e-06, ""training.grad_clip"": 1.0, ""model.embedding_size"": 32, ""model.num_layers"": 1, ""model.dropout"": 0.5, ""model.node_dropout"": 0.7, ""model.nd_weight"": 0.3, ""model.ed_weight"": 0.3, ""model.min_gate"": 0.2, ""model.gate_beta0_init"": 3.0, ""model.gate_beta1_init"": 6.0}",/home/infolab/mnt/mingyu/review_rec/rating4review/results/scg_rgcl_42_Amazon_Musical_Instruments_14_20260515_125527_020774/test_results.json,0.9106146461647971,,,"{""mse"": 0.8292190338098387, ""rmse"": 0.9106146461647971, ""mae"": 0.6384119123046161, ""num_samples"": 1026, ""eval_clip"": false, ""min_rating"": 1.0, ""max_rating"": 5.0, ""unclipped_prediction_min"": 2.5256290435791016, ""unclipped_prediction_max"": 4.915353298187256, ""clipped_prediction_min"": 2.5256290435791016, ""clipped_prediction_max"": 4.915353298187256, ""label_min"": 1.0, ""label_max"": 5.0, ""rating_mean"": 4.482456207275391, ""rating_std"": 0.9219989776611328, ""rating_distribution"": {""1.0"": 27, ""2.0"": 26, ""3.0"": 68, ""4.0"": 209, ""5.0"": 696}, ""pred_mean"": 4.515367421025654, ""pred_std"": 0.2755925444624898, ""pred_min"": 2.5256290435791016, ""pred_max"": 4.915353298187256, ""abs_error_mean"": 0.6384119123046161, ""abs_error_p90"": 1.3635663986206055, ""abs_error_p95"": 2.023008167743683, ""abs_error_p99"": 3.5677711963653564, ""abs_error_max"": 3.7767200469970703, ""mean_gate"": 0.930498480796814, ""std_gate"": 0.04235072433948517, ""min_gate_value"": 0.2352997362613678, ""max_gate_value"": 0.9596454501152039, ""mean_edge_misalign_score"": 0.08451838046312332, ""best_valid_metric"": 0.8755101168599929}",
round1_training.weight_decay_0.0,ok,0,"{""training.lr"": 0.01, ""training.weight_decay"": 0.0, ""training.grad_clip"": 1.0, ""model.embedding_size"": 32, ""model.num_layers"": 1, ""model.dropout"": 0.5, ""model.node_dropout"": 0.7, ""model.nd_weight"": 0.3, ""model.ed_weight"": 0.3, ""model.min_gate"": 0.2, ""model.gate_beta0_init"": 3.0, ""model.gate_beta1_init"": 6.0}",/home/infolab/mnt/mingyu/review_rec/rating4review/results/scg_rgcl_42_Amazon_Musical_Instruments_14_20260515_125543_391394/test_results.json,0.9048887618937644,,,"{""mse"": 0.8188236714016298, ""rmse"": 0.9048887618937644, ""mae"": 0.6462276857963547, ""num_samples"": 1026, ""eval_clip"": false, ""min_rating"": 1.0, ""max_rating"": 5.0, ""unclipped_prediction_min"": 3.282057285308838, ""unclipped_prediction_max"": 4.92791223526001, ""clipped_prediction_min"": 3.282057285308838, ""clipped_prediction_max"": 4.92791223526001, ""label_min"": 1.0, ""label_max"": 5.0, ""rating_mean"": 4.482456207275391, ""rating_std"": 0.9219989776611328, ""rating_distribution"": {""1.0"": 27, ""2.0"": 26, ""3.0"": 68, ""4.0"": 209, ""5.0"": 696}, ""pred_mean"": 4.483300471398798, ""pred_std"": 0.26487459477913655, ""pred_min"": 3.282057285308838, ""pred_max"": 4.92791223526001, ""abs_error_mean"": 0.6462276857963547, ""abs_error_p90"": 1.258495807647705, ""abs_error_p95"": 1.8985236287117004, ""abs_error_p99"": 3.547158122062683, ""abs_error_max"": 3.759788990020752, ""mean_gate"": 0.9335464239120483, ""std_gate"": 0.041435450315475464, ""min_gate_value"": 0.236769437789917, ""max_gate_value"": 0.961584210395813, ""mean_edge_misalign_score"": 0.08451838046312332, ""best_valid_metric"": 0.8827244701525792}",
round1_training.weight_decay_1e-05,ok,0,"{""training.lr"": 0.01, ""training.weight_decay"": 1e-05, ""training.grad_clip"": 1.0, ""model.embedding_size"": 32, ""model.num_layers"": 1, ""model.dropout"": 0.5, ""model.node_dropout"": 0.7, ""model.nd_weight"": 0.3, ""model.ed_weight"": 0.3, ""model.min_gate"": 0.2, ""model.gate_beta0_init"": 3.0, ""model.gate_beta1_init"": 6.0}",/home/infolab/mnt/mingyu/review_rec/rating4review/results/scg_rgcl_42_Amazon_Musical_Instruments_14_20260515_125559_039957/test_results.json,0.9049449773070595,,,"{""mse"": 0.8189254119532743, ""rmse"": 0.9049449773070595, ""mae"": 0.6467043607555635, ""num_samples"": 1026, ""eval_clip"": false, ""min_rating"": 1.0, ""max_rating"": 5.0, ""unclipped_prediction_min"": 3.286684036254883, ""unclipped_prediction_max"": 4.926651954650879, ""clipped_prediction_min"": 3.286684036254883, ""clipped_prediction_max"": 4.926651954650879, ""label_min"": 1.0, ""label_max"": 5.0, ""rating_mean"": 4.482456207275391, ""rating_std"": 0.9219989776611328, ""rating_distribution"": {""1.0"": 27, ""2.0"": 26, ""3.0"": 68, ""4.0"": 209, ""5.0"": 696}, ""pred_mean"": 4.482849160365427, ""pred_std"": 0.26353687643737506, ""pred_min"": 3.286684036254883, ""pred_max"": 4.926651954650879, ""abs_error_mean"": 0.6467043607555635, ""abs_error_p90"": 1.2569657564163208, ""abs_error_p95"": 1.909891128540039, ""abs_error_p99"": 3.549173593521118, ""abs_error_max"": 3.758988857269287, ""mean_gate"": 0.9337000250816345, ""std_gate"": 0.04120037332177162, ""min_gate_value"": 0.23763176798820496, ""max_gate_value"": 0.9615830183029175, ""mean_edge_misalign_score"": 0.08451838046312332, ""best_valid_metric"": 0.88259034804105}",
round1_training.weight_decay_0.0001,ok,0,"{""training.lr"": 0.01, ""training.weight_decay"": 0.0001, ""training.grad_clip"": 1.0, ""model.embedding_size"": 32, ""model.num_layers"": 1, ""model.dropout"": 0.5, ""model.node_dropout"": 0.7, ""model.nd_weight"": 0.3, ""model.ed_weight"": 0.3, ""model.min_gate"": 0.2, ""model.gate_beta0_init"": 3.0, ""model.gate_beta1_init"": 6.0}",/home/infolab/mnt/mingyu/review_rec/rating4review/results/scg_rgcl_42_Amazon_Musical_Instruments_14_20260515_125614_286844/test_results.json,0.9041940226541175,,,"{""mse"": 0.8175668306034348, ""rmse"": 0.9041940226541175, ""mae"": 0.6462722026813797, ""num_samples"": 1026, ""eval_clip"": false, ""min_rating"": 1.0, ""max_rating"": 5.0, ""unclipped_prediction_min"": 3.336487054824829, ""unclipped_prediction_max"": 4.920250415802002, ""clipped_prediction_min"": 3.336487054824829, ""clipped_prediction_max"": 4.920250415802002, ""label_min"": 1.0, ""label_max"": 5.0, ""rating_mean"": 4.482456207275391, ""rating_std"": 0.9219989776611328, ""rating_distribution"": {""1.0"": 27, ""2.0"": 26, ""3.0"": 68, ""4.0"": 209, ""5.0"": 696}, ""pred_mean"": 4.489818839534217, ""pred_std"": 0.25090653023740744, ""pred_min"": 3.336487054824829, ""pred_max"": 4.920250415802002, ""abs_error_mean"": 0.6462722026813797, ""abs_error_p90"": 1.2564771175384521, ""abs_error_p95"": 1.952646553516388, ""abs_error_p99"": 3.552341938018799, ""abs_error_max"": 3.7728357315063477, ""mean_gate"": 0.9340043067932129, ""std_gate"": 0.04075862467288971, ""min_gate_value"": 0.2392965853214264, ""max_gate_value"": 0.961593508720398, ""mean_edge_misalign_score"": 0.08451838046312332, ""best_valid_metric"": 0.8827248293232753}",
round1_training.grad_clip_0.5,ok,0,"{""training.lr"": 0.01, ""training.weight_decay"": 0.0001, ""training.grad_clip"": 0.5, ""model.embedding_size"": 32, ""model.num_layers"": 1, ""model.dropout"": 0.5, ""model.node_dropout"": 0.7, ""model.nd_weight"": 0.3, ""model.ed_weight"": 0.3, ""model.min_gate"": 0.2, ""model.gate_beta0_init"": 3.0, ""model.gate_beta1_init"": 6.0}",/home/infolab/mnt/mingyu/review_rec/rating4review/results/scg_rgcl_42_Amazon_Musical_Instruments_14_20260515_125630_002291/test_results.json,0.9053649406334213,,,"{""mse"": 0.8196856757281584, ""rmse"": 0.9053649406334213, ""mae"": 0.6476683223921421, ""num_samples"": 1026, ""eval_clip"": false, ""min_rating"": 1.0, ""max_rating"": 5.0, ""unclipped_prediction_min"": 3.1562910079956055, ""unclipped_prediction_max"": 4.93392276763916, ""clipped_prediction_min"": 3.1562910079956055, ""clipped_prediction_max"": 4.93392276763916, ""label_min"": 1.0, ""label_max"": 5.0, ""rating_mean"": 4.482456207275391, ""rating_std"": 0.9219989776611328, ""rating_distribution"": {""1.0"": 27, ""2.0"": 26, ""3.0"": 68, ""4.0"": 209, ""5.0"": 696}, ""pred_mean"": 4.4687180270460845, ""pred_std"": 0.2881170437389423, ""pred_min"": 3.1562910079956055, ""pred_max"": 4.93392276763916, ""abs_error_mean"": 0.6476683223921421, ""abs_error_p90"": 1.266366958618164, ""abs_error_p95"": 1.8641138076782227, ""abs_error_p99"": 3.5339629650115967, ""abs_error_max"": 3.751166820526123, ""mean_gate"": 0.9338468909263611, ""std_gate"": 0.04067753255367279, ""min_gate_value"": 0.23977991938591003, ""max_gate_value"": 0.9614256620407104, ""mean_edge_misalign_score"": 0.08451838046312332, ""best_valid_metric"": 0.883777469590306}",
round1_training.grad_clip_2.0,ok,0,"{""training.lr"": 0.01, ""training.weight_decay"": 0.0001, ""training.grad_clip"": 2.0, ""model.embedding_size"": 32, ""model.num_layers"": 1, ""model.dropout"": 0.5, ""model.node_dropout"": 0.7, ""model.nd_weight"": 0.3, ""model.ed_weight"": 0.3, ""model.min_gate"": 0.2, ""model.gate_beta0_init"": 3.0, ""model.gate_beta1_init"": 6.0}",/home/infolab/mnt/mingyu/review_rec/rating4review/results/scg_rgcl_42_Amazon_Musical_Instruments_14_20260515_125646_354643/test_results.json,0.9041940181836611,,,"{""mse"": 0.8175668225191148, ""rmse"": 0.9041940181836611, ""mae"": 0.6462722061670314, ""num_samples"": 1026, ""eval_clip"": false, ""min_rating"": 1.0, ""max_rating"": 5.0, ""unclipped_prediction_min"": 3.336487293243408, ""unclipped_prediction_max"": 4.920250415802002, ""clipped_prediction_min"": 3.336487293243408, ""clipped_prediction_max"": 4.920250415802002, ""label_min"": 1.0, ""label_max"": 5.0, ""rating_mean"": 4.482456207275391, ""rating_std"": 0.9219989776611328, ""rating_distribution"": {""1.0"": 27, ""2.0"": 26, ""3.0"": 68, ""4.0"": 209, ""5.0"": 696}, ""pred_mean"": 4.489818828612508, ""pred_std"": 0.25090652433472016, ""pred_min"": 3.336487293243408, ""pred_max"": 4.920250415802002, ""abs_error_mean"": 0.6462722061670314, ""abs_error_p90"": 1.2564773559570312, ""abs_error_p95"": 1.9526463747024536, ""abs_error_p99"": 3.55234158039093, ""abs_error_max"": 3.7728357315063477, ""mean_gate"": 0.9340043067932129, ""std_gate"": 0.04075862467288971, ""min_gate_value"": 0.2392965853214264, ""max_gate_value"": 0.961593508720398, ""mean_edge_misalign_score"": 0.08451838046312332, ""best_valid_metric"": 0.8827248300020419}",
round1_training.grad_clip_5.0,ok,0,"{""training.lr"": 0.01, ""training.weight_decay"": 0.0001, ""training.grad_clip"": 5.0, ""model.embedding_size"": 32, ""model.num_layers"": 1, ""model.dropout"": 0.5, ""model.node_dropout"": 0.7, ""model.nd_weight"": 0.3, ""model.ed_weight"": 0.3, ""model.min_gate"": 0.2, ""model.gate_beta0_init"": 3.0, ""model.gate_beta1_init"": 6.0}",/home/infolab/mnt/mingyu/review_rec/rating4review/results/scg_rgcl_42_Amazon_Musical_Instruments_14_20260515_125702_339417/test_results.json,0.9041940257023778,,,"{""mse"": 0.8175668361158722, ""rmse"": 0.9041940257023778, ""mae"": 0.6462722031461333, ""num_samples"": 1026, ""eval_clip"": false, ""min_rating"": 1.0, ""max_rating"": 5.0, ""unclipped_prediction_min"": 3.336487293243408, ""unclipped_prediction_max"": 4.920250415802002, ""clipped_prediction_min"": 3.336487293243408, ""clipped_prediction_max"": 4.920250415802002, ""label_min"": 1.0, ""label_max"": 5.0, ""rating_mean"": 4.482456207275391, ""rating_std"": 0.9219989776611328, ""rating_distribution"": {""1.0"": 27, ""2.0"": 26, ""3.0"": 68, ""4.0"": 209, ""5.0"": 696}, ""pred_mean"": 4.489818840463724, ""pred_std"": 0.2509065310725292, ""pred_min"": 3.336487293243408, ""pred_max"": 4.920250415802002, ""abs_error_mean"": 0.6462722031461333, ""abs_error_p90"": 1.2564773559570312, ""abs_error_p95"": 1.9526463747024536, ""abs_error_p99"": 3.55234158039093, ""abs_error_max"": 3.7728357315063477, ""mean_gate"": 0.9340043067932129, ""std_gate"": 0.04075862467288971, ""min_gate_value"": 0.2392965853214264, ""max_gate_value"": 0.961593508720398, ""mean_edge_misalign_score"": 0.08451838046312332, ""best_valid_metric"": 0.882724818702326}",
round1_model.embedding_size_64,ok,0,"{""training.lr"": 0.01, ""training.weight_decay"": 0.0001, ""training.grad_clip"": 2.0, ""model.embedding_size"": 64, ""model.num_layers"": 1, ""model.dropout"": 0.5, ""model.node_dropout"": 0.7, ""model.nd_weight"": 0.3, ""model.ed_weight"": 0.3, ""model.min_gate"": 0.2, ""model.gate_beta0_init"": 3.0, ""model.gate_beta1_init"": 6.0}",/home/infolab/mnt/mingyu/review_rec/rating4review/results/scg_rgcl_42_Amazon_Musical_Instruments_14_20260515_125718_421972/test_results.json,0.9051756918274841,,,"{""mse"": 0.8193430330753646, ""rmse"": 0.9051756918274841, ""mae"": 0.6535396854779874, ""num_samples"": 1026, ""eval_clip"": false, ""min_rating"": 1.0, ""max_rating"": 5.0, ""unclipped_prediction_min"": 3.08087158203125, ""unclipped_prediction_max"": 4.880285263061523, ""clipped_prediction_min"": 3.08087158203125, ""clipped_prediction_max"": 4.880285263061523, ""label_min"": 1.0, ""label_max"": 5.0, ""rating_mean"": 4.482456207275391, ""rating_std"": 0.9219989776611328, ""rating_distribution"": {""1.0"": 27, ""2.0"": 26, ""3.0"": 68, ""4.0"": 209, ""5.0"": 696}, ""pred_mean"": 4.474939387211791, ""pred_std"": 0.2485327634309085, ""pred_min"": 3.08087158203125, ""pred_max"": 4.880285263061523, ""abs_error_mean"": 0.6535396854779874, ""abs_error_p90"": 1.2491264343261719, ""abs_error_p95"": 1.9296414256095886, ""abs_error_p99"": 3.5467913150787354, ""abs_error_max"": 3.708927631378174, ""mean_gate"": 0.933687150478363, ""std_gate"": 0.04073382541537285, ""min_gate_value"": 0.2396567165851593, ""max_gate_value"": 0.9613280296325684, ""mean_edge_misalign_score"": 0.08451838046312332, ""best_valid_metric"": 0.8725073018496655}",
round1_model.embedding_size_128,ok,0,"{""training.lr"": 0.01, ""training.weight_decay"": 0.0001, ""training.grad_clip"": 2.0, ""model.embedding_size"": 128, ""model.num_layers"": 1, ""model.dropout"": 0.5, ""model.node_dropout"": 0.7, ""model.nd_weight"": 0.3, ""model.ed_weight"": 0.3, ""model.min_gate"": 0.2, ""model.gate_beta0_init"": 3.0, ""model.gate_beta1_init"": 6.0}",/home/infolab/mnt/mingyu/review_rec/rating4review/results/scg_rgcl_42_Amazon_Musical_Instruments_14_20260515_125734_511205/test_results.json,0.9103011284690002,,,"{""mse"": 0.8286481444919354, ""rmse"": 0.9103011284690002, ""mae"": 0.638350754221048, ""num_samples"": 1026, ""eval_clip"": false, ""min_rating"": 1.0, ""max_rating"": 5.0, ""unclipped_prediction_min"": 2.7897708415985107, ""unclipped_prediction_max"": 4.935683727264404, ""clipped_prediction_min"": 2.7897708415985107, ""clipped_prediction_max"": 4.935683727264404, ""label_min"": 1.0, ""label_max"": 5.0, ""rating_mean"": 4.482456207275391, ""rating_std"": 0.9219989776611328, ""rating_distribution"": {""1.0"": 27, ""2.0"": 26, ""3.0"": 68, ""4.0"": 209, ""5.0"": 696}, ""pred_mean"": 4.486320878794784, ""pred_std"": 0.31854159951246264, ""pred_min"": 2.7897708415985107, ""pred_max"": 4.935683727264404, ""abs_error_mean"": 0.638350754221048, ""abs_error_p90"": 1.3427834510803223, ""abs_error_p95"": 1.9271804094314575, ""abs_error_p99"": 3.60211443901062, ""abs_error_max"": 3.7976136207580566, ""mean_gate"": 0.9343170523643494, ""std_gate"": 0.040833957493305206, ""min_gate_value"": 0.23872052133083344, ""max_gate_value"": 0.9618815183639526, ""mean_edge_misalign_score"": 0.08451838046312332, ""best_valid_metric"": 0.8730078969743533}",
round1_model.num_layers_2,ok,0,"{""training.lr"": 0.01, ""training.weight_decay"": 0.0001, ""training.grad_clip"": 2.0, ""model.embedding_size"": 32, ""model.num_layers"": 2, ""model.dropout"": 0.5, ""model.node_dropout"": 0.7, ""model.nd_weight"": 0.3, ""model.ed_weight"": 0.3, ""model.min_gate"": 0.2, ""model.gate_beta0_init"": 3.0, ""model.gate_beta1_init"": 6.0}",/home/infolab/mnt/mingyu/review_rec/rating4review/results/scg_rgcl_42_Amazon_Musical_Instruments_14_20260515_125754_361212/test_results.json,0.9049549426985913,,,"{""mse"": 0.8189434483146107, ""rmse"": 0.9049549426985913, ""mae"": 0.6361500856704414, ""num_samples"": 1026, ""eval_clip"": false, ""min_rating"": 1.0, ""max_rating"": 5.0, ""unclipped_prediction_min"": 2.9290456771850586, ""unclipped_prediction_max"": 4.968570232391357, ""clipped_prediction_min"": 2.9290456771850586, ""clipped_prediction_max"": 4.968570232391357, ""label_min"": 1.0, ""label_max"": 5.0, ""rating_mean"": 4.482456207275391, ""rating_std"": 0.9219989776611328, ""rating_distribution"": {""1.0"": 27, ""2.0"": 26, ""3.0"": 68, ""4.0"": 209, ""5.0"": 696}, ""pred_mean"": 4.471950892351757, ""pred_std"": 0.32323820645396906, ""pred_min"": 2.9290456771850586, ""pred_max"": 4.968570232391357, ""abs_error_mean"": 0.6361500856704414, ""abs_error_p90"": 1.2819867134094238, ""abs_error_p95"": 1.8985480070114136, ""abs_error_p99"": 3.5894278287887573, ""abs_error_max"": 3.8033580780029297, ""mean_gate"": 0.9363219141960144, ""std_gate"": 0.03940778225660324, ""min_gate_value"": 0.24365252256393433, ""max_gate_value"": 0.9627341032028198, ""mean_edge_misalign_score"": 0.08451838046312332, ""best_valid_metric"": 0.8740181499978695}",
round1_model.dropout_0.3,ok,0,"{""training.lr"": 0.01, ""training.weight_decay"": 0.0001, ""training.grad_clip"": 2.0, ""model.embedding_size"": 32, ""model.num_layers"": 1, ""model.dropout"": 0.3, ""model.node_dropout"": 0.7, ""model.nd_weight"": 0.3, ""model.ed_weight"": 0.3, ""model.min_gate"": 0.2, ""model.gate_beta0_init"": 3.0, ""model.gate_beta1_init"": 6.0}",/home/infolab/mnt/mingyu/review_rec/rating4review/results/scg_rgcl_42_Amazon_Musical_Instruments_14_20260515_125819_192980/test_results.json,0.905729236035701,,,"{""mse"": 0.8203454490098147, ""rmse"": 0.905729236035701, ""mae"": 0.6442838149693509, ""num_samples"": 1026, ""eval_clip"": false, ""min_rating"": 1.0, ""max_rating"": 5.0, ""unclipped_prediction_min"": 3.296370267868042, ""unclipped_prediction_max"": 4.94378137588501, ""clipped_prediction_min"": 3.296370267868042, ""clipped_prediction_max"": 4.94378137588501, ""label_min"": 1.0, ""label_max"": 5.0, ""rating_mean"": 4.482456207275391, ""rating_std"": 0.9219989776611328, ""rating_distribution"": {""1.0"": 27, ""2.0"": 26, ""3.0"": 68, ""4.0"": 209, ""5.0"": 696}, ""pred_mean"": 4.488229396747567, ""pred_std"": 0.274773929777939, ""pred_min"": 3.296370267868042, ""pred_max"": 4.94378137588501, ""abs_error_mean"": 0.6442838149693509, ""abs_error_p90"": 1.254756212234497, ""abs_error_p95"": 1.881273865699768, ""abs_error_p99"": 3.5530812740325928, ""abs_error_max"": 3.807988166809082, ""mean_gate"": 0.9342353940010071, ""std_gate"": 0.04069862514734268, ""min_gate_value"": 0.23937776684761047, ""max_gate_value"": 0.9617458581924438, ""mean_edge_misalign_score"": 0.08451838046312332, ""best_valid_metric"": 0.8851210913415244}",
round1_model.dropout_0.7,ok,0,"{""training.lr"": 0.01, ""training.weight_decay"": 0.0001, ""training.grad_clip"": 2.0, ""model.embedding_size"": 32, ""model.num_layers"": 1, ""model.dropout"": 0.7, ""model.node_dropout"": 0.7, ""model.nd_weight"": 0.3, ""model.ed_weight"": 0.3, ""model.min_gate"": 0.2, ""model.gate_beta0_init"": 3.0, ""model.gate_beta1_init"": 6.0}",/home/infolab/mnt/mingyu/review_rec/rating4review/results/scg_rgcl_42_Amazon_Musical_Instruments_14_20260515_125834_839414/test_results.json,0.8993019776197294,,,"{""mse"": 0.8087440469507563, ""rmse"": 0.8993019776197294, ""mae"": 0.6490059363679347, ""num_samples"": 1026, ""eval_clip"": false, ""min_rating"": 1.0, ""max_rating"": 5.0, ""unclipped_prediction_min"": 3.3707261085510254, ""unclipped_prediction_max"": 4.893491744995117, ""clipped_prediction_min"": 3.3707261085510254, ""clipped_prediction_max"": 4.893491744995117, ""label_min"": 1.0, ""label_max"": 5.0, ""rating_mean"": 4.482456207275391, ""rating_std"": 0.9219989776611328, ""rating_distribution"": {""1.0"": 27, ""2.0"": 26, ""3.0"": 68, ""4.0"": 209, ""5.0"": 696}, ""pred_mean"": 4.484636044176931, ""pred_std"": 0.21537024249388273, ""pred_min"": 3.3707261085510254, ""pred_max"": 4.893491744995117, ""abs_error_mean"": 0.6490059363679347, ""abs_error_p90"": 1.264540433883667, ""abs_error_p95"": 2.018485963344574, ""abs_error_p99"": 3.546255588531494, ""abs_error_max"": 3.6975040435791016, ""mean_gate"": 0.9342315793037415, ""std_gate"": 0.040146443992853165, ""min_gate_value"": 0.24189125001430511, ""max_gate_value"": 0.9614530801773071, ""mean_edge_misalign_score"": 0.08451838046312332, ""best_valid_metric"": 0.8754256000425059}",
round1_model.node_dropout_0.5,ok,0,"{""training.lr"": 0.01, ""training.weight_decay"": 0.0001, ""training.grad_clip"": 2.0, ""model.embedding_size"": 32, ""model.num_layers"": 1, ""model.dropout"": 0.7, ""model.node_dropout"": 0.5, ""model.nd_weight"": 0.3, ""model.ed_weight"": 0.3, ""model.min_gate"": 0.2, ""model.gate_beta0_init"": 3.0, ""model.gate_beta1_init"": 6.0}",/home/infolab/mnt/mingyu/review_rec/rating4review/results/scg_rgcl_42_Amazon_Musical_Instruments_14_20260515_125854_366666/test_results.json,0.8993019960934074,,,"{""mse"": 0.8087440801775869, ""rmse"": 0.8993019960934074, ""mae"": 0.6490059517048024, ""num_samples"": 1026, ""eval_clip"": false, ""min_rating"": 1.0, ""max_rating"": 5.0, ""unclipped_prediction_min"": 3.3707261085510254, ""unclipped_prediction_max"": 4.893491744995117, ""clipped_prediction_min"": 3.3707261085510254, ""clipped_prediction_max"": 4.893491744995117, ""label_min"": 1.0, ""label_max"": 5.0, ""rating_mean"": 4.482456207275391, ""rating_std"": 0.9219989776611328, ""rating_distribution"": {""1.0"": 27, ""2.0"": 26, ""3.0"": 68, ""4.0"": 209, ""5.0"": 696}, ""pred_mean"": 4.484636052077741, ""pred_std"": 0.21537023711612338, ""pred_min"": 3.3707261085510254, ""pred_max"": 4.893491744995117, ""abs_error_mean"": 0.6490059517048024, ""abs_error_p90"": 1.264540433883667, ""abs_error_p95"": 2.0184856057167053, ""abs_error_p99"": 3.546255588531494, ""abs_error_max"": 3.6975035667419434, ""mean_gate"": 0.9342315793037415, ""std_gate"": 0.040146443992853165, ""min_gate_value"": 0.24189125001430511, ""max_gate_value"": 0.9614530801773071, ""mean_edge_misalign_score"": 0.08451838046312332, ""best_valid_metric"": 0.8754255992108783}",
round1_model.node_dropout_0.8,ok,0,"{""training.lr"": 0.01, ""training.weight_decay"": 0.0001, ""training.grad_clip"": 2.0, ""model.embedding_size"": 32, ""model.num_layers"": 1, ""model.dropout"": 0.7, ""model.node_dropout"": 0.8, ""model.nd_weight"": 0.3, ""model.ed_weight"": 0.3, ""model.min_gate"": 0.2, ""model.gate_beta0_init"": 3.0, ""model.gate_beta1_init"": 6.0}",/home/infolab/mnt/mingyu/review_rec/rating4review/results/scg_rgcl_42_Amazon_Musical_Instruments_14_20260515_125914_545387/test_results.json,0.8993019970462007,,,"{""mse"": 0.8087440818912849, ""rmse"": 0.8993019970462007, ""mae"": 0.6490059554228309, ""num_samples"": 1026, ""eval_clip"": false, ""min_rating"": 1.0, ""max_rating"": 5.0, ""unclipped_prediction_min"": 3.3707258701324463, ""unclipped_prediction_max"": 4.893492221832275, ""clipped_prediction_min"": 3.3707258701324463, ""clipped_prediction_max"": 4.893492221832275, ""label_min"": 1.0, ""label_max"": 5.0, ""rating_mean"": 4.482456207275391, ""rating_std"": 0.9219989776611328, ""rating_distribution"": {""1.0"": 27, ""2.0"": 26, ""3.0"": 68, ""4.0"": 209, ""5.0"": 696}, ""pred_mean"": 4.484636053472002, ""pred_std"": 0.2153702368782224, ""pred_min"": 3.3707258701324463, ""pred_max"": 4.893492221832275, ""abs_error_mean"": 0.6490059554228309, ""abs_error_p90"": 1.2645409107208252, ""abs_error_p95"": 2.018485188484192, ""abs_error_p99"": 3.5462557077407837, ""abs_error_max"": 3.6975035667419434, ""mean_gate"": 0.9342315793037415, ""std_gate"": 0.040146443992853165, ""min_gate_value"": 0.24189125001430511, ""max_gate_value"": 0.9614530801773071, ""mean_edge_misalign_score"": 0.08451838046312332, ""best_valid_metric"": 0.8754256052808965}",
round1_model.nd_weight_0.1,ok,0,"{""training.lr"": 0.01, ""training.weight_decay"": 0.0001, ""training.grad_clip"": 2.0, ""model.embedding_size"": 32, ""model.num_layers"": 1, ""model.dropout"": 0.7, ""model.node_dropout"": 0.7, ""model.nd_weight"": 0.1, ""model.ed_weight"": 0.3, ""model.min_gate"": 0.2, ""model.gate_beta0_init"": 3.0, ""model.gate_beta1_init"": 6.0}",/home/infolab/mnt/mingyu/review_rec/rating4review/results/scg_rgcl_42_Amazon_Musical_Instruments_14_20260515_125934_821741/test_results.json,0.8992621065525068,,,"{""mse"": 0.8086723362812522, ""rmse"": 0.8992621065525068, ""mae"": 0.6495320213700828, ""num_samples"": 1026, ""eval_clip"": false, ""min_rating"": 1.0, ""max_rating"": 5.0, ""unclipped_prediction_min"": 3.391700267791748, ""unclipped_prediction_max"": 4.894338130950928, ""clipped_prediction_min"": 3.391700267791748, ""clipped_prediction_max"": 4.894338130950928, ""label_min"": 1.0, ""label_max"": 5.0, ""rating_mean"": 4.482456207275391, ""rating_std"": 0.9219989776611328, ""rating_distribution"": {""1.0"": 27, ""2.0"": 26, ""3.0"": 68, ""4.0"": 209, ""5.0"": 696}, ""pred_mean"": 4.484032160357425, ""pred_std"": 0.2136873790291329, ""pred_min"": 3.391700267791748, ""pred_max"": 4.894338130950928, ""abs_error_mean"": 0.6495320213700828, ""abs_error_p90"": 1.2646441459655762, ""abs_error_p95"": 2.027599573135376, ""abs_error_p99"": 3.544921636581421, ""abs_error_max"": 3.6955924034118652, ""mean_gate"": 0.9342187643051147, ""std_gate"": 0.04014773294329643, ""min_gate_value"": 0.24189579486846924, ""max_gate_value"": 0.9614436030387878, ""mean_edge_misalign_score"": 0.08451838046312332, ""best_valid_metric"": 0.8754968274100178}",
round1_model.nd_weight_0.5,ok,0,"{""training.lr"": 0.01, ""training.weight_decay"": 0.0001, ""training.grad_clip"": 2.0, ""model.embedding_size"": 32, ""model.num_layers"": 1, ""model.dropout"": 0.7, ""model.node_dropout"": 0.7, ""model.nd_weight"": 0.5, ""model.ed_weight"": 0.3, ""model.min_gate"": 0.2, ""model.gate_beta0_init"": 3.0, ""model.gate_beta1_init"": 6.0}",/home/infolab/mnt/mingyu/review_rec/rating4review/results/scg_rgcl_42_Amazon_Musical_Instruments_14_20260515_125954_606904/test_results.json,0.8994146136870301,,,"{""mse"": 0.8089466473137897, ""rmse"": 0.8994146136870301, ""mae"": 0.6485579471606725, ""num_samples"": 1026, ""eval_clip"": false, ""min_rating"": 1.0, ""max_rating"": 5.0, ""unclipped_prediction_min"": 3.3459715843200684, ""unclipped_prediction_max"": 4.891991138458252, ""clipped_prediction_min"": 3.3459715843200684, ""clipped_prediction_max"": 4.891991138458252, ""label_min"": 1.0, ""label_max"": 5.0, ""rating_mean"": 4.482456207275391, ""rating_std"": 0.9219989776611328, ""rating_distribution"": {""1.0"": 27, ""2.0"": 26, ""3.0"": 68, ""4.0"": 209, ""5.0"": 696}, ""pred_mean"": 4.4852208614814115, ""pred_std"": 0.2171397954349372, ""pred_min"": 3.3459715843200684, ""pred_max"": 4.891991138458252, ""abs_error_mean"": 0.6485579471606725, ""abs_error_p90"": 1.2653112411499023, ""abs_error_p95"": 2.0093644857406616, ""abs_error_p99"": 3.547844409942627, ""abs_error_max"": 3.6986465454101562, ""mean_gate"": 0.9342425465583801, ""std_gate"": 0.040145937353372574, ""min_gate_value"": 0.2418844997882843, ""max_gate_value"": 0.9614616632461548, ""mean_edge_misalign_score"": 0.08451838046312332, ""best_valid_metric"": 0.8753531378475572}",
round1_model.ed_weight_0.7,ok,0,"{""training.lr"": 0.01, ""training.weight_decay"": 0.0001, ""training.grad_clip"": 2.0, ""model.embedding_size"": 32, ""model.num_layers"": 1, ""model.dropout"": 0.7, ""model.node_dropout"": 0.7, ""model.nd_weight"": 0.1, ""model.ed_weight"": 0.7, ""model.min_gate"": 0.2, ""model.gate_beta0_init"": 3.0, ""model.gate_beta1_init"": 6.0}",/home/infolab/mnt/mingyu/review_rec/rating4review/results/scg_rgcl_42_Amazon_Musical_Instruments_14_20260515_130014_465062/test_results.json,0.8990285342639881,,,"{""mse"": 0.8082523054208548, ""rmse"": 0.8990285342639881, ""mae"": 0.6502743664308366, ""num_samples"": 1026, ""eval_clip"": false, ""min_rating"": 1.0, ""max_rating"": 5.0, ""unclipped_prediction_min"": 3.3864336013793945, ""unclipped_prediction_max"": 4.872457504272461, ""clipped_prediction_min"": 3.3864336013793945, ""clipped_prediction_max"": 4.872457504272461, ""label_min"": 1.0, ""label_max"": 5.0, ""rating_mean"": 4.482456207275391, ""rating_std"": 0.9219989776611328, ""rating_distribution"": {""1.0"": 27, ""2.0"": 26, ""3.0"": 68, ""4.0"": 209, ""5.0"": 696}, ""pred_mean"": 4.485146058697914, ""pred_std"": 0.2094680645498819, ""pred_min"": 3.3864336013793945, ""pred_max"": 4.872457504272461, ""abs_error_mean"": 0.6502743664308366, ""abs_error_p90"": 1.2786622047424316, ""abs_error_p95"": 2.0046432614326477, ""abs_error_p99"": 3.5330209732055664, ""abs_error_max"": 3.6723008155822754, ""mean_gate"": 0.9341469407081604, ""std_gate"": 0.04016553983092308, ""min_gate_value"": 0.2418719083070755, ""max_gate_value"": 0.9613954424858093, ""mean_edge_misalign_score"": 0.08451838046312332, ""best_valid_metric"": 0.8757231514152463}",
round1_model.ed_weight_1.0,ok,0,"{""training.lr"": 0.01, ""training.weight_decay"": 0.0001, ""training.grad_clip"": 2.0, ""model.embedding_size"": 32, ""model.num_layers"": 1, ""model.dropout"": 0.7, ""model.node_dropout"": 0.7, ""model.nd_weight"": 0.1, ""model.ed_weight"": 1.0, ""model.min_gate"": 0.2, ""model.gate_beta0_init"": 3.0, ""model.gate_beta1_init"": 6.0}",/home/infolab/mnt/mingyu/review_rec/rating4review/results/scg_rgcl_42_Amazon_Musical_Instruments_14_20260515_130032_671409/test_results.json,0.899336908047674,,,"{""mse"": 0.8088068741767505, ""rmse"": 0.899336908047674, ""mae"": 0.6537335674200374, ""num_samples"": 1026, ""eval_clip"": false, ""min_rating"": 1.0, ""max_rating"": 5.0, ""unclipped_prediction_min"": 3.462637186050415, ""unclipped_prediction_max"": 4.8579840660095215, ""clipped_prediction_min"": 3.462637186050415, ""clipped_prediction_max"": 4.8579840660095215, ""label_min"": 1.0, ""label_max"": 5.0, ""rating_mean"": 4.482456207275391, ""rating_std"": 0.9219989776611328, ""rating_distribution"": {""1.0"": 27, ""2.0"": 26, ""3.0"": 68, ""4.0"": 209, ""5.0"": 696}, ""pred_mean"": 4.4810867242181045, ""pred_std"": 0.20185718033742786, ""pred_min"": 3.462637186050415, ""pred_max"": 4.8579840660095215, ""abs_error_mean"": 0.6537335674200374, ""abs_error_p90"": 1.2534050941467285, ""abs_error_p95"": 2.040473222732544, ""abs_error_p99"": 3.5310078859329224, ""abs_error_max"": 3.6782827377319336, ""mean_gate"": 0.9345799684524536, ""std_gate"": 0.04004228115081787, ""min_gate_value"": 0.2420908510684967, ""max_gate_value"": 0.9616764187812805, ""mean_edge_misalign_score"": 0.08451838046312332, ""best_valid_metric"": 0.876187110665324}",
round1_model.min_gate_0.05,ok,0,"{""training.lr"": 0.01, ""training.weight_decay"": 0.0001, ""training.grad_clip"": 2.0, ""model.embedding_size"": 32, ""model.num_layers"": 1, ""model.dropout"": 0.7, ""model.node_dropout"": 0.7, ""model.nd_weight"": 0.1, ""model.ed_weight"": 0.7, ""model.min_gate"": 0.05, ""model.gate_beta0_init"": 3.0, ""model.gate_beta1_init"": 6.0}",/home/infolab/mnt/mingyu/review_rec/rating4review/results/scg_rgcl_42_Amazon_Musical_Instruments_14_20260515_130118_019983/test_results.json,0.8989771901408008,,,"{""mse"": 0.8081599883934495, ""rmse"": 0.8989771901408008, ""mae"": 0.6504089493035805, ""num_samples"": 1026, ""eval_clip"": false, ""min_rating"": 1.0, ""max_rating"": 5.0, ""unclipped_prediction_min"": 3.392453670501709, ""unclipped_prediction_max"": 4.872681617736816, ""clipped_prediction_min"": 3.392453670501709, ""clipped_prediction_max"": 4.872681617736816, ""label_min"": 1.0, ""label_max"": 5.0, ""rating_mean"": 4.482456207275391, ""rating_std"": 0.9219989776611328, ""rating_distribution"": {""1.0"": 27, ""2.0"": 26, ""3.0"": 68, ""4.0"": 209, ""5.0"": 696}, ""pred_mean"": 4.48433312198572, ""pred_std"": 0.20911712671187097, ""pred_min"": 3.392453670501709, ""pred_max"": 4.872681617736816, ""abs_error_mean"": 0.6504089493035805, ""abs_error_p90"": 1.2783126831054688, ""abs_error_p95"": 2.00128036737442, ""abs_error_p99"": 3.5316152572631836, ""abs_error_max"": 3.673062801361084, ""mean_gate"": 0.9219121932983398, ""std_gate"": 0.04773946851491928, ""min_gate_value"": 0.09942975640296936, ""max_gate_value"": 0.9542697668075562, ""mean_edge_misalign_score"": 0.08451838046312332, ""best_valid_metric"": 0.8758040802552484}",
round1_model.min_gate_0.1,ok,0,"{""training.lr"": 0.01, ""training.weight_decay"": 0.0001, ""training.grad_clip"": 2.0, ""model.embedding_size"": 32, ""model.num_layers"": 1, ""model.dropout"": 0.7, ""model.node_dropout"": 0.7, ""model.nd_weight"": 0.1, ""model.ed_weight"": 0.7, ""model.min_gate"": 0.1, ""model.gate_beta0_init"": 3.0, ""model.gate_beta1_init"": 6.0}",/home/infolab/mnt/mingyu/review_rec/rating4review/results/scg_rgcl_42_Amazon_Musical_Instruments_14_20260515_130136_553216/test_results.json,0.8989092618432927,,,"{""mse"": 0.8080378610276533, ""rmse"": 0.8989092618432927, ""mae"": 0.6503067655637715, ""num_samples"": 1026, ""eval_clip"": false, ""min_rating"": 1.0, ""max_rating"": 5.0, ""unclipped_prediction_min"": 3.394904851913452, ""unclipped_prediction_max"": 4.87250280380249, ""clipped_prediction_min"": 3.394904851913452, ""clipped_prediction_max"": 4.87250280380249, ""label_min"": 1.0, ""label_max"": 5.0, ""rating_mean"": 4.482456207275391, ""rating_std"": 0.9219989776611328, ""rating_distribution"": {""1.0"": 27, ""2.0"": 26, ""3.0"": 68, ""4.0"": 209, ""5.0"": 696}, ""pred_mean"": 4.484538326718886, ""pred_std"": 0.2091924744669545, ""pred_min"": 3.394904851913452, ""pred_max"": 4.87250280380249, ""abs_error_mean"": 0.6503067655637715, ""abs_error_p90"": 1.277899980545044, ""abs_error_p95"": 2.0015416145324707, ""abs_error_p99"": 3.5314106941223145, ""abs_error_max"": 3.672231674194336, ""mean_gate"": 0.9259964227676392, ""std_gate"": 0.045209310948848724, ""min_gate_value"": 0.14693105220794678, ""max_gate_value"": 0.9566469788551331, ""mean_edge_misalign_score"": 0.08451838046312332, ""best_valid_metric"": 0.8757748972780138}",
round1_model.min_gate_0.15,ok,0,"{""training.lr"": 0.01, ""training.weight_decay"": 0.0001, ""training.grad_clip"": 2.0, ""model.embedding_size"": 32, ""model.num_layers"": 1, ""model.dropout"": 0.7, ""model.node_dropout"": 0.7, ""model.nd_weight"": 0.1, ""model.ed_weight"": 0.7, ""model.min_gate"": 0.15, ""model.gate_beta0_init"": 3.0, ""model.gate_beta1_init"": 6.0}",/home/infolab/mnt/mingyu/review_rec/rating4review/results/scg_rgcl_42_Amazon_Musical_Instruments_14_20260515_130154_656487/test_results.json,0.8988449791825267,,,"{""mse"": 0.8079222966016368, ""rmse"": 0.8988449791825267, ""mae"": 0.6502213136494508, ""num_samples"": 1026, ""eval_clip"": false, ""min_rating"": 1.0, ""max_rating"": 5.0, ""unclipped_prediction_min"": 3.3973934650421143, ""unclipped_prediction_max"": 4.872354507446289, ""clipped_prediction_min"": 3.3973934650421143, ""clipped_prediction_max"": 4.872354507446289, ""label_min"": 1.0, ""label_max"": 5.0, ""rating_mean"": 4.482456207275391, ""rating_std"": 0.9219989776611328, ""rating_distribution"": {""1.0"": 27, ""2.0"": 26, ""3.0"": 68, ""4.0"": 209, ""5.0"": 696}, ""pred_mean"": 4.484698451518083, ""pred_std"": 0.20927350102789555, ""pred_min"": 3.3973934650421143, ""pred_max"": 4.872354507446289, ""abs_error_mean"": 0.6502213136494508, ""abs_error_p90"": 1.2774789333343506, ""abs_error_p95"": 2.0018640756607056, ""abs_error_p99"": 3.5312074422836304, ""abs_error_max"": 3.6713671684265137, ""mean_gate"": 0.9300832152366638, ""std_gate"": 0.0426788367331028, ""min_gate_value"": 0.19443204998970032, ""max_gate_value"": 0.9590259790420532, ""mean_edge_misalign_score"": 0.08451838046312332, ""best_valid_metric"": 0.8757504203551334}",
round1_model.gate_beta0_init_1.0,ok,0,"{""training.lr"": 0.01, ""training.weight_decay"": 0.0001, ""training.grad_clip"": 2.0, ""model.embedding_size"": 32, ""model.num_layers"": 1, ""model.dropout"": 0.7, ""model.node_dropout"": 0.7, ""model.nd_weight"": 0.1, ""model.ed_weight"": 0.7, ""model.min_gate"": 0.15, ""model.gate_beta0_init"": 1.0, ""model.gate_beta1_init"": 6.0}",/home/infolab/mnt/mingyu/review_rec/rating4review/results/scg_rgcl_42_Amazon_Musical_Instruments_14_20260515_130213_359928/test_results.json,0.9000173423216329,,,"{""mse"": 0.8100312164796952, ""rmse"": 0.9000173423216329, ""mae"": 0.653929397609034, ""num_samples"": 1026, ""eval_clip"": false, ""min_rating"": 1.0, ""max_rating"": 5.0, ""unclipped_prediction_min"": 3.4774465560913086, ""unclipped_prediction_max"": 4.887652397155762, ""clipped_prediction_min"": 3.4774465560913086, ""clipped_prediction_max"": 4.887652397155762, ""label_min"": 1.0, ""label_max"": 5.0, ""rating_mean"": 4.482456207275391, ""rating_std"": 0.9219989776611328, ""rating_distribution"": {""1.0"": 27, ""2.0"": 26, ""3.0"": 68, ""4.0"": 209, ""5.0"": 696}, ""pred_mean"": 4.477185800061588, ""pred_std"": 0.20300025327707139, ""pred_min"": 3.4774465560913086, ""pred_max"": 4.887652397155762, ""abs_error_mean"": 0.653929397609034, ""abs_error_p90"": 1.2609102725982666, ""abs_error_p95"": 2.0404196977615356, ""abs_error_p99"": 3.526065707206726, ""abs_error_max"": 3.728522300720215, ""mean_gate"": 0.678846538066864, ""std_gate"": 0.07564105093479156, ""min_gate_value"": 0.15610504150390625, ""max_gate_value"": 0.7719663381576538, ""mean_edge_misalign_score"": 0.08451838046312332, ""best_valid_metric"": 0.8776705829228897}",
round1_model.gate_beta0_init_2.0,ok,0,"{""training.lr"": 0.01, ""training.weight_decay"": 0.0001, ""training.grad_clip"": 2.0, ""model.embedding_size"": 32, ""model.num_layers"": 1, ""model.dropout"": 0.7, ""model.node_dropout"": 0.7, ""model.nd_weight"": 0.1, ""model.ed_weight"": 0.7, ""model.min_gate"": 0.15, ""model.gate_beta0_init"": 2.0, ""model.gate_beta1_init"": 6.0}",/home/infolab/mnt/mingyu/review_rec/rating4review/results/scg_rgcl_42_Amazon_Musical_Instruments_14_20260515_130258_153880/test_results.json,0.8999499722302333,,,"{""mse"": 0.8099099525171978, ""rmse"": 0.8999499722302333, ""mae"": 0.6517488705484491, ""num_samples"": 1026, ""eval_clip"": false, ""min_rating"": 1.0, ""max_rating"": 5.0, ""unclipped_prediction_min"": 3.45095157623291, ""unclipped_prediction_max"": 4.8795905113220215, ""clipped_prediction_min"": 3.45095157623291, ""clipped_prediction_max"": 4.8795905113220215, ""label_min"": 1.0, ""label_max"": 5.0, ""rating_mean"": 4.482456207275391, ""rating_std"": 0.9219989776611328, ""rating_distribution"": {""1.0"": 27, ""2.0"": 26, ""3.0"": 68, ""4.0"": 209, ""5.0"": 696}, ""pred_mean"": 4.4835246984954, ""pred_std"": 0.20714329932832595, ""pred_min"": 3.45095157623291, ""pred_max"": 4.8795905113220215, ""abs_error_mean"": 0.6517488705484491, ""abs_error_p90"": 1.263958215713501, ""abs_error_p95"": 2.0270121097564697, ""abs_error_p99"": 3.539235830307007, ""abs_error_max"": 3.6905603408813477, ""mean_gate"": 0.8400701880455017, ""std_gate"": 0.06404969841241837, ""min_gate_value"": 0.1666574627161026, ""max_gate_value"": 0.8987864255905151, ""mean_edge_misalign_score"": 0.08451838046312332, ""best_valid_metric"": 0.8760658130746345}",
round1_model.gate_beta1_init_2.0,ok,0,"{""training.lr"": 0.01, ""training.weight_decay"": 0.0001, ""training.grad_clip"": 2.0, ""model.embedding_size"": 32, ""model.num_layers"": 1, ""model.dropout"": 0.7, ""model.node_dropout"": 0.7, ""model.nd_weight"": 0.1, ""model.ed_weight"": 0.7, ""model.min_gate"": 0.15, ""model.gate_beta0_init"": 3.0, ""model.gate_beta1_init"": 2.0}",/home/infolab/mnt/mingyu/review_rec/rating4review/results/scg_rgcl_42_Amazon_Musical_Instruments_14_20260515_130330_129531/test_results.json,0.8987109778099226,,,"{""mse"": 0.8076814216360672, ""rmse"": 0.8987109778099226, ""mae"": 0.6525927268506025, ""num_samples"": 1026, ""eval_clip"": false, ""min_rating"": 1.0, ""max_rating"": 5.0, ""unclipped_prediction_min"": 3.4614064693450928, ""unclipped_prediction_max"": 4.869239330291748, ""clipped_prediction_min"": 3.4614064693450928, ""clipped_prediction_max"": 4.869239330291748, ""label_min"": 1.0, ""label_max"": 5.0, ""rating_mean"": 4.482456207275391, ""rating_std"": 0.9219989776611328, ""rating_distribution"": {""1.0"": 27, ""2.0"": 26, ""3.0"": 68, ""4.0"": 209, ""5.0"": 696}, ""pred_mean"": 4.478673652366355, ""pred_std"": 0.20790147676451112, ""pred_min"": 3.4614064693450928, ""pred_max"": 4.869239330291748, ""abs_error_mean"": 0.6525927268506025, ""abs_error_p90"": 1.2606384754180908, ""abs_error_p95"": 2.0351994037628174, ""abs_error_p99"": 3.5223052501678467, ""abs_error_max"": 3.6714415550231934, ""mean_gate"": 0.951529324054718, ""std_gate"": 0.008056907914578915, ""min_gate_value"": 0.7788176536560059, ""max_gate_value"": 0.9588215351104736, ""mean_edge_misalign_score"": 0.08451838046312332, ""best_valid_metric"": 0.8758698805079586}",
round1_model.gate_beta1_init_4.0,ok,0,"{""training.lr"": 0.01, ""training.weight_decay"": 0.0001, ""training.grad_clip"": 2.0, ""model.embedding_size"": 32, ""model.num_layers"": 1, ""model.dropout"": 0.7, ""model.node_dropout"": 0.7, ""model.nd_weight"": 0.1, ""model.ed_weight"": 0.7, ""model.min_gate"": 0.15, ""model.gate_beta0_init"": 3.0, ""model.gate_beta1_init"": 4.0}",/home/infolab/mnt/mingyu/review_rec/rating4review/results/scg_rgcl_42_Amazon_Musical_Instruments_14_20260515_130350_327550/test_results.json,0.8986430683484468,,,"{""mse"": 0.8075593642907111, ""rmse"": 0.8986430683484468, ""mae"": 0.649630016286006, ""num_samples"": 1026, ""eval_clip"": false, ""min_rating"": 1.0, ""max_rating"": 5.0, ""unclipped_prediction_min"": 3.4021058082580566, ""unclipped_prediction_max"": 4.872434139251709, ""clipped_prediction_min"": 3.4021058082580566, ""clipped_prediction_max"": 4.872434139251709, ""label_min"": 1.0, ""label_max"": 5.0, ""rating_mean"": 4.482456207275391, ""rating_std"": 0.9219989776611328, ""rating_distribution"": {""1.0"": 27, ""2.0"": 26, ""3.0"": 68, ""4.0"": 209, ""5.0"": 696}, ""pred_mean"": 4.486311920437432, ""pred_std"": 0.20962353132974723, ""pred_min"": 3.4021058082580566, ""pred_max"": 4.872434139251709, ""abs_error_mean"": 0.649630016286006, ""abs_error_p90"": 1.2762136459350586, ""abs_error_p95"": 2.010127067565918, ""abs_error_p99"": 3.5317633152008057, ""abs_error_max"": 3.6706085205078125, ""mean_gate"": 0.9419333934783936, ""std_gate"": 0.02377805858850479, ""min_gate_value"": 0.39237380027770996, ""max_gate_value"": 0.95884108543396, ""mean_edge_misalign_score"": 0.08451838046312332, ""best_valid_metric"": 0.8757112946616169}",
round2_training.lr_0.003,ok,0,"{""training.lr"": 0.003, ""training.weight_decay"": 0.0001, ""training.grad_clip"": 2.0, ""model.embedding_size"": 32, ""model.num_layers"": 1, ""model.dropout"": 0.7, ""model.node_dropout"": 0.7, ""model.nd_weight"": 0.1, ""model.ed_weight"": 0.7, ""model.min_gate"": 0.15, ""model.gate_beta0_init"": 3.0, ""model.gate_beta1_init"": 4.0}",/home/infolab/mnt/mingyu/review_rec/rating4review/results/scg_rgcl_42_Amazon_Musical_Instruments_14_20260515_130409_280430/test_results.json,0.9236410729424945,,,"{""mse"": 0.8531128316263625, ""rmse"": 0.9236410729424945, ""mae"": 0.6907342274983724, ""num_samples"": 1026, ""eval_clip"": false, ""min_rating"": 1.0, ""max_rating"": 5.0, ""unclipped_prediction_min"": 3.7681312561035156, ""unclipped_prediction_max"": 4.935050964355469, ""clipped_prediction_min"": 3.7681312561035156, ""clipped_prediction_max"": 4.935050964355469, ""label_min"": 1.0, ""label_max"": 5.0, ""rating_mean"": 4.482456207275391, ""rating_std"": 0.9219989776611328, ""rating_distribution"": {""1.0"": 27, ""2.0"": 26, ""3.0"": 68, ""4.0"": 209, ""5.0"": 696}, ""pred_mean"": 4.433945236615038, ""pred_std"": 0.23227616838175577, ""pred_min"": 3.7681312561035156, ""pred_max"": 4.935050964355469, ""abs_error_mean"": 0.6907342274983724, ""abs_error_p90"": 1.1577450037002563, ""abs_error_p95"": 2.047963857650757, ""abs_error_p99"": 3.434448719024658, ""abs_error_max"": 3.9120845794677734, ""mean_gate"": 0.9433296918869019, ""std_gate"": 0.023980848491191864, ""min_gate_value"": 0.3857194483280182, ""max_gate_value"": 0.9601501226425171, ""mean_edge_misalign_score"": 0.08451838046312332, ""best_valid_metric"": 0.8970327116823746}",
round2_training.lr_0.005,ok,0,"{""training.lr"": 0.005, ""training.weight_decay"": 0.0001, ""training.grad_clip"": 2.0, ""model.embedding_size"": 32, ""model.num_layers"": 1, ""model.dropout"": 0.7, ""model.node_dropout"": 0.7, ""model.nd_weight"": 0.1, ""model.ed_weight"": 0.7, ""model.min_gate"": 0.15, ""model.gate_beta0_init"": 3.0, ""model.gate_beta1_init"": 4.0}",/home/infolab/mnt/mingyu/review_rec/rating4review/results/scg_rgcl_42_Amazon_Musical_Instruments_14_20260515_130425_592396/test_results.json,0.9223543651179976,,,"{""mse"": 0.8507375748522246, ""rmse"": 0.9223543651179976, ""mae"": 0.6883507197828088, ""num_samples"": 1026, ""eval_clip"": false, ""min_rating"": 1.0, ""max_rating"": 5.0, ""unclipped_prediction_min"": 3.793877124786377, ""unclipped_prediction_max"": 4.928614139556885, ""clipped_prediction_min"": 3.793877124786377, ""clipped_prediction_max"": 4.928614139556885, ""label_min"": 1.0, ""label_max"": 5.0, ""rating_mean"": 4.482456207275391, ""rating_std"": 0.9219989776611328, ""rating_distribution"": {""1.0"": 27, ""2.0"": 26, ""3.0"": 68, ""4.0"": 209, ""5.0"": 696}, ""pred_mean"": 4.443339007174992, ""pred_std"": 0.22250994622762998, ""pred_min"": 3.793877124786377, ""pred_max"": 4.928614139556885, ""abs_error_mean"": 0.6883507197828088, ""abs_error_p90"": 1.1675554513931274, ""abs_error_p95"": 2.0755025148391724, ""abs_error_p99"": 3.4449342489242554, ""abs_error_max"": 3.9062728881835938, ""mean_gate"": 0.9431512951850891, ""std_gate"": 0.024016277864575386, ""min_gate_value"": 0.3853488564491272, ""max_gate_value"": 0.960014820098877, ""mean_edge_misalign_score"": 0.08451838046312332, ""best_valid_metric"": 0.8959167061382358}",
round2_training.lr_0.02,ok,0,"{""training.lr"": 0.02, ""training.weight_decay"": 0.0001, ""training.grad_clip"": 2.0, ""model.embedding_size"": 32, ""model.num_layers"": 1, ""model.dropout"": 0.7, ""model.node_dropout"": 0.7, ""model.nd_weight"": 0.1, ""model.ed_weight"": 0.7, ""model.min_gate"": 0.15, ""model.gate_beta0_init"": 3.0, ""model.gate_beta1_init"": 4.0}",/home/infolab/mnt/mingyu/review_rec/rating4review/results/scg_rgcl_42_Amazon_Musical_Instruments_14_20260515_130441_123351/test_results.json,0.8961116973450828,,,"{""mse"": 0.8030161741186853, ""rmse"": 0.8961116973450828, ""mae"": 0.6382927076626009, ""num_samples"": 1026, ""eval_clip"": false, ""min_rating"": 1.0, ""max_rating"": 5.0, ""unclipped_prediction_min"": 3.4214975833892822, ""unclipped_prediction_max"": 4.937020778656006, ""clipped_prediction_min"": 3.4214975833892822, ""clipped_prediction_max"": 4.937020778656006, ""label_min"": 1.0, ""label_max"": 5.0, ""rating_mean"": 4.482456207275391, ""rating_std"": 0.9219989776611328, ""rating_distribution"": {""1.0"": 27, ""2.0"": 26, ""3.0"": 68, ""4.0"": 209, ""5.0"": 696}, ""pred_mean"": 4.50275946035255, ""pred_std"": 0.2224196741275884, ""pred_min"": 3.4214975833892822, ""pred_max"": 4.937020778656006, ""abs_error_mean"": 0.6382927076626009, ""abs_error_p90"": 1.276940107345581, ""abs_error_p95"": 1.9540106654167175, ""abs_error_p99"": 3.519395112991333, ""abs_error_max"": 3.7444305419921875, ""mean_gate"": 0.9397891163825989, ""std_gate"": 0.023922160267829895, ""min_gate_value"": 0.39329537749290466, ""max_gate_value"": 0.957059383392334, ""mean_edge_misalign_score"": 0.08451838046312332, ""best_valid_metric"": 0.8748459748539409}",
round2_training.weight_decay_0.0,ok,0,"{""training.lr"": 0.02, ""training.weight_decay"": 0.0, ""training.grad_clip"": 2.0, ""model.embedding_size"": 32, ""model.num_layers"": 1, ""model.dropout"": 0.7, ""model.node_dropout"": 0.7, ""model.nd_weight"": 0.1, ""model.ed_weight"": 0.7, ""model.min_gate"": 0.15, ""model.gate_beta0_init"": 3.0, ""model.gate_beta1_init"": 4.0}",/home/infolab/mnt/mingyu/review_rec/rating4review/results/scg_rgcl_42_Amazon_Musical_Instruments_14_20260515_130515_952916/test_results.json,0.8963215876275364,,,"{""mse"": 0.8033923884471476, ""rmse"": 0.8963215876275364, ""mae"": 0.6347998977869342, ""num_samples"": 1026, ""eval_clip"": false, ""min_rating"": 1.0, ""max_rating"": 5.0, ""unclipped_prediction_min"": 3.3056843280792236, ""unclipped_prediction_max"": 4.935621738433838, ""clipped_prediction_min"": 3.3056843280792236, ""clipped_prediction_max"": 4.935621738433838, ""label_min"": 1.0, ""label_max"": 5.0, ""rating_mean"": 4.482456207275391, ""rating_std"": 0.9219989776611328, ""rating_distribution"": {""1.0"": 27, ""2.0"": 26, ""3.0"": 68, ""4.0"": 209, ""5.0"": 696}, ""pred_mean"": 4.501734016002038, ""pred_std"": 0.24680109585683246, ""pred_min"": 3.3056843280792236, ""pred_max"": 4.935621738433838, ""abs_error_mean"": 0.6347998977869342, ""abs_error_p90"": 1.2721892595291138, ""abs_error_p95"": 1.896371304988861, ""abs_error_p99"": 3.509116291999817, ""abs_error_max"": 3.7660579681396484, ""mean_gate"": 0.9382227659225464, ""std_gate"": 0.025994351133704185, ""min_gate_value"": 0.35685884952545166, ""max_gate_value"": 0.9568156003952026, ""mean_edge_misalign_score"": 0.08451838046312332, ""best_valid_metric"": 0.8727257300059273}",
round2_training.weight_decay_1e-06,ok,0,"{""training.lr"": 0.02, ""training.weight_decay"": 1e-06, ""training.grad_clip"": 2.0, ""model.embedding_size"": 32, ""model.num_layers"": 1, ""model.dropout"": 0.7, ""model.node_dropout"": 0.7, ""model.nd_weight"": 0.1, ""model.ed_weight"": 0.7, ""model.min_gate"": 0.15, ""model.gate_beta0_init"": 3.0, ""model.gate_beta1_init"": 4.0}",/home/infolab/mnt/mingyu/review_rec/rating4review/results/scg_rgcl_42_Amazon_Musical_Instruments_14_20260515_130550_878414/test_results.json,0.8961634929944307,,,"{""mse"": 0.803109006175979, ""rmse"": 0.8961634929944307, ""mae"": 0.6346746745862459, ""num_samples"": 1026, ""eval_clip"": false, ""min_rating"": 1.0, ""max_rating"": 5.0, ""unclipped_prediction_min"": 3.3205528259277344, ""unclipped_prediction_max"": 4.935138702392578, ""clipped_prediction_min"": 3.3205528259277344, ""clipped_prediction_max"": 4.935138702392578, ""label_min"": 1.0, ""label_max"": 5.0, ""rating_mean"": 4.482456207275391, ""rating_std"": 0.9219989776611328, ""rating_distribution"": {""1.0"": 27, ""2.0"": 26, ""3.0"": 68, ""4.0"": 209, ""5.0"": 696}, ""pred_mean"": 4.501831722538373, ""pred_std"": 0.24708513414803207, ""pred_min"": 3.3205528259277344, ""pred_max"": 4.935138702392578, ""abs_error_mean"": 0.6346746745862459, ""abs_error_p90"": 1.273461103439331, ""abs_error_p95"": 1.904764711856842, ""abs_error_p99"": 3.5086876153945923, ""abs_error_max"": 3.7720437049865723, ""mean_gate"": 0.9384765625, ""std_gate"": 0.025607654824852943, ""min_gate_value"": 0.3634035289287567, ""max_gate_value"": 0.9568263292312622, ""mean_edge_misalign_score"": 0.08451838046312332, ""best_valid_metric"": 0.8723928480501786}",
round2_training.weight_decay_1e-05,ok,0,"{""training.lr"": 0.02, ""training.weight_decay"": 1e-05, ""training.grad_clip"": 2.0, ""model.embedding_size"": 32, ""model.num_layers"": 1, ""model.dropout"": 0.7, ""model.node_dropout"": 0.7, ""model.nd_weight"": 0.1, ""model.ed_weight"": 0.7, ""model.min_gate"": 0.15, ""model.gate_beta0_init"": 3.0, ""model.gate_beta1_init"": 4.0}",/home/infolab/mnt/mingyu/review_rec/rating4review/results/scg_rgcl_42_Amazon_Musical_Instruments_14_20260515_130626_195083/test_results.json,0.8958189739425358,,,"{""mse"": 0.8024916340754576, ""rmse"": 0.8958189739425358, ""mae"": 0.6349400751307229, ""num_samples"": 1026, ""eval_clip"": false, ""min_rating"": 1.0, ""max_rating"": 5.0, ""unclipped_prediction_min"": 3.363518238067627, ""unclipped_prediction_max"": 4.933486461639404, ""clipped_prediction_min"": 3.363518238067627, ""clipped_prediction_max"": 4.933486461639404, ""label_min"": 1.0, ""label_max"": 5.0, ""rating_mean"": 4.482456207275391, ""rating_std"": 0.9219989776611328, ""rating_distribution"": {""1.0"": 27, ""2.0"": 26, ""3.0"": 68, ""4.0"": 209, ""5.0"": 696}, ""pred_mean"": 4.499893557258517, ""pred_std"": 0.24745543060685463, ""pred_min"": 3.363518238067627, ""pred_max"": 4.933486461639404, ""abs_error_mean"": 0.6349400751307229, ""abs_error_p90"": 1.269408941268921, ""abs_error_p95"": 1.9065257906913757, ""abs_error_p99"": 3.51034414768219, ""abs_error_max"": 3.7745842933654785, ""mean_gate"": 0.9387422204017639, ""std_gate"": 0.025365790352225304, ""min_gate_value"": 0.3673877716064453, ""max_gate_value"": 0.9569255113601685, ""mean_edge_misalign_score"": 0.08451838046312332, ""best_valid_metric"": 0.8721901695506664}",
round2_training.grad_clip_0.5,ok,0,"{""training.lr"": 0.02, ""training.weight_decay"": 1e-05, ""training.grad_clip"": 0.5, ""model.embedding_size"": 32, ""model.num_layers"": 1, ""model.dropout"": 0.7, ""model.node_dropout"": 0.7, ""model.nd_weight"": 0.1, ""model.ed_weight"": 0.7, ""model.min_gate"": 0.15, ""model.gate_beta0_init"": 3.0, ""model.gate_beta1_init"": 4.0}",/home/infolab/mnt/mingyu/review_rec/rating4review/results/scg_rgcl_42_Amazon_Musical_Instruments_14_20260515_130702_259686/test_results.json,0.8955156035557084,,,"{""mse"": 0.8019481962117446, ""rmse"": 0.8955156035557084, ""mae"": 0.6302191202635886, ""num_samples"": 1026, ""eval_clip"": false, ""min_rating"": 1.0, ""max_rating"": 5.0, ""unclipped_prediction_min"": 3.3979692459106445, ""unclipped_prediction_max"": 4.9512128829956055, ""clipped_prediction_min"": 3.3979692459106445, ""clipped_prediction_max"": 4.9512128829956055, ""label_min"": 1.0, ""label_max"": 5.0, ""rating_mean"": 4.482456207275391, ""rating_std"": 0.9219989776611328, ""rating_distribution"": {""1.0"": 27, ""2.0"": 26, ""3.0"": 68, ""4.0"": 209, ""5.0"": 696}, ""pred_mean"": 4.502137637277793, ""pred_std"": 0.2634345902734714, ""pred_min"": 3.3979692459106445, ""pred_max"": 4.9512128829956055, ""abs_error_mean"": 0.6302191202635886, ""abs_error_p90"": 1.2433555126190186, ""abs_error_p95"": 1.86746346950531, ""abs_error_p99"": 3.506919026374817, ""abs_error_max"": 3.80826473236084, ""mean_gate"": 0.9346224069595337, ""std_gate"": 0.02671883814036846, ""min_gate_value"": 0.3501540422439575, ""max_gate_value"": 0.9541053771972656, ""mean_edge_misalign_score"": 0.08451838046312332, ""best_valid_metric"": 0.87172698030119}",
round2_training.grad_clip_1.0,ok,0,"{""training.lr"": 0.02, ""training.weight_decay"": 1e-05, ""training.grad_clip"": 1.0, ""model.embedding_size"": 32, ""model.num_layers"": 1, ""model.dropout"": 0.7, ""model.node_dropout"": 0.7, ""model.nd_weight"": 0.1, ""model.ed_weight"": 0.7, ""model.min_gate"": 0.15, ""model.gate_beta0_init"": 3.0, ""model.gate_beta1_init"": 4.0}",/home/infolab/mnt/mingyu/review_rec/rating4review/results/scg_rgcl_42_Amazon_Musical_Instruments_14_20260515_130738_815505/test_results.json,0.8962376287187978,,,"{""mse"": 0.8032418871314936, ""rmse"": 0.8962376287187978, ""mae"": 0.6352645384173179, ""num_samples"": 1026, ""eval_clip"": false, ""min_rating"": 1.0, ""max_rating"": 5.0, ""unclipped_prediction_min"": 3.336129903793335, ""unclipped_prediction_max"": 4.932235240936279, ""clipped_prediction_min"": 3.336129903793335, ""clipped_prediction_max"": 4.932235240936279, ""label_min"": 1.0, ""label_max"": 5.0, ""rating_mean"": 4.482456207275391, ""rating_std"": 0.9219989776611328, ""rating_distribution"": {""1.0"": 27, ""2.0"": 26, ""3.0"": 68, ""4.0"": 209, ""5.0"": 696}, ""pred_mean"": 4.501750874937627, ""pred_std"": 0.24443664528131623, ""pred_min"": 3.336129903793335, ""pred_max"": 4.932235240936279, ""abs_error_mean"": 0.6352645384173179, ""abs_error_p90"": 1.2770872116088867, ""abs_error_p95"": 1.9122607707977295, ""abs_error_p99"": 3.512374520301819, ""abs_error_max"": 3.771871566772461, ""mean_gate"": 0.9386454820632935, ""std_gate"": 0.025405537337064743, ""min_gate_value"": 0.36682066321372986, ""max_gate_value"": 0.956863522529602, ""mean_edge_misalign_score"": 0.08451838046312332, ""best_valid_metric"": 0.8725076963147503}",
round2_training.grad_clip_5.0,ok,0,"{""training.lr"": 0.02, ""training.weight_decay"": 1e-05, ""training.grad_clip"": 5.0, ""model.embedding_size"": 32, ""model.num_layers"": 1, ""model.dropout"": 0.7, ""model.node_dropout"": 0.7, ""model.nd_weight"": 0.1, ""model.ed_weight"": 0.7, ""model.min_gate"": 0.15, ""model.gate_beta0_init"": 3.0, ""model.gate_beta1_init"": 4.0}",/home/infolab/mnt/mingyu/review_rec/rating4review/results/scg_rgcl_42_Amazon_Musical_Instruments_14_20260515_130814_110035/test_results.json,0.8958189745720726,,,"{""mse"": 0.8024916352033596, ""rmse"": 0.8958189745720726, ""mae"": 0.6349400821020263, ""num_samples"": 1026, ""eval_clip"": false, ""min_rating"": 1.0, ""max_rating"": 5.0, ""unclipped_prediction_min"": 3.363517999649048, ""unclipped_prediction_max"": 4.933485984802246, ""clipped_prediction_min"": 3.363517999649048, ""clipped_prediction_max"": 4.933485984802246, ""label_min"": 1.0, ""label_max"": 5.0, ""rating_mean"": 4.482456207275391, ""rating_std"": 0.9219989776611328, ""rating_distribution"": {""1.0"": 27, ""2.0"": 26, ""3.0"": 68, ""4.0"": 209, ""5.0"": 696}, ""pred_mean"": 4.4998935553995025, ""pred_std"": 0.24745544039757658, ""pred_min"": 3.363517999649048, ""pred_max"": 4.933485984802246, ""abs_error_mean"": 0.6349400821020263, ""abs_error_p90"": 1.2694091796875, ""abs_error_p95"": 1.9065259099006653, ""abs_error_p99"": 3.51034414768219, ""abs_error_max"": 3.7745838165283203, ""mean_gate"": 0.9387422204017639, ""std_gate"": 0.025365790352225304, ""min_gate_value"": 0.3673877716064453, ""max_gate_value"": 0.9569255113601685, ""mean_edge_misalign_score"": 0.08451838046312332, ""best_valid_metric"": 0.8721901722457239}",
round2_model.embedding_size_64,ok,0,"{""training.lr"": 0.02, ""training.weight_decay"": 1e-05, ""training.grad_clip"": 0.5, ""model.embedding_size"": 64, ""model.num_layers"": 1, ""model.dropout"": 0.7, ""model.node_dropout"": 0.7, ""model.nd_weight"": 0.1, ""model.ed_weight"": 0.7, ""model.min_gate"": 0.15, ""model.gate_beta0_init"": 3.0, ""model.gate_beta1_init"": 4.0}",/home/infolab/mnt/mingyu/review_rec/rating4review/results/scg_rgcl_42_Amazon_Musical_Instruments_14_20260515_130848_968326/test_results.json,0.8963865262137704,,,"{""mse"": 0.8035088043775903, ""rmse"": 0.8963865262137704, ""mae"": 0.6365474406738727, ""num_samples"": 1026, ""eval_clip"": false, ""min_rating"": 1.0, ""max_rating"": 5.0, ""unclipped_prediction_min"": 3.4490275382995605, ""unclipped_prediction_max"": 4.952127456665039, ""clipped_prediction_min"": 3.4490275382995605, ""clipped_prediction_max"": 4.952127456665039, ""label_min"": 1.0, ""label_max"": 5.0, ""rating_mean"": 4.482456207275391, ""rating_std"": 0.9219989776611328, ""rating_distribution"": {""1.0"": 27, ""2.0"": 26, ""3.0"": 68, ""4.0"": 209, ""5.0"": 696}, ""pred_mean"": 4.509396383172122, ""pred_std"": 0.21619945244216665, ""pred_min"": 3.4490275382995605, ""pred_max"": 4.952127456665039, ""abs_error_mean"": 0.6365474406738727, ""abs_error_p90"": 1.2833499908447266, ""abs_error_p95"": 1.9760875701904297, ""abs_error_p99"": 3.525159001350403, ""abs_error_max"": 3.722407341003418, ""mean_gate"": 0.9355018138885498, ""std_gate"": 0.026484409347176552, ""min_gate_value"": 0.3527783155441284, ""max_gate_value"": 0.9547357559204102, ""mean_edge_misalign_score"": 0.08451838046312332, ""best_valid_metric"": 0.8738500517893151}",
round2_model.embedding_size_128,ok,0,"{""training.lr"": 0.02, ""training.weight_decay"": 1e-05, ""training.grad_clip"": 0.5, ""model.embedding_size"": 128, ""model.num_layers"": 1, ""model.dropout"": 0.7, ""model.node_dropout"": 0.7, ""model.nd_weight"": 0.1, ""model.ed_weight"": 0.7, ""model.min_gate"": 0.15, ""model.gate_beta0_init"": 3.0, ""model.gate_beta1_init"": 4.0}",/home/infolab/mnt/mingyu/review_rec/rating4review/results/scg_rgcl_42_Amazon_Musical_Instruments_14_20260515_130906_748795/test_results.json,0.9261720496962871,,,"{""mse"": 0.8577946656386217, ""rmse"": 0.9261720496962871, ""mae"": 0.6450970879307499, ""num_samples"": 1026, ""eval_clip"": false, ""min_rating"": 1.0, ""max_rating"": 5.0, ""unclipped_prediction_min"": 3.9763669967651367, ""unclipped_prediction_max"": 4.989134788513184, ""clipped_prediction_min"": 3.9763669967651367, ""clipped_prediction_max"": 4.989134788513184, ""label_min"": 1.0, ""label_max"": 5.0, ""rating_mean"": 4.482456207275391, ""rating_std"": 0.9219989776611328, ""rating_distribution"": {""1.0"": 27, ""2.0"": 26, ""3.0"": 68, ""4.0"": 209, ""5.0"": 696}, ""pred_mean"": 4.575372328302781, ""pred_std"": 0.21171712730261247, ""pred_min"": 3.9763669967651367, ""pred_max"": 4.989134788513184, ""abs_error_mean"": 0.6450970879307499, ""abs_error_p90"": 1.333730936050415, ""abs_error_p95"": 2.109055757522583, ""abs_error_p99"": 3.5293428897857666, ""abs_error_max"": 3.9842958450317383, ""mean_gate"": 0.9407650232315063, ""std_gate"": 0.025089329108595848, ""min_gate_value"": 0.368967741727829, ""max_gate_value"": 0.9585212469100952, ""mean_edge_misalign_score"": 0.08451838046312332, ""best_valid_metric"": 0.9036368353183996}",
round2_model.num_layers_2,ok,0,"{""training.lr"": 0.02, ""training.weight_decay"": 1e-05, ""training.grad_clip"": 0.5, ""model.embedding_size"": 32, ""model.num_layers"": 2, ""model.dropout"": 0.7, ""model.node_dropout"": 0.7, ""model.nd_weight"": 0.1, ""model.ed_weight"": 0.7, ""model.min_gate"": 0.15, ""model.gate_beta0_init"": 3.0, ""model.gate_beta1_init"": 4.0}",/home/infolab/mnt/mingyu/review_rec/rating4review/results/scg_rgcl_42_Amazon_Musical_Instruments_14_20260515_130921_935449/test_results.json,0.8935548534210246,,,"{""mse"": 0.7984402760722688, ""rmse"": 0.8935548534210246, ""mae"": 0.627470703385262, ""num_samples"": 1026, ""eval_clip"": false, ""min_rating"": 1.0, ""max_rating"": 5.0, ""unclipped_prediction_min"": 3.388430595397949, ""unclipped_prediction_max"": 4.963090896606445, ""clipped_prediction_min"": 3.388430595397949, ""clipped_prediction_max"": 4.963090896606445, ""label_min"": 1.0, ""label_max"": 5.0, ""rating_mean"": 4.482456207275391, ""rating_std"": 0.9219989776611328, ""rating_distribution"": {""1.0"": 27, ""2.0"": 26, ""3.0"": 68, ""4.0"": 209, ""5.0"": 696}, ""pred_mean"": 4.49320317058303, ""pred_std"": 0.2844506026413118, ""pred_min"": 3.388430595397949, ""pred_max"": 4.963090896606445, ""abs_error_mean"": 0.627470703385262, ""abs_error_p90"": 1.2529938220977783, ""abs_error_p95"": 1.8492457866668701, ""abs_error_p99"": 3.526769995689392, ""abs_error_max"": 3.8144845962524414, ""mean_gate"": 0.9331996440887451, ""std_gate"": 0.027070652693510056, ""min_gate_value"": 0.3464314043521881, ""max_gate_value"": 0.9530706405639648, ""mean_edge_misalign_score"": 0.08451838046312332, ""best_valid_metric"": 0.8662628202621704}",
round2_model.dropout_0.3,ok,0,"{""training.lr"": 0.02, ""training.weight_decay"": 1e-05, ""training.grad_clip"": 0.5, ""model.embedding_size"": 32, ""model.num_layers"": 2, ""model.dropout"": 0.3, ""model.node_dropout"": 0.7, ""model.nd_weight"": 0.1, ""model.ed_weight"": 0.7, ""model.min_gate"": 0.15, ""model.gate_beta0_init"": 3.0, ""model.gate_beta1_init"": 4.0}",/home/infolab/mnt/mingyu/review_rec/rating4review/results/scg_rgcl_42_Amazon_Musical_Instruments_14_20260515_131021_160682/test_results.json,0.9211960353095154,,,"{""mse"": 0.84860213546997, ""rmse"": 0.9211960353095154, ""mae"": 0.6160070057268496, ""num_samples"": 1026, ""eval_clip"": false, ""min_rating"": 1.0, ""max_rating"": 5.0, ""unclipped_prediction_min"": 2.3369104862213135, ""unclipped_prediction_max"": 4.9765801429748535, ""clipped_prediction_min"": 2.3369104862213135, ""clipped_prediction_max"": 4.9765801429748535, ""label_min"": 1.0, ""label_max"": 5.0, ""rating_mean"": 4.482456207275391, ""rating_std"": 0.9219989776611328, ""rating_distribution"": {""1.0"": 27, ""2.0"": 26, ""3.0"": 68, ""4.0"": 209, ""5.0"": 696}, ""pred_mean"": 4.521528584450541, ""pred_std"": 0.384847486796338, ""pred_min"": 2.3369104862213135, ""pred_max"": 4.9765801429748535, ""abs_error_mean"": 0.6160070057268496, ""abs_error_p90"": 1.4044153690338135, ""abs_error_p95"": 1.911131739616394, ""abs_error_p99"": 3.589924693107605, ""abs_error_max"": 3.91463041305542, ""mean_gate"": 0.9412105083465576, ""std_gate"": 0.02431907318532467, ""min_gate_value"": 0.38294491171836853, ""max_gate_value"": 0.9585000276565552, ""mean_edge_misalign_score"": 0.08451838046312332, ""best_valid_metric"": 0.8765491483656613}",
round2_model.dropout_0.5,ok,0,"{""training.lr"": 0.02, ""training.weight_decay"": 1e-05, ""training.grad_clip"": 0.5, ""model.embedding_size"": 32, ""model.num_layers"": 2, ""model.dropout"": 0.5, ""model.node_dropout"": 0.7, ""model.nd_weight"": 0.1, ""model.ed_weight"": 0.7, ""model.min_gate"": 0.15, ""model.gate_beta0_init"": 3.0, ""model.gate_beta1_init"": 4.0}",/home/infolab/mnt/mingyu/review_rec/rating4review/results/scg_rgcl_42_Amazon_Musical_Instruments_14_20260515_131037_418281/test_results.json,0.9038598399564582,,,"{""mse"": 0.8169626102861143, ""rmse"": 0.9038598399564582, ""mae"": 0.6405533610263996, ""num_samples"": 1026, ""eval_clip"": false, ""min_rating"": 1.0, ""max_rating"": 5.0, ""unclipped_prediction_min"": 2.782383918762207, ""unclipped_prediction_max"": 4.912196159362793, ""clipped_prediction_min"": 2.782383918762207, ""clipped_prediction_max"": 4.912196159362793, ""label_min"": 1.0, ""label_max"": 5.0, ""rating_mean"": 4.482456207275391, ""rating_std"": 0.9219989776611328, ""rating_distribution"": {""1.0"": 27, ""2.0"": 26, ""3.0"": 68, ""4.0"": 209, ""5.0"": 696}, ""pred_mean"": 4.483400178466856, ""pred_std"": 0.298460504026266, ""pred_min"": 2.782383918762207, ""pred_max"": 4.912196159362793, ""abs_error_mean"": 0.6405533610263996, ""abs_error_p90"": 1.3313548564910889, ""abs_error_p95"": 1.8628637790679932, ""abs_error_p99"": 3.5557392835617065, ""abs_error_max"": 3.793074607849121, ""mean_gate"": 0.9389659762382507, ""std_gate"": 0.025203349068760872, ""min_gate_value"": 0.3700169324874878, ""max_gate_value"": 0.9570317268371582, ""mean_edge_misalign_score"": 0.08451838046312332, ""best_valid_metric"": 0.8715055851492804}",
round2_model.node_dropout_0.5,ok,0,"{""training.lr"": 0.02, ""training.weight_decay"": 1e-05, ""training.grad_clip"": 0.5, ""model.embedding_size"": 32, ""model.num_layers"": 2, ""model.dropout"": 0.7, ""model.node_dropout"": 0.5, ""model.nd_weight"": 0.1, ""model.ed_weight"": 0.7, ""model.min_gate"": 0.15, ""model.gate_beta0_init"": 3.0, ""model.gate_beta1_init"": 4.0}",/home/infolab/mnt/mingyu/review_rec/rating4review/results/scg_rgcl_42_Amazon_Musical_Instruments_14_20260515_131053_737047/test_results.json,0.893554863779134,,,"{""mse"": 0.7984402945833466, ""rmse"": 0.893554863779134, ""mae"": 0.6274707122155797, ""num_samples"": 1026, ""eval_clip"": false, ""min_rating"": 1.0, ""max_rating"": 5.0, ""unclipped_prediction_min"": 3.3884310722351074, ""unclipped_prediction_max"": 4.963090896606445, ""clipped_prediction_min"": 3.3884310722351074, ""clipped_prediction_max"": 4.963090896606445, ""label_min"": 1.0, ""label_max"": 5.0, ""rating_mean"": 4.482456207275391, ""rating_std"": 0.9219989776611328, ""rating_distribution"": {""1.0"": 27, ""2.0"": 26, ""3.0"": 68, ""4.0"": 209, ""5.0"": 696}, ""pred_mean"": 4.493203162682219, ""pred_std"": 0.2844506031304792, ""pred_min"": 3.3884310722351074, ""pred_max"": 4.963090896606445, ""abs_error_mean"": 0.6274707122155797, ""abs_error_p90"": 1.2529938220977783, ""abs_error_p95"": 1.8492465019226074, ""abs_error_p99"": 3.526769995689392, ""abs_error_max"": 3.8144850730895996, ""mean_gate"": 0.9331996440887451, ""std_gate"": 0.027070652693510056, ""min_gate_value"": 0.3464314043521881, ""max_gate_value"": 0.9530706405639648, ""mean_edge_misalign_score"": 0.08451838046312332, ""best_valid_metric"": 0.8662628197185555}",
round2_model.node_dropout_0.8,ok,0,"{""training.lr"": 0.02, ""training.weight_decay"": 1e-05, ""training.grad_clip"": 0.5, ""model.embedding_size"": 32, ""model.num_layers"": 2, ""model.dropout"": 0.7, ""model.node_dropout"": 0.8, ""model.nd_weight"": 0.1, ""model.ed_weight"": 0.7, ""model.min_gate"": 0.15, ""model.gate_beta0_init"": 3.0, ""model.gate_beta1_init"": 4.0}",/home/infolab/mnt/mingyu/review_rec/rating4review/results/scg_rgcl_42_Amazon_Musical_Instruments_14_20260515_131151_521722/test_results.json,0.8935548529260482,,,"{""mse"": 0.7984402751876916, ""rmse"": 0.8935548529260482, ""mae"": 0.6274707103565654, ""num_samples"": 1026, ""eval_clip"": false, ""min_rating"": 1.0, ""max_rating"": 5.0, ""unclipped_prediction_min"": 3.388430595397949, ""unclipped_prediction_max"": 4.963090896606445, ""clipped_prediction_min"": 3.388430595397949, ""clipped_prediction_max"": 4.963090896606445, ""label_min"": 1.0, ""label_max"": 5.0, ""rating_mean"": 4.482456207275391, ""rating_std"": 0.9219989776611328, ""rating_distribution"": {""1.0"": 27, ""2.0"": 26, ""3.0"": 68, ""4.0"": 209, ""5.0"": 696}, ""pred_mean"": 4.493203158499437, ""pred_std"": 0.2844505885437126, ""pred_min"": 3.388430595397949, ""pred_max"": 4.963090896606445, ""abs_error_mean"": 0.6274707103565654, ""abs_error_p90"": 1.2529940605163574, ""abs_error_p95"": 1.8492457866668701, ""abs_error_p99"": 3.526769995689392, ""abs_error_max"": 3.8144850730895996, ""mean_gate"": 0.9331996440887451, ""std_gate"": 0.027070652693510056, ""min_gate_value"": 0.3464314043521881, ""max_gate_value"": 0.9530706405639648, ""mean_edge_misalign_score"": 0.08451838046312332, ""best_valid_metric"": 0.8662628232549814}",
round2_model.nd_weight_0.3,ok,0,"{""training.lr"": 0.02, ""training.weight_decay"": 1e-05, ""training.grad_clip"": 0.5, ""model.embedding_size"": 32, ""model.num_layers"": 2, ""model.dropout"": 0.7, ""model.node_dropout"": 0.8, ""model.nd_weight"": 0.3, ""model.ed_weight"": 0.7, ""model.min_gate"": 0.15, ""model.gate_beta0_init"": 3.0, ""model.gate_beta1_init"": 4.0}",/home/infolab/mnt/mingyu/review_rec/rating4review/results/scg_rgcl_42_Amazon_Musical_Instruments_14_20260515_131250_958634/test_results.json,0.8978039205304408,,,"{""mse"": 0.80605187971983, ""rmse"": 0.8978039205304408, ""mae"": 0.6321033076700876, ""num_samples"": 1026, ""eval_clip"": false, ""min_rating"": 1.0, ""max_rating"": 5.0, ""unclipped_prediction_min"": 3.2738728523254395, ""unclipped_prediction_max"": 4.967670917510986, ""clipped_prediction_min"": 3.2738728523254395, ""clipped_prediction_max"": 4.967670917510986, ""label_min"": 1.0, ""label_max"": 5.0, ""rating_mean"": 4.482456207275391, ""rating_std"": 0.9219989776611328, ""rating_distribution"": {""1.0"": 27, ""2.0"": 26, ""3.0"": 68, ""4.0"": 209, ""5.0"": 696}, ""pred_mean"": 4.481049240448786, ""pred_std"": 0.2991627133585682, ""pred_min"": 3.2738728523254395, ""pred_max"": 4.967670917510986, ""abs_error_mean"": 0.6321033076700876, ""abs_error_p90"": 1.2410832643508911, ""abs_error_p95"": 1.8571782112121582, ""abs_error_p99"": 3.5112407207489014, ""abs_error_max"": 3.824434757232666, ""mean_gate"": 0.9334621429443359, ""std_gate"": 0.027052011340856552, ""min_gate_value"": 0.3463362455368042, ""max_gate_value"": 0.9532873630523682, ""mean_edge_misalign_score"": 0.08451838046312332, ""best_valid_metric"": 0.8666710523954669}",
round2_model.nd_weight_0.5,ok,0,"{""training.lr"": 0.02, ""training.weight_decay"": 1e-05, ""training.grad_clip"": 0.5, ""model.embedding_size"": 32, ""model.num_layers"": 2, ""model.dropout"": 0.7, ""model.node_dropout"": 0.8, ""model.nd_weight"": 0.5, ""model.ed_weight"": 0.7, ""model.min_gate"": 0.15, ""model.gate_beta0_init"": 3.0, ""model.gate_beta1_init"": 4.0}",/home/infolab/mnt/mingyu/review_rec/rating4review/results/scg_rgcl_42_Amazon_Musical_Instruments_14_20260515_131309_243082/test_results.json,0.8975445752310921,,,"{""mse"": 0.8055862645267616, ""rmse"": 0.8975445752310921, ""mae"": 0.6264067646588034, ""num_samples"": 1026, ""eval_clip"": false, ""min_rating"": 1.0, ""max_rating"": 5.0, ""unclipped_prediction_min"": 3.3158960342407227, ""unclipped_prediction_max"": 4.9692487716674805, ""clipped_prediction_min"": 3.3158960342407227, ""clipped_prediction_max"": 4.9692487716674805, ""label_min"": 1.0, ""label_max"": 5.0, ""rating_mean"": 4.482456207275391, ""rating_std"": 0.9219989776611328, ""rating_distribution"": {""1.0"": 27, ""2.0"": 26, ""3.0"": 68, ""4.0"": 209, ""5.0"": 696}, ""pred_mean"": 4.500126725516589, ""pred_std"": 0.2888586486137094, ""pred_min"": 3.3158960342407227, ""pred_max"": 4.9692487716674805, ""abs_error_mean"": 0.6264067646588034, ""abs_error_p90"": 1.2480931282043457, ""abs_error_p95"": 1.8698508739471436, ""abs_error_p99"": 3.535003185272217, ""abs_error_max"": 3.8279247283935547, ""mean_gate"": 0.9334847927093506, ""std_gate"": 0.02706988900899887, ""min_gate_value"": 0.34600120782852173, ""max_gate_value"": 0.9533169269561768, ""mean_edge_misalign_score"": 0.08451838046312332, ""best_valid_metric"": 0.8670184338258027}",
round2_model.ed_weight_0.3,ok,0,"{""training.lr"": 0.02, ""training.weight_decay"": 1e-05, ""training.grad_clip"": 0.5, ""model.embedding_size"": 32, ""model.num_layers"": 2, ""model.dropout"": 0.7, ""model.node_dropout"": 0.8, ""model.nd_weight"": 0.1, ""model.ed_weight"": 0.3, ""model.min_gate"": 0.15, ""model.gate_beta0_init"": 3.0, ""model.gate_beta1_init"": 4.0}",/home/infolab/mnt/mingyu/review_rec/rating4review/results/scg_rgcl_42_Amazon_Musical_Instruments_14_20260515_131327_339479/test_results.json,0.8952340127012096,,,"{""mse"": 0.8014439374971095, ""rmse"": 0.8952340127012096, ""mae"": 0.628680774342944, ""num_samples"": 1026, ""eval_clip"": false, ""min_rating"": 1.0, ""max_rating"": 5.0, ""unclipped_prediction_min"": 3.3817684650421143, ""unclipped_prediction_max"": 4.96380090713501, ""clipped_prediction_min"": 3.3817684650421143, ""clipped_prediction_max"": 4.96380090713501, ""label_min"": 1.0, ""label_max"": 5.0, ""rating_mean"": 4.482456207275391, ""rating_std"": 0.9219989776611328, ""rating_distribution"": {""1.0"": 27, ""2.0"": 26, ""3.0"": 68, ""4.0"": 209, ""5.0"": 696}, ""pred_mean"": 4.493535438708627, ""pred_std"": 0.27514833396108457, ""pred_min"": 3.3817684650421143, ""pred_max"": 4.96380090713501, ""abs_error_mean"": 0.628680774342944, ""abs_error_p90"": 1.2882733345031738, ""abs_error_p95"": 1.8422722816467285, ""abs_error_p99"": 3.4941000938415527, ""abs_error_max"": 3.796060562133789, ""mean_gate"": 0.9362689852714539, ""std_gate"": 0.025940733030438423, ""min_gate_value"": 0.3611029088497162, ""max_gate_value"": 0.9551002979278564, ""mean_edge_misalign_score"": 0.08451838046312332, ""best_valid_metric"": 0.8723217659431155}",
round2_model.ed_weight_1.0,ok,0,"{""training.lr"": 0.02, ""training.weight_decay"": 1e-05, ""training.grad_clip"": 0.5, ""model.embedding_size"": 32, ""model.num_layers"": 2, ""model.dropout"": 0.7, ""model.node_dropout"": 0.8, ""model.nd_weight"": 0.1, ""model.ed_weight"": 1.0, ""model.min_gate"": 0.15, ""model.gate_beta0_init"": 3.0, ""model.gate_beta1_init"": 4.0}",/home/infolab/mnt/mingyu/review_rec/rating4review/results/scg_rgcl_42_Amazon_Musical_Instruments_14_20260515_131351_526399/test_results.json,0.8938213850589689,,,"{""mse"": 0.7989166683887337, ""rmse"": 0.8938213850589689, ""mae"": 0.6335678730327019, ""num_samples"": 1026, ""eval_clip"": false, ""min_rating"": 1.0, ""max_rating"": 5.0, ""unclipped_prediction_min"": 3.385179042816162, ""unclipped_prediction_max"": 4.962078094482422, ""clipped_prediction_min"": 3.385179042816162, ""clipped_prediction_max"": 4.962078094482422, ""label_min"": 1.0, ""label_max"": 5.0, ""rating_mean"": 4.482456207275391, ""rating_std"": 0.9219989776611328, ""rating_distribution"": {""1.0"": 27, ""2.0"": 26, ""3.0"": 68, ""4.0"": 209, ""5.0"": 696}, ""pred_mean"": 4.4827754843769485, ""pred_std"": 0.2806931391734229, ""pred_min"": 3.385179042816162, ""pred_max"": 4.962078094482422, ""abs_error_mean"": 0.6335678730327019, ""abs_error_p90"": 1.2297883033752441, ""abs_error_p95"": 1.8728541135787964, ""abs_error_p99"": 3.545304775238037, ""abs_error_max"": 3.8043899536132812, ""mean_gate"": 0.9358900785446167, ""std_gate"": 0.02609906904399395, ""min_gate_value"": 0.35890430212020874, ""max_gate_value"": 0.9548593759536743, ""mean_edge_misalign_score"": 0.08451838046312332, ""best_valid_metric"": 0.8645385454493065}",
round2_model.min_gate_0.05,ok,0,"{""training.lr"": 0.02, ""training.weight_decay"": 1e-05, ""training.grad_clip"": 0.5, ""model.embedding_size"": 32, ""model.num_layers"": 2, ""model.dropout"": 0.7, ""model.node_dropout"": 0.8, ""model.nd_weight"": 0.1, ""model.ed_weight"": 0.7, ""model.min_gate"": 0.05, ""model.gate_beta0_init"": 3.0, ""model.gate_beta1_init"": 4.0}",/home/infolab/mnt/mingyu/review_rec/rating4review/results/scg_rgcl_42_Amazon_Musical_Instruments_14_20260515_131419_424580/test_results.json,0.8980340133902792,,,"{""mse"": 0.8064650892058522, ""rmse"": 0.8980340133902792, ""mae"": 0.6316561408442596, ""num_samples"": 1026, ""eval_clip"": false, ""min_rating"": 1.0, ""max_rating"": 5.0, ""unclipped_prediction_min"": 3.26790714263916, ""unclipped_prediction_max"": 4.968455791473389, ""clipped_prediction_min"": 3.26790714263916, ""clipped_prediction_max"": 4.968455791473389, ""label_min"": 1.0, ""label_max"": 5.0, ""rating_mean"": 4.482456207275391, ""rating_std"": 0.9219989776611328, ""rating_distribution"": {""1.0"": 27, ""2.0"": 26, ""3.0"": 68, ""4.0"": 209, ""5.0"": 696}, ""pred_mean"": 4.481567756706744, ""pred_std"": 0.2999571357506553, ""pred_min"": 3.26790714263916, ""pred_max"": 4.968455791473389, ""abs_error_mean"": 0.6316561408442596, ""abs_error_p90"": 1.2359758615493774, ""abs_error_p95"": 1.8553073406219482, ""abs_error_p99"": 3.5200904607772827, ""abs_error_max"": 3.818460464477539, ""mean_gate"": 0.9256690740585327, ""std_gate"": 0.03021026775240898, ""min_gate_value"": 0.2697890102863312, ""max_gate_value"": 0.9478082656860352, ""mean_edge_misalign_score"": 0.08451838046312332, ""best_valid_metric"": 0.8664989050313724}",
round2_model.min_gate_0.1,ok,0,"{""training.lr"": 0.02, ""training.weight_decay"": 1e-05, ""training.grad_clip"": 0.5, ""model.embedding_size"": 32, ""model.num_layers"": 2, ""model.dropout"": 0.7, ""model.node_dropout"": 0.8, ""model.nd_weight"": 0.1, ""model.ed_weight"": 0.7, ""model.min_gate"": 0.1, ""model.gate_beta0_init"": 3.0, ""model.gate_beta1_init"": 4.0}",/home/infolab/mnt/mingyu/review_rec/rating4review/results/scg_rgcl_42_Amazon_Musical_Instruments_14_20260515_131437_768003/test_results.json,0.8979931457015995,,,"{""mse"": 0.8063916897270541, ""rmse"": 0.8979931457015995, ""mae"": 0.6318332802714892, ""num_samples"": 1026, ""eval_clip"": false, ""min_rating"": 1.0, ""max_rating"": 5.0, ""unclipped_prediction_min"": 3.2672808170318604, ""unclipped_prediction_max"": 4.968365669250488, ""clipped_prediction_min"": 3.2672808170318604, ""clipped_prediction_max"": 4.968365669250488, ""label_min"": 1.0, ""label_max"": 5.0, ""rating_mean"": 4.482456207275391, ""rating_std"": 0.9219989776611328, ""rating_distribution"": {""1.0"": 27, ""2.0"": 26, ""3.0"": 68, ""4.0"": 209, ""5.0"": 696}, ""pred_mean"": 4.480947624405458, ""pred_std"": 0.3001908888585013, ""pred_min"": 3.2672808170318604, ""pred_max"": 4.968365669250488, ""abs_error_mean"": 0.6318332802714892, ""abs_error_p90"": 1.2365914583206177, ""abs_error_p95"": 1.8549962043762207, ""abs_error_p99"": 3.5191489458084106, ""abs_error_max"": 3.8183021545410156, ""mean_gate"": 0.9294962882995605, ""std_gate"": 0.028648968786001205, ""min_gate_value"": 0.3078713119029999, ""max_gate_value"": 0.9504978060722351, ""mean_edge_misalign_score"": 0.08451838046312332, ""best_valid_metric"": 0.8664853105252319}",
round2_model.min_gate_0.2,ok,0,"{""training.lr"": 0.02, ""training.weight_decay"": 1e-05, ""training.grad_clip"": 0.5, ""model.embedding_size"": 32, ""model.num_layers"": 2, ""model.dropout"": 0.7, ""model.node_dropout"": 0.8, ""model.nd_weight"": 0.1, ""model.ed_weight"": 0.7, ""model.min_gate"": 0.2, ""model.gate_beta0_init"": 3.0, ""model.gate_beta1_init"": 4.0}",/home/infolab/mnt/mingyu/review_rec/rating4review/results/scg_rgcl_42_Amazon_Musical_Instruments_14_20260515_131456_111326/test_results.json,0.8935135702425607,,,"{""mse"": 0.7983665002076075, ""rmse"": 0.8935135702425607, ""mae"": 0.6273959240718194, ""num_samples"": 1026, ""eval_clip"": false, ""min_rating"": 1.0, ""max_rating"": 5.0, ""unclipped_prediction_min"": 3.3884928226470947, ""unclipped_prediction_max"": 4.963028430938721, ""clipped_prediction_min"": 3.3884928226470947, ""clipped_prediction_max"": 4.963028430938721, ""label_min"": 1.0, ""label_max"": 5.0, ""rating_mean"": 4.482456207275391, ""rating_std"": 0.9219989776611328, ""rating_distribution"": {""1.0"": 27, ""2.0"": 26, ""3.0"": 68, ""4.0"": 209, ""5.0"": 696}, ""pred_mean"": 4.493431710825097, ""pred_std"": 0.28426833601475116, ""pred_min"": 3.3884928226470947, ""pred_max"": 4.963028430938721, ""abs_error_mean"": 0.6273959240718194, ""abs_error_p90"": 1.2536892890930176, ""abs_error_p95"": 1.8494362831115723, ""abs_error_p99"": 3.5266802310943604, ""abs_error_max"": 3.8142127990722656, ""mean_gate"": 0.9370307326316833, ""std_gate"": 0.025507653132081032, ""min_gate_value"": 0.3845365047454834, ""max_gate_value"": 0.955762505531311, ""mean_edge_misalign_score"": 0.08451838046312332, ""best_valid_metric"": 0.8662522519017768}",
round2_model.gate_beta0_init_1.0,ok,0,"{""training.lr"": 0.02, ""training.weight_decay"": 1e-05, ""training.grad_clip"": 0.5, ""model.embedding_size"": 32, ""model.num_layers"": 2, ""model.dropout"": 0.7, ""model.node_dropout"": 0.8, ""model.nd_weight"": 0.1, ""model.ed_weight"": 0.7, ""model.min_gate"": 0.2, ""model.gate_beta0_init"": 1.0, ""model.gate_beta1_init"": 4.0}",/home/infolab/mnt/mingyu/review_rec/rating4review/results/scg_rgcl_42_Amazon_Musical_Instruments_14_20260515_131554_467496/test_results.json,0.8953775981844068,,,"{""mse"": 0.801701043330477, ""rmse"": 0.8953775981844068, ""mae"": 0.6310513207786962, ""num_samples"": 1026, ""eval_clip"": false, ""min_rating"": 1.0, ""max_rating"": 5.0, ""unclipped_prediction_min"": 3.3337833881378174, ""unclipped_prediction_max"": 4.9652099609375, ""clipped_prediction_min"": 3.3337833881378174, ""clipped_prediction_max"": 4.9652099609375, ""label_min"": 1.0, ""label_max"": 5.0, ""rating_mean"": 4.482456207275391, ""rating_std"": 0.9219989776611328, ""rating_distribution"": {""1.0"": 27, ""2.0"": 26, ""3.0"": 68, ""4.0"": 209, ""5.0"": 696}, ""pred_mean"": 4.489686330856635, ""pred_std"": 0.28183107021782605, ""pred_min"": 3.3337833881378174, ""pred_max"": 4.9652099609375, ""abs_error_mean"": 0.6310513207786962, ""abs_error_p90"": 1.2496129274368286, ""abs_error_p95"": 1.836003065109253, ""abs_error_p99"": 3.51497483253479, ""abs_error_max"": 3.811100959777832, ""mean_gate"": 0.7215700149536133, ""std_gate"": 0.049249790608882904, ""min_gate_value"": 0.23884880542755127, ""max_gate_value"": 0.7794802188873291, ""mean_edge_misalign_score"": 0.08451838046312332, ""best_valid_metric"": 0.8667532841863871}",
round2_model.gate_beta0_init_2.0,ok,0,"{""training.lr"": 0.02, ""training.weight_decay"": 1e-05, ""training.grad_clip"": 0.5, ""model.embedding_size"": 32, ""model.num_layers"": 2, ""model.dropout"": 0.7, ""model.node_dropout"": 0.8, ""model.nd_weight"": 0.1, ""model.ed_weight"": 0.7, ""model.min_gate"": 0.2, ""model.gate_beta0_init"": 2.0, ""model.gate_beta1_init"": 4.0}",/home/infolab/mnt/mingyu/review_rec/rating4review/results/scg_rgcl_42_Amazon_Musical_Instruments_14_20260515_131625_648504/test_results.json,0.8983413542025713,,,"{""mse"": 0.8070171886705098, ""rmse"": 0.8983413542025713, ""mae"": 0.631370145210281, ""num_samples"": 1026, ""eval_clip"": false, ""min_rating"": 1.0, ""max_rating"": 5.0, ""unclipped_prediction_min"": 3.2885422706604004, ""unclipped_prediction_max"": 4.967621326446533, ""clipped_prediction_min"": 3.2885422706604004, ""clipped_prediction_max"": 4.967621326446533, ""label_min"": 1.0, ""label_max"": 5.0, ""rating_mean"": 4.482456207275391, ""rating_std"": 0.9219989776611328, ""rating_distribution"": {""1.0"": 27, ""2.0"": 26, ""3.0"": 68, ""4.0"": 209, ""5.0"": 696}, ""pred_mean"": 4.485066140139544, ""pred_std"": 0.2962859112373632, ""pred_min"": 3.2885422706604004, ""pred_max"": 4.967621326446533, ""abs_error_mean"": 0.631370145210281, ""abs_error_p90"": 1.2385742664337158, ""abs_error_p95"": 1.8577756881713867, ""abs_error_p99"": 3.5266177654266357, ""abs_error_max"": 3.818620204925537, ""mean_gate"": 0.8531692028045654, ""std_gate"": 0.04071115329861641, ""min_gate_value"": 0.2799699008464813, ""max_gate_value"": 0.8918985724449158, ""mean_edge_misalign_score"": 0.08451838046312332, ""best_valid_metric"": 0.8668751268942538}",
round2_model.gate_beta1_init_2.0,ok,0,"{""training.lr"": 0.02, ""training.weight_decay"": 1e-05, ""training.grad_clip"": 0.5, ""model.embedding_size"": 32, ""model.num_layers"": 2, ""model.dropout"": 0.7, ""model.node_dropout"": 0.8, ""model.nd_weight"": 0.1, ""model.ed_weight"": 0.7, ""model.min_gate"": 0.2, ""model.gate_beta0_init"": 3.0, ""model.gate_beta1_init"": 2.0}",/home/infolab/mnt/mingyu/review_rec/rating4review/results/scg_rgcl_42_Amazon_Musical_Instruments_14_20260515_131644_110890/test_results.json,0.8934305959188019,,,"{""mse"": 0.7982182297238256, ""rmse"": 0.8934305959188019, ""mae"": 0.6272180707831132, ""num_samples"": 1026, ""eval_clip"": false, ""min_rating"": 1.0, ""max_rating"": 5.0, ""unclipped_prediction_min"": 3.384244441986084, ""unclipped_prediction_max"": 4.963481426239014, ""clipped_prediction_min"": 3.384244441986084, ""clipped_prediction_max"": 4.963481426239014, ""label_min"": 1.0, ""label_max"": 5.0, ""rating_mean"": 4.482456207275391, ""rating_std"": 0.9219989776611328, ""rating_distribution"": {""1.0"": 27, ""2.0"": 26, ""3.0"": 68, ""4.0"": 209, ""5.0"": 696}, ""pred_mean"": 4.493289005454288, ""pred_std"": 0.2856964864459561, ""pred_min"": 3.384244441986084, ""pred_max"": 4.963481426239014, ""abs_error_mean"": 0.6272180707831132, ""abs_error_p90"": 1.2558320760726929, ""abs_error_p95"": 1.8502193689346313, ""abs_error_p99"": 3.5243788957595825, ""abs_error_max"": 3.815791606903076, ""mean_gate"": 0.9471542835235596, ""std_gate"": 0.009439089335501194, ""min_gate_value"": 0.7445018887519836, ""max_gate_value"": 0.955603301525116, ""mean_edge_misalign_score"": 0.08451838046312332, ""best_valid_metric"": 0.8660505115951919}",
round2_model.gate_beta1_init_6.0,ok,0,"{""training.lr"": 0.02, ""training.weight_decay"": 1e-05, ""training.grad_clip"": 0.5, ""model.embedding_size"": 32, ""model.num_layers"": 2, ""model.dropout"": 0.7, ""model.node_dropout"": 0.8, ""model.nd_weight"": 0.1, ""model.ed_weight"": 0.7, ""model.min_gate"": 0.2, ""model.gate_beta0_init"": 3.0, ""model.gate_beta1_init"": 6.0}",/home/infolab/mnt/mingyu/review_rec/rating4review/results/scg_rgcl_42_Amazon_Musical_Instruments_14_20260515_131743_757599/test_results.json,0.8938083614691,,,"{""mse"": 0.7988933870320774, ""rmse"": 0.8938083614691, ""mae"": 0.6276490606992101, ""num_samples"": 1026, ""eval_clip"": false, ""min_rating"": 1.0, ""max_rating"": 5.0, ""unclipped_prediction_min"": 3.38881778717041, ""unclipped_prediction_max"": 4.963257789611816, ""clipped_prediction_min"": 3.38881778717041, ""clipped_prediction_max"": 4.963257789611816, ""label_min"": 1.0, ""label_max"": 5.0, ""rating_mean"": 4.482456207275391, ""rating_std"": 0.9219989776611328, ""rating_distribution"": {""1.0"": 27, ""2.0"": 26, ""3.0"": 68, ""4.0"": 209, ""5.0"": 696}, ""pred_mean"": 4.493434854185836, ""pred_std"": 0.2833434900319404, ""pred_min"": 3.38881778717041, ""pred_max"": 4.963257789611816, ""abs_error_mean"": 0.6276490606992101, ""abs_error_p90"": 1.250826120376587, ""abs_error_p95"": 1.8500730991363525, ""abs_error_p99"": 3.5345754623413086, ""abs_error_max"": 3.8145437240600586, ""mean_gate"": 0.9251812696456909, ""std_gate"": 0.04389668256044388, ""min_gate_value"": 0.23297391831874847, ""max_gate_value"": 0.9562386274337769, ""mean_edge_misalign_score"": 0.08451838046312332, ""best_valid_metric"": 0.8664262356156799}",
round3_training.lr_0.003,ok,0,"{""training.lr"": 0.003, ""training.weight_decay"": 1e-05, ""training.grad_clip"": 0.5, ""model.embedding_size"": 32, ""model.num_layers"": 2, ""model.dropout"": 0.7, ""model.node_dropout"": 0.8, ""model.nd_weight"": 0.1, ""model.ed_weight"": 0.7, ""model.min_gate"": 0.2, ""model.gate_beta0_init"": 3.0, ""model.gate_beta1_init"": 2.0}",/home/infolab/mnt/mingyu/review_rec/rating4review/results/scg_rgcl_42_Amazon_Musical_Instruments_14_20260515_131817_929325/test_results.json,0.9401363993465313,,,"{""mse"": 0.8838564493762604, ""rmse"": 0.9401363993465313, ""mae"": 0.7215194532513386, ""num_samples"": 1026, ""eval_clip"": false, ""min_rating"": 1.0, ""max_rating"": 5.0, ""unclipped_prediction_min"": 3.5920345783233643, ""unclipped_prediction_max"": 4.974592685699463, ""clipped_prediction_min"": 3.5920345783233643, ""clipped_prediction_max"": 4.974592685699463, ""label_min"": 1.0, ""label_max"": 5.0, ""rating_mean"": 4.482456207275391, ""rating_std"": 0.9219989776611328, ""rating_distribution"": {""1.0"": 27, ""2.0"": 26, ""3.0"": 68, ""4.0"": 209, ""5.0"": 696}, ""pred_mean"": 4.34299975366388, ""pred_std"": 0.27873199550600203, ""pred_min"": 3.5920345783233643, ""pred_max"": 4.974592685699463, ""abs_error_mean"": 0.7215194532513386, ""abs_error_p90"": 1.1808362007141113, ""abs_error_p95"": 1.9175550937652588, ""abs_error_p99"": 3.330686092376709, ""abs_error_max"": 3.949862003326416, ""mean_gate"": 0.955775797367096, ""std_gate"": 0.007634189911186695, ""min_gate_value"": 0.7900928258895874, ""max_gate_value"": 0.962605893611908, ""mean_edge_misalign_score"": 0.08451838046312332, ""best_valid_metric"": 0.9118599185887117}",
round3_training.lr_0.005,ok,0,"{""training.lr"": 0.005, ""training.weight_decay"": 1e-05, ""training.grad_clip"": 0.5, ""model.embedding_size"": 32, ""model.num_layers"": 2, ""model.dropout"": 0.7, ""model.node_dropout"": 0.8, ""model.nd_weight"": 0.1, ""model.ed_weight"": 0.7, ""model.min_gate"": 0.2, ""model.gate_beta0_init"": 3.0, ""model.gate_beta1_init"": 2.0}",/home/infolab/mnt/mingyu/review_rec/rating4review/results/scg_rgcl_42_Amazon_Musical_Instruments_14_20260515_131834_081277/test_results.json,0.899693871379862,,,"{""mse"": 0.8094490621984837, ""rmse"": 0.899693871379862, ""mae"": 0.6561400049146389, ""num_samples"": 1026, ""eval_clip"": false, ""min_rating"": 1.0, ""max_rating"": 5.0, ""unclipped_prediction_min"": 3.324800491333008, ""unclipped_prediction_max"": 4.907485008239746, ""clipped_prediction_min"": 3.324800491333008, ""clipped_prediction_max"": 4.907485008239746, ""label_min"": 1.0, ""label_max"": 5.0, ""rating_mean"": 4.482456207275391, ""rating_std"": 0.9219989776611328, ""rating_distribution"": {""1.0"": 27, ""2.0"": 26, ""3.0"": 68, ""4.0"": 209, ""5.0"": 696}, ""pred_mean"": 4.460100188357556, ""pred_std"": 0.232829186916956, ""pred_min"": 3.324800491333008, ""pred_max"": 4.907485008239746, ""abs_error_mean"": 0.6561400049146389, ""abs_error_p90"": 1.2488577365875244, ""abs_error_p95"": 1.977707862854004, ""abs_error_p99"": 3.5233319997787476, ""abs_error_max"": 3.6955766677856445, ""mean_gate"": 0.9550145268440247, ""std_gate"": 0.007748476229608059, ""min_gate_value"": 0.7872124910354614, ""max_gate_value"": 0.961956799030304, ""mean_edge_misalign_score"": 0.08451838046312332, ""best_valid_metric"": 0.8745616325485153}",
round3_training.lr_0.01,ok,0,"{""training.lr"": 0.01, ""training.weight_decay"": 1e-05, ""training.grad_clip"": 0.5, ""model.embedding_size"": 32, ""model.num_layers"": 2, ""model.dropout"": 0.7, ""model.node_dropout"": 0.8, ""model.nd_weight"": 0.1, ""model.ed_weight"": 0.7, ""model.min_gate"": 0.2, ""model.gate_beta0_init"": 3.0, ""model.gate_beta1_init"": 2.0}",/home/infolab/mnt/mingyu/review_rec/rating4review/results/scg_rgcl_42_Amazon_Musical_Instruments_14_20260515_131853_682934/test_results.json,0.897689925612731,,,"{""mse"": 0.8058472025465905, ""rmse"": 0.897689925612731, ""mae"": 0.6518805217557019, ""num_samples"": 1026, ""eval_clip"": false, ""min_rating"": 1.0, ""max_rating"": 5.0, ""unclipped_prediction_min"": 3.3082165718078613, ""unclipped_prediction_max"": 4.880520343780518, ""clipped_prediction_min"": 3.3082165718078613, ""clipped_prediction_max"": 4.880520343780518, ""label_min"": 1.0, ""label_max"": 5.0, ""rating_mean"": 4.482456207275391, ""rating_std"": 0.9219989776611328, ""rating_distribution"": {""1.0"": 27, ""2.0"": 26, ""3.0"": 68, ""4.0"": 209, ""5.0"": 696}, ""pred_mean"": 4.475674178400467, ""pred_std"": 0.2192925899455057, ""pred_min"": 3.3082165718078613, ""pred_max"": 4.880520343780518, ""abs_error_mean"": 0.6518805217557019, ""abs_error_p90"": 1.289412021636963, ""abs_error_p95"": 1.9512096643447876, ""abs_error_p99"": 3.5268683433532715, ""abs_error_max"": 3.6772537231445312, ""mean_gate"": 0.9539932012557983, ""std_gate"": 0.007932563312351704, ""min_gate_value"": 0.7825301289558411, ""max_gate_value"": 0.9611061811447144, ""mean_edge_misalign_score"": 0.08451838046312332, ""best_valid_metric"": 0.8745818306037652}",
round3_training.weight_decay_0.0,ok,0,"{""training.lr"": 0.02, ""training.weight_decay"": 0.0, ""training.grad_clip"": 0.5, ""model.embedding_size"": 32, ""model.num_layers"": 2, ""model.dropout"": 0.7, ""model.node_dropout"": 0.8, ""model.nd_weight"": 0.1, ""model.ed_weight"": 0.7, ""model.min_gate"": 0.2, ""model.gate_beta0_init"": 3.0, ""model.gate_beta1_init"": 2.0}",/home/infolab/mnt/mingyu/review_rec/rating4review/results/scg_rgcl_42_Amazon_Musical_Instruments_14_20260515_131911_942769/test_results.json,0.8950088473050717,,,"{""mse"": 0.8010408367543532, ""rmse"": 0.8950088473050717, ""mae"": 0.6254506682791905, ""num_samples"": 1026, ""eval_clip"": false, ""min_rating"": 1.0, ""max_rating"": 5.0, ""unclipped_prediction_min"": 3.1924901008605957, ""unclipped_prediction_max"": 4.971539497375488, ""clipped_prediction_min"": 3.1924901008605957, ""clipped_prediction_max"": 4.971539497375488, ""label_min"": 1.0, ""label_max"": 5.0, ""rating_mean"": 4.482456207275391, ""rating_std"": 0.9219989776611328, ""rating_distribution"": {""1.0"": 27, ""2.0"": 26, ""3.0"": 68, ""4.0"": 209, ""5.0"": 696}, ""pred_mean"": 4.493361563710441, ""pred_std"": 0.31030286834981524, ""pred_min"": 3.1924901008605957, ""pred_max"": 4.971539497375488, ""abs_error_mean"": 0.6254506682791905, ""abs_error_p90"": 1.2694803476333618, ""abs_error_p95"": 1.855720043182373, ""abs_error_p99"": 3.539162278175354, ""abs_error_max"": 3.8344240188598633, ""mean_gate"": 0.9468867182731628, ""std_gate"": 0.009969389997422695, ""min_gate_value"": 0.730638325214386, ""max_gate_value"": 0.9556971192359924, ""mean_edge_misalign_score"": 0.08451838046312332, ""best_valid_metric"": 0.8644707670093924}",
round3_training.weight_decay_1e-06,ok,0,"{""training.lr"": 0.02, ""training.weight_decay"": 1e-06, ""training.grad_clip"": 0.5, ""model.embedding_size"": 32, ""model.num_layers"": 2, ""model.dropout"": 0.7, ""model.node_dropout"": 0.8, ""model.nd_weight"": 0.1, ""model.ed_weight"": 0.7, ""model.min_gate"": 0.2, ""model.gate_beta0_init"": 3.0, ""model.gate_beta1_init"": 2.0}",/home/infolab/mnt/mingyu/review_rec/rating4review/results/scg_rgcl_42_Amazon_Musical_Instruments_14_20260515_132004_969095/test_results.json,0.8950361557061935,,,"{""mse"": 0.8010897200213216, ""rmse"": 0.8950361557061935, ""mae"": 0.6261929947498016, ""num_samples"": 1026, ""eval_clip"": false, ""min_rating"": 1.0, ""max_rating"": 5.0, ""unclipped_prediction_min"": 3.185245990753174, ""unclipped_prediction_max"": 4.971189975738525, ""clipped_prediction_min"": 3.185245990753174, ""clipped_prediction_max"": 4.971189975738525, ""label_min"": 1.0, ""label_max"": 5.0, ""rating_mean"": 4.482456207275391, ""rating_std"": 0.9219989776611328, ""rating_distribution"": {""1.0"": 27, ""2.0"": 26, ""3.0"": 68, ""4.0"": 209, ""5.0"": 696}, ""pred_mean"": 4.491458254947997, ""pred_std"": 0.31061337162707015, ""pred_min"": 3.185245990753174, ""pred_max"": 4.971189975738525, ""abs_error_mean"": 0.6261929947498016, ""abs_error_p90"": 1.2772035598754883, ""abs_error_p95"": 1.85464608669281, ""abs_error_p99"": 3.5461792945861816, ""abs_error_max"": 3.8323464393615723, ""mean_gate"": 0.9472591876983643, ""std_gate"": 0.009632726199924946, ""min_gate_value"": 0.739371120929718, ""max_gate_value"": 0.9558302164077759, ""mean_edge_misalign_score"": 0.08451838046312332, ""best_valid_metric"": 0.8642548468045551}",
round3_training.weight_decay_0.0001,ok,0,"{""training.lr"": 0.02, ""training.weight_decay"": 0.0001, ""training.grad_clip"": 0.5, ""model.embedding_size"": 32, ""model.num_layers"": 2, ""model.dropout"": 0.7, ""model.node_dropout"": 0.8, ""model.nd_weight"": 0.1, ""model.ed_weight"": 0.7, ""model.min_gate"": 0.2, ""model.gate_beta0_init"": 3.0, ""model.gate_beta1_init"": 2.0}",/home/infolab/mnt/mingyu/review_rec/rating4review/results/scg_rgcl_42_Amazon_Musical_Instruments_14_20260515_132054_414498/test_results.json,0.8958773667572271,,,"{""mse"": 0.8025962562678631, ""rmse"": 0.8958773667572271, ""mae"": 0.6410107886814467, ""num_samples"": 1026, ""eval_clip"": false, ""min_rating"": 1.0, ""max_rating"": 5.0, ""unclipped_prediction_min"": 3.463653564453125, ""unclipped_prediction_max"": 4.952212810516357, ""clipped_prediction_min"": 3.463653564453125, ""clipped_prediction_max"": 4.952212810516357, ""label_min"": 1.0, ""label_max"": 5.0, ""rating_mean"": 4.482456207275391, ""rating_std"": 0.9219989776611328, ""rating_distribution"": {""1.0"": 27, ""2.0"": 26, ""3.0"": 68, ""4.0"": 209, ""5.0"": 696}, ""pred_mean"": 4.4830068728612416, ""pred_std"": 0.24795807210290136, ""pred_min"": 3.463653564453125, ""pred_max"": 4.952212810516357, ""abs_error_mean"": 0.6410107886814467, ""abs_error_p90"": 1.2564889192581177, ""abs_error_p95"": 1.8604941964149475, ""abs_error_p99"": 3.509419798851013, ""abs_error_max"": 3.7747673988342285, ""mean_gate"": 0.9522500038146973, ""std_gate"": 0.007107241544872522, ""min_gate_value"": 0.8046534657478333, ""max_gate_value"": 0.9588786959648132, ""mean_edge_misalign_score"": 0.08451838046312332, ""best_valid_metric"": 0.8699927532940399}",
round3_training.grad_clip_1.0,ok,0,"{""training.lr"": 0.02, ""training.weight_decay"": 1e-05, ""training.grad_clip"": 1.0, ""model.embedding_size"": 32, ""model.num_layers"": 2, ""model.dropout"": 0.7, ""model.node_dropout"": 0.8, ""model.nd_weight"": 0.1, ""model.ed_weight"": 0.7, ""model.min_gate"": 0.2, ""model.gate_beta0_init"": 3.0, ""model.gate_beta1_init"": 2.0}",/home/infolab/mnt/mingyu/review_rec/rating4review/results/scg_rgcl_42_Amazon_Musical_Instruments_14_20260515_132117_669445/test_results.json,0.898041822347598,,,"{""mse"": 0.8064791146853948, ""rmse"": 0.898041822347598, ""mae"": 0.6310588409561395, ""num_samples"": 1026, ""eval_clip"": false, ""min_rating"": 1.0, ""max_rating"": 5.0, ""unclipped_prediction_min"": 3.238187789916992, ""unclipped_prediction_max"": 4.9688568115234375, ""clipped_prediction_min"": 3.238187789916992, ""clipped_prediction_max"": 4.9688568115234375, ""label_min"": 1.0, ""label_max"": 5.0, ""rating_mean"": 4.482456207275391, ""rating_std"": 0.9219989776611328, ""rating_distribution"": {""1.0"": 27, ""2.0"": 26, ""3.0"": 68, ""4.0"": 209, ""5.0"": 696}, ""pred_mean"": 4.482223881383156, ""pred_std"": 0.3019225276633346, ""pred_min"": 3.238187789916992, ""pred_max"": 4.9688568115234375, ""abs_error_mean"": 0.6310588409561395, ""abs_error_p90"": 1.2434905767440796, ""abs_error_p95"": 1.858723521232605, ""abs_error_p99"": 3.5260664224624634, ""abs_error_max"": 3.817923069000244, ""mean_gate"": 0.9475298523902893, ""std_gate"": 0.009357607923448086, ""min_gate_value"": 0.7465232014656067, ""max_gate_value"": 0.9559057950973511, ""mean_edge_misalign_score"": 0.08451838046312332, ""best_valid_metric"": 0.8662749941004394}",
round3_training.grad_clip_2.0,ok,0,"{""training.lr"": 0.02, ""training.weight_decay"": 1e-05, ""training.grad_clip"": 2.0, ""model.embedding_size"": 32, ""model.num_layers"": 2, ""model.dropout"": 0.7, ""model.node_dropout"": 0.8, ""model.nd_weight"": 0.1, ""model.ed_weight"": 0.7, ""model.min_gate"": 0.2, ""model.gate_beta0_init"": 3.0, ""model.gate_beta1_init"": 2.0}",/home/infolab/mnt/mingyu/review_rec/rating4review/results/scg_rgcl_42_Amazon_Musical_Instruments_14_20260515_132135_759837/test_results.json,0.8980418315005682,,,"{""mse"": 0.8064791311248949, ""rmse"": 0.8980418315005682, ""mae"": 0.6310588488569502, ""num_samples"": 1026, ""eval_clip"": false, ""min_rating"": 1.0, ""max_rating"": 5.0, ""unclipped_prediction_min"": 3.238187789916992, ""unclipped_prediction_max"": 4.9688568115234375, ""clipped_prediction_min"": 3.238187789916992, ""clipped_prediction_max"": 4.9688568115234375, ""label_min"": 1.0, ""label_max"": 5.0, ""rating_mean"": 4.482456207275391, ""rating_std"": 0.9219989776611328, ""rating_distribution"": {""1.0"": 27, ""2.0"": 26, ""3.0"": 68, ""4.0"": 209, ""5.0"": 696}, ""pred_mean"": 4.482223869764317, ""pred_std"": 0.30192251879973664, ""pred_min"": 3.238187789916992, ""pred_max"": 4.9688568115234375, ""abs_error_mean"": 0.6310588488569502, ""abs_error_p90"": 1.2434903383255005, ""abs_error_p95"": 1.8587231636047363, ""abs_error_p99"": 3.5260661840438843, ""abs_error_max"": 3.8179235458374023, ""mean_gate"": 0.9475298523902893, ""std_gate"": 0.009357607923448086, ""min_gate_value"": 0.7465232014656067, ""max_gate_value"": 0.9559057950973511, ""mean_edge_misalign_score"": 0.08451838046312332, ""best_valid_metric"": 0.8662750093767645}",
round3_training.grad_clip_5.0,ok,0,"{""training.lr"": 0.02, ""training.weight_decay"": 1e-05, ""training.grad_clip"": 5.0, ""model.embedding_size"": 32, ""model.num_layers"": 2, ""model.dropout"": 0.7, ""model.node_dropout"": 0.8, ""model.nd_weight"": 0.1, ""model.ed_weight"": 0.7, ""model.min_gate"": 0.2, ""model.gate_beta0_init"": 3.0, ""model.gate_beta1_init"": 2.0}",/home/infolab/mnt/mingyu/review_rec/rating4review/results/scg_rgcl_42_Amazon_Musical_Instruments_14_20260515_132153_661725/test_results.json,0.8980418266758041,,,"{""mse"": 0.8064791224592149, ""rmse"": 0.8980418266758041, ""mae"": 0.6310588614052964, ""num_samples"": 1026, ""eval_clip"": false, ""min_rating"": 1.0, ""max_rating"": 5.0, ""unclipped_prediction_min"": 3.238187789916992, ""unclipped_prediction_max"": 4.968856334686279, ""clipped_prediction_min"": 3.238187789916992, ""clipped_prediction_max"": 4.968856334686279, ""label_min"": 1.0, ""label_max"": 5.0, ""rating_mean"": 4.482456207275391, ""rating_std"": 0.9219989776611328, ""rating_distribution"": {""1.0"": 27, ""2.0"": 26, ""3.0"": 68, ""4.0"": 209, ""5.0"": 696}, ""pred_mean"": 4.482223846061885, ""pred_std"": 0.30192253076103837, ""pred_min"": 3.238187789916992, ""pred_max"": 4.968856334686279, ""abs_error_mean"": 0.6310588614052964, ""abs_error_p90"": 1.243490219116211, ""abs_error_p95"": 1.858723521232605, ""abs_error_p99"": 3.526066303253174, ""abs_error_max"": 3.8179235458374023, ""mean_gate"": 0.9475298523902893, ""std_gate"": 0.009357607923448086, ""min_gate_value"": 0.7465232014656067, ""max_gate_value"": 0.9559057950973511, ""mean_edge_misalign_score"": 0.08451838046312332, ""best_valid_metric"": 0.8662749908288973}",
round3_model.embedding_size_64,ok,0,"{""training.lr"": 0.02, ""training.weight_decay"": 1e-05, ""training.grad_clip"": 0.5, ""model.embedding_size"": 64, ""model.num_layers"": 2, ""model.dropout"": 0.7, ""model.node_dropout"": 0.8, ""model.nd_weight"": 0.1, ""model.ed_weight"": 0.7, ""model.min_gate"": 0.2, ""model.gate_beta0_init"": 3.0, ""model.gate_beta1_init"": 2.0}",/home/infolab/mnt/mingyu/review_rec/rating4review/results/scg_rgcl_42_Amazon_Musical_Instruments_14_20260515_132211_542670/test_results.json,0.8958508763136817,,,"{""mse"": 0.8025487925919913, ""rmse"": 0.8958508763136817, ""mae"": 0.6361769598129897, ""num_samples"": 1026, ""eval_clip"": false, ""min_rating"": 1.0, ""max_rating"": 5.0, ""unclipped_prediction_min"": 3.2157390117645264, ""unclipped_prediction_max"": 4.968618869781494, ""clipped_prediction_min"": 3.2157390117645264, ""clipped_prediction_max"": 4.968618869781494, ""label_min"": 1.0, ""label_max"": 5.0, ""rating_mean"": 4.482456207275391, ""rating_std"": 0.9219989776611328, ""rating_distribution"": {""1.0"": 27, ""2.0"": 26, ""3.0"": 68, ""4.0"": 209, ""5.0"": 696}, ""pred_mean"": 4.477597240351329, ""pred_std"": 0.2898634502573069, ""pred_min"": 3.2157390117645264, ""pred_max"": 4.968618869781494, ""abs_error_mean"": 0.6361769598129897, ""abs_error_p90"": 1.2318603992462158, ""abs_error_p95"": 1.8765426278114319, ""abs_error_p99"": 3.5296056270599365, ""abs_error_max"": 3.7372870445251465, ""mean_gate"": 0.9452614188194275, ""std_gate"": 0.010258911177515984, ""min_gate_value"": 0.7236927151679993, ""max_gate_value"": 0.9543493986129761, ""mean_edge_misalign_score"": 0.08451838046312332, ""best_valid_metric"": 0.8684075381277919}",
round3_model.embedding_size_128,ok,0,"{""training.lr"": 0.02, ""training.weight_decay"": 1e-05, ""training.grad_clip"": 0.5, ""model.embedding_size"": 128, ""model.num_layers"": 2, ""model.dropout"": 0.7, ""model.node_dropout"": 0.8, ""model.nd_weight"": 0.1, ""model.ed_weight"": 0.7, ""model.min_gate"": 0.2, ""model.gate_beta0_init"": 3.0, ""model.gate_beta1_init"": 2.0}",/home/infolab/mnt/mingyu/review_rec/rating4review/results/scg_rgcl_42_Amazon_Musical_Instruments_14_20260515_132229_881358/test_results.json,0.9559688158724402,,,"{""mse"": 0.9138763769205556, ""rmse"": 0.9559688158724402, ""mae"": 0.7047016736824377, ""num_samples"": 1026, ""eval_clip"": false, ""min_rating"": 1.0, ""max_rating"": 5.0, ""unclipped_prediction_min"": 3.5888967514038086, ""unclipped_prediction_max"": 4.998570442199707, ""clipped_prediction_min"": 3.5888967514038086, ""clipped_prediction_max"": 4.998570442199707, ""label_min"": 1.0, ""label_max"": 5.0, ""rating_mean"": 4.482456207275391, ""rating_std"": 0.9219989776611328, ""rating_distribution"": {""1.0"": 27, ""2.0"": 26, ""3.0"": 68, ""4.0"": 209, ""5.0"": 696}, ""pred_mean"": 4.4208409516667295, ""pred_std"": 0.32787719200260884, ""pred_min"": 3.5888967514038086, ""pred_max"": 4.998570442199707, ""abs_error_mean"": 0.7047016736824377, ""abs_error_p90"": 1.2254695892333984, ""abs_error_p95"": 1.9928557872772217, ""abs_error_p99"": 3.3930400609970093, ""abs_error_max"": 3.998445987701416, ""mean_gate"": 0.9559683203697205, ""std_gate"": 0.007611365988850594, ""min_gate_value"": 0.790657103061676, ""max_gate_value"": 0.9627741575241089, ""mean_edge_misalign_score"": 0.08451838046312332, ""best_valid_metric"": 0.9266242045754538}",
round3_model.num_layers_1,ok,0,"{""training.lr"": 0.02, ""training.weight_decay"": 1e-05, ""training.grad_clip"": 0.5, ""model.embedding_size"": 32, ""model.num_layers"": 1, ""model.dropout"": 0.7, ""model.node_dropout"": 0.8, ""model.nd_weight"": 0.1, ""model.ed_weight"": 0.7, ""model.min_gate"": 0.2, ""model.gate_beta0_init"": 3.0, ""model.gate_beta1_init"": 2.0}",/home/infolab/mnt/mingyu/review_rec/rating4review/results/scg_rgcl_42_Amazon_Musical_Instruments_14_20260515_132245_589913/test_results.json,0.8951451350580284,,,"{""mse"": 0.801284812818056, ""rmse"": 0.8951451350580284, ""mae"": 0.6299487224563985, ""num_samples"": 1026, ""eval_clip"": false, ""min_rating"": 1.0, ""max_rating"": 5.0, ""unclipped_prediction_min"": 3.348080635070801, ""unclipped_prediction_max"": 4.952361106872559, ""clipped_prediction_min"": 3.348080635070801, ""clipped_prediction_max"": 4.952361106872559, ""label_min"": 1.0, ""label_max"": 5.0, ""rating_mean"": 4.482456207275391, ""rating_std"": 0.9219989776611328, ""rating_distribution"": {""1.0"": 27, ""2.0"": 26, ""3.0"": 68, ""4.0"": 209, ""5.0"": 696}, ""pred_mean"": 4.499168135734097, ""pred_std"": 0.27247291088226705, ""pred_min"": 3.348080635070801, ""pred_max"": 4.952361106872559, ""abs_error_mean"": 0.6299487224563985, ""abs_error_p90"": 1.2455618381500244, ""abs_error_p95"": 1.846670150756836, ""abs_error_p99"": 3.5039761066436768, ""abs_error_max"": 3.8174281120300293, ""mean_gate"": 0.9485410451889038, ""std_gate"": 0.009117173962295055, ""min_gate_value"": 0.7525413632392883, ""max_gate_value"": 0.9567064642906189, ""mean_edge_misalign_score"": 0.08451838046312332, ""best_valid_metric"": 0.8709716671224935}",
round3_model.dropout_0.3,ok,0,"{""training.lr"": 0.02, ""training.weight_decay"": 1e-05, ""training.grad_clip"": 0.5, ""model.embedding_size"": 32, ""model.num_layers"": 2, ""model.dropout"": 0.3, ""model.node_dropout"": 0.8, ""model.nd_weight"": 0.1, ""model.ed_weight"": 0.7, ""model.min_gate"": 0.2, ""model.gate_beta0_init"": 3.0, ""model.gate_beta1_init"": 2.0}",/home/infolab/mnt/mingyu/review_rec/rating4review/results/scg_rgcl_42_Amazon_Musical_Instruments_14_20260515_132332_273460/test_results.json,0.921198815456599,,,"{""mse"": 0.8486072575986411, ""rmse"": 0.921198815456599, ""mae"": 0.6176194872772485, ""num_samples"": 1026, ""eval_clip"": false, ""min_rating"": 1.0, ""max_rating"": 5.0, ""unclipped_prediction_min"": 2.245595932006836, ""unclipped_prediction_max"": 4.975192070007324, ""clipped_prediction_min"": 2.245595932006836, ""clipped_prediction_max"": 4.975192070007324, ""label_min"": 1.0, ""label_max"": 5.0, ""rating_mean"": 4.482456207275391, ""rating_std"": 0.9219989776611328, ""rating_distribution"": {""1.0"": 27, ""2.0"": 26, ""3.0"": 68, ""4.0"": 209, ""5.0"": 696}, ""pred_mean"": 4.516510722929971, ""pred_std"": 0.3865427146138301, ""pred_min"": 2.245595932006836, ""pred_max"": 4.975192070007324, ""abs_error_mean"": 0.6176194872772485, ""abs_error_p90"": 1.405516505241394, ""abs_error_p95"": 1.9126030802726746, ""abs_error_p99"": 3.583194136619568, ""abs_error_max"": 3.912158966064453, ""mean_gate"": 0.9536167979240417, ""std_gate"": 0.007856786251068115, ""min_gate_value"": 0.7846668362617493, ""max_gate_value"": 0.960698127746582, ""mean_edge_misalign_score"": 0.08451838046312332, ""best_valid_metric"": 0.8766568828058817}",
round3_model.dropout_0.5,ok,0,"{""training.lr"": 0.02, ""training.weight_decay"": 1e-05, ""training.grad_clip"": 0.5, ""model.embedding_size"": 32, ""model.num_layers"": 2, ""model.dropout"": 0.5, ""model.node_dropout"": 0.8, ""model.nd_weight"": 0.1, ""model.ed_weight"": 0.7, ""model.min_gate"": 0.2, ""model.gate_beta0_init"": 3.0, ""model.gate_beta1_init"": 2.0}",/home/infolab/mnt/mingyu/review_rec/rating4review/results/scg_rgcl_42_Amazon_Musical_Instruments_14_20260515_132349_176596/test_results.json,0.9037250838192221,,,"{""mse"": 0.8167190271240601, ""rmse"": 0.9037250838192221, ""mae"": 0.6357079755957828, ""num_samples"": 1026, ""eval_clip"": false, ""min_rating"": 1.0, ""max_rating"": 5.0, ""unclipped_prediction_min"": 2.688131332397461, ""unclipped_prediction_max"": 4.91300630569458, ""clipped_prediction_min"": 2.688131332397461, ""clipped_prediction_max"": 4.91300630569458, ""label_min"": 1.0, ""label_max"": 5.0, ""rating_mean"": 4.482456207275391, ""rating_std"": 0.9219989776611328, ""rating_distribution"": {""1.0"": 27, ""2.0"": 26, ""3.0"": 68, ""4.0"": 209, ""5.0"": 696}, ""pred_mean"": 4.498166172592728, ""pred_std"": 0.2957980296414023, ""pred_min"": 2.688131332397461, ""pred_max"": 4.91300630569458, ""abs_error_mean"": 0.6357079755957828, ""abs_error_p90"": 1.3350720405578613, ""abs_error_p95"": 1.832219123840332, ""abs_error_p99"": 3.5687310695648193, ""abs_error_max"": 3.798068046569824, ""mean_gate"": 0.9518778920173645, ""std_gate"": 0.008301052264869213, ""min_gate_value"": 0.7732356190681458, ""max_gate_value"": 0.9593374729156494, ""mean_edge_misalign_score"": 0.08451838046312332, ""best_valid_metric"": 0.8715919895950152}",
round3_model.node_dropout_0.5,ok,0,"{""training.lr"": 0.02, ""training.weight_decay"": 1e-05, ""training.grad_clip"": 0.5, ""model.embedding_size"": 32, ""model.num_layers"": 2, ""model.dropout"": 0.7, ""model.node_dropout"": 0.5, ""model.nd_weight"": 0.1, ""model.ed_weight"": 0.7, ""model.min_gate"": 0.2, ""model.gate_beta0_init"": 3.0, ""model.gate_beta1_init"": 2.0}",/home/infolab/mnt/mingyu/review_rec/rating4review/results/scg_rgcl_42_Amazon_Musical_Instruments_14_20260515_132405_747111/test_results.json,0.8934305892531209,,,"{""mse"": 0.7982182178131788, ""rmse"": 0.8934305892531209, ""mae"": 0.627218062417549, ""num_samples"": 1026, ""eval_clip"": false, ""min_rating"": 1.0, ""max_rating"": 5.0, ""unclipped_prediction_min"": 3.384244203567505, ""unclipped_prediction_max"": 4.963481426239014, ""clipped_prediction_min"": 3.384244203567505, ""clipped_prediction_max"": 4.963481426239014, ""label_min"": 1.0, ""label_max"": 5.0, ""rating_mean"": 4.482456207275391, ""rating_std"": 0.9219989776611328, ""rating_distribution"": {""1.0"": 27, ""2.0"": 26, ""3.0"": 68, ""4.0"": 209, ""5.0"": 696}, ""pred_mean"": 4.493289012425592, ""pred_std"": 0.2856964982995573, ""pred_min"": 3.384244203567505, ""pred_max"": 4.963481426239014, ""abs_error_mean"": 0.627218062417549, ""abs_error_p90"": 1.2558314800262451, ""abs_error_p95"": 1.8502190113067627, ""abs_error_p99"": 3.524379253387451, ""abs_error_max"": 3.815791606903076, ""mean_gate"": 0.9471542835235596, ""std_gate"": 0.009439089335501194, ""min_gate_value"": 0.7445018887519836, ""max_gate_value"": 0.955603301525116, ""mean_edge_misalign_score"": 0.08451838046312332, ""best_valid_metric"": 0.8660505204713853}",
round3_model.node_dropout_0.7,ok,0,"{""training.lr"": 0.02, ""training.weight_decay"": 1e-05, ""training.grad_clip"": 0.5, ""model.embedding_size"": 32, ""model.num_layers"": 2, ""model.dropout"": 0.7, ""model.node_dropout"": 0.7, ""model.nd_weight"": 0.1, ""model.ed_weight"": 0.7, ""model.min_gate"": 0.2, ""model.gate_beta0_init"": 3.0, ""model.gate_beta1_init"": 2.0}",/home/infolab/mnt/mingyu/review_rec/rating4review/results/scg_rgcl_42_Amazon_Musical_Instruments_14_20260515_132503_522430/test_results.json,0.8934305796600976,,,"{""mse"": 0.7982182006717781, ""rmse"": 0.8934305796600976, ""mae"": 0.6272180659032007, ""num_samples"": 1026, ""eval_clip"": false, ""min_rating"": 1.0, ""max_rating"": 5.0, ""unclipped_prediction_min"": 3.384244441986084, ""unclipped_prediction_max"": 4.963481426239014, ""clipped_prediction_min"": 3.384244441986084, ""clipped_prediction_max"": 4.963481426239014, ""label_min"": 1.0, ""label_max"": 5.0, ""rating_mean"": 4.482456207275391, ""rating_std"": 0.9219989776611328, ""rating_distribution"": {""1.0"": 27, ""2.0"": 26, ""3.0"": 68, ""4.0"": 209, ""5.0"": 696}, ""pred_mean"": 4.493289000574376, ""pred_std"": 0.2856964846959259, ""pred_min"": 3.384244441986084, ""pred_max"": 4.963481426239014, ""abs_error_mean"": 0.6272180659032007, ""abs_error_p90"": 1.2558318376541138, ""abs_error_p95"": 1.8502190113067627, ""abs_error_p99"": 3.5243788957595825, ""abs_error_max"": 3.815791606903076, ""mean_gate"": 0.9471542835235596, ""std_gate"": 0.009439089335501194, ""min_gate_value"": 0.7445018887519836, ""max_gate_value"": 0.955603301525116, ""mean_edge_misalign_score"": 0.08451838046312332, ""best_valid_metric"": 0.8660505076818179}",
round3_model.nd_weight_0.3,ok,0,"{""training.lr"": 0.02, ""training.weight_decay"": 1e-05, ""training.grad_clip"": 0.5, ""model.embedding_size"": 32, ""model.num_layers"": 2, ""model.dropout"": 0.7, ""model.node_dropout"": 0.7, ""model.nd_weight"": 0.3, ""model.ed_weight"": 0.7, ""model.min_gate"": 0.2, ""model.gate_beta0_init"": 3.0, ""model.gate_beta1_init"": 2.0}",/home/infolab/mnt/mingyu/review_rec/rating4review/results/scg_rgcl_42_Amazon_Musical_Instruments_14_20260515_132601_610463/test_results.json,0.8974269420089666,,,"{""mse"": 0.805375116243565, ""rmse"": 0.8974269420089666, ""mae"": 0.6324592194361993, ""num_samples"": 1026, ""eval_clip"": false, ""min_rating"": 1.0, ""max_rating"": 5.0, ""unclipped_prediction_min"": 3.273952007293701, ""unclipped_prediction_max"": 4.9670729637146, ""clipped_prediction_min"": 3.273952007293701, ""clipped_prediction_max"": 4.9670729637146, ""label_min"": 1.0, ""label_max"": 5.0, ""rating_mean"": 4.482456207275391, ""rating_std"": 0.9219989776611328, ""rating_distribution"": {""1.0"": 27, ""2.0"": 26, ""3.0"": 68, ""4.0"": 209, ""5.0"": 696}, ""pred_mean"": 4.479316001747087, ""pred_std"": 0.29948662107330687, ""pred_min"": 3.273952007293701, ""pred_max"": 4.9670729637146, ""abs_error_mean"": 0.6324592194361993, ""abs_error_p90"": 1.2459781169891357, ""abs_error_p95"": 1.8552141189575195, ""abs_error_p99"": 3.508849859237671, ""abs_error_max"": 3.8230786323547363, ""mean_gate"": 0.9474158883094788, ""std_gate"": 0.009394007734954357, ""min_gate_value"": 0.7456023693084717, ""max_gate_value"": 0.955821692943573, ""mean_edge_misalign_score"": 0.08451838046312332, ""best_valid_metric"": 0.866481300610286}",
round3_model.nd_weight_0.5,ok,0,"{""training.lr"": 0.02, ""training.weight_decay"": 1e-05, ""training.grad_clip"": 0.5, ""model.embedding_size"": 32, ""model.num_layers"": 2, ""model.dropout"": 0.7, ""model.node_dropout"": 0.7, ""model.nd_weight"": 0.5, ""model.ed_weight"": 0.7, ""model.min_gate"": 0.2, ""model.gate_beta0_init"": 3.0, ""model.gate_beta1_init"": 2.0}",/home/infolab/mnt/mingyu/review_rec/rating4review/results/scg_rgcl_42_Amazon_Musical_Instruments_14_20260515_132619_419498/test_results.json,0.8972130985795449,,,"{""mse"": 0.8049913442627081, ""rmse"": 0.8972130985795449, ""mae"": 0.6266323774181611, ""num_samples"": 1026, ""eval_clip"": false, ""min_rating"": 1.0, ""max_rating"": 5.0, ""unclipped_prediction_min"": 3.3116183280944824, ""unclipped_prediction_max"": 4.968864917755127, ""clipped_prediction_min"": 3.3116183280944824, ""clipped_prediction_max"": 4.968864917755127, ""label_min"": 1.0, ""label_max"": 5.0, ""rating_mean"": 4.482456207275391, ""rating_std"": 0.9219989776611328, ""rating_distribution"": {""1.0"": 27, ""2.0"": 26, ""3.0"": 68, ""4.0"": 209, ""5.0"": 696}, ""pred_mean"": 4.498319811988295, ""pred_std"": 0.2900501317450865, ""pred_min"": 3.3116183280944824, ""pred_max"": 4.968864917755127, ""abs_error_mean"": 0.6266323774181611, ""abs_error_p90"": 1.2447818517684937, ""abs_error_p95"": 1.8676766157150269, ""abs_error_p99"": 3.531013011932373, ""abs_error_max"": 3.8273420333862305, ""mean_gate"": 0.9474558234214783, ""std_gate"": 0.009396379813551903, ""min_gate_value"": 0.7455270290374756, ""max_gate_value"": 0.9558612108230591, ""mean_edge_misalign_score"": 0.08451838046312332, ""best_valid_metric"": 0.8667938086477445}",
round3_model.ed_weight_0.3,ok,0,"{""training.lr"": 0.02, ""training.weight_decay"": 1e-05, ""training.grad_clip"": 0.5, ""model.embedding_size"": 32, ""model.num_layers"": 2, ""model.dropout"": 0.7, ""model.node_dropout"": 0.7, ""model.nd_weight"": 0.1, ""model.ed_weight"": 0.3, ""model.min_gate"": 0.2, ""model.gate_beta0_init"": 3.0, ""model.gate_beta1_init"": 2.0}",/home/infolab/mnt/mingyu/review_rec/rating4review/results/scg_rgcl_42_Amazon_Musical_Instruments_14_20260515_132637_494217/test_results.json,0.8950456568040441,,,"{""mse"": 0.8011067277637828, ""rmse"": 0.8950456568040441, ""mae"": 0.6259635535829481, ""num_samples"": 1026, ""eval_clip"": false, ""min_rating"": 1.0, ""max_rating"": 5.0, ""unclipped_prediction_min"": 3.363306999206543, ""unclipped_prediction_max"": 4.972257614135742, ""clipped_prediction_min"": 3.363306999206543, ""clipped_prediction_max"": 4.972257614135742, ""label_min"": 1.0, ""label_max"": 5.0, ""rating_mean"": 4.482456207275391, ""rating_std"": 0.9219989776611328, ""rating_distribution"": {""1.0"": 27, ""2.0"": 26, ""3.0"": 68, ""4.0"": 209, ""5.0"": 696}, ""pred_mean"": 4.499394742136578, ""pred_std"": 0.2891014479162376, ""pred_min"": 3.363306999206543, ""pred_max"": 4.972257614135742, ""abs_error_mean"": 0.6259635535829481, ""abs_error_p90"": 1.2667570114135742, ""abs_error_p95"": 1.8596500158309937, ""abs_error_p99"": 3.5056456327438354, ""abs_error_max"": 3.8285183906555176, ""mean_gate"": 0.9476454854011536, ""std_gate"": 0.009206146001815796, ""min_gate_value"": 0.7504701614379883, ""max_gate_value"": 0.9559151530265808, ""mean_edge_misalign_score"": 0.08451838046312332, ""best_valid_metric"": 0.8702732539348634}",
round3_model.ed_weight_1.0,ok,0,"{""training.lr"": 0.02, ""training.weight_decay"": 1e-05, ""training.grad_clip"": 0.5, ""model.embedding_size"": 32, ""model.num_layers"": 2, ""model.dropout"": 0.7, ""model.node_dropout"": 0.7, ""model.nd_weight"": 0.1, ""model.ed_weight"": 1.0, ""model.min_gate"": 0.2, ""model.gate_beta0_init"": 3.0, ""model.gate_beta1_init"": 2.0}",/home/infolab/mnt/mingyu/review_rec/rating4review/results/scg_rgcl_42_Amazon_Musical_Instruments_14_20260515_132656_851552/test_results.json,0.8936196015182054,,,"{""mse"": 0.7985559922175562, ""rmse"": 0.8936196015182054, ""mae"": 0.6335103370060465, ""num_samples"": 1026, ""eval_clip"": false, ""min_rating"": 1.0, ""max_rating"": 5.0, ""unclipped_prediction_min"": 3.3776373863220215, ""unclipped_prediction_max"": 4.961765289306641, ""clipped_prediction_min"": 3.3776373863220215, ""clipped_prediction_max"": 4.961765289306641, ""label_min"": 1.0, ""label_max"": 5.0, ""rating_mean"": 4.482456207275391, ""rating_std"": 0.9219989776611328, ""rating_distribution"": {""1.0"": 27, ""2.0"": 26, ""3.0"": 68, ""4.0"": 209, ""5.0"": 696}, ""pred_mean"": 4.482160343993709, ""pred_std"": 0.28238727285243953, ""pred_min"": 3.3776373863220215, ""pred_max"": 4.961765289306641, ""abs_error_mean"": 0.6335103370060465, ""abs_error_p90"": 1.230079174041748, ""abs_error_p95"": 1.866682231426239, ""abs_error_p99"": 3.5444222688674927, ""abs_error_max"": 3.802639961242676, ""mean_gate"": 0.9494310617446899, ""std_gate"": 0.00886524561792612, ""min_gate_value"": 0.7589330673217773, ""max_gate_value"": 0.9573850035667419, ""mean_edge_misalign_score"": 0.08451838046312332, ""best_valid_metric"": 0.8641963589148688}",
round3_model.min_gate_0.05,ok,0,"{""training.lr"": 0.02, ""training.weight_decay"": 1e-05, ""training.grad_clip"": 0.5, ""model.embedding_size"": 32, ""model.num_layers"": 2, ""model.dropout"": 0.7, ""model.node_dropout"": 0.7, ""model.nd_weight"": 0.1, ""model.ed_weight"": 0.7, ""model.min_gate"": 0.05, ""model.gate_beta0_init"": 3.0, ""model.gate_beta1_init"": 2.0}",/home/infolab/mnt/mingyu/review_rec/rating4review/results/scg_rgcl_42_Amazon_Musical_Instruments_14_20260515_132725_920889/test_results.json,0.8934505747326711,,,"{""mse"": 0.7982539294901403, ""rmse"": 0.8934505747326711, ""mae"": 0.6273455117878161, ""num_samples"": 1026, ""eval_clip"": false, ""min_rating"": 1.0, ""max_rating"": 5.0, ""unclipped_prediction_min"": 3.38784122467041, ""unclipped_prediction_max"": 4.963447093963623, ""clipped_prediction_min"": 3.38784122467041, ""clipped_prediction_max"": 4.963447093963623, ""label_min"": 1.0, ""label_max"": 5.0, ""rating_mean"": 4.482456207275391, ""rating_std"": 0.9219989776611328, ""rating_distribution"": {""1.0"": 27, ""2.0"": 26, ""3.0"": 68, ""4.0"": 209, ""5.0"": 696}, ""pred_mean"": 4.493127446890342, ""pred_std"": 0.2852013616277524, ""pred_min"": 3.38784122467041, ""pred_max"": 4.963447093963623, ""abs_error_mean"": 0.6273455117878161, ""abs_error_p90"": 1.2548243999481201, ""abs_error_p95"": 1.8500131368637085, ""abs_error_p99"": 3.524764657020569, ""abs_error_max"": 3.8149728775024414, ""mean_gate"": 0.9373454451560974, ""std_gate"": 0.011214176192879677, ""min_gate_value"": 0.6964254379272461, ""max_gate_value"": 0.9473772048950195, ""mean_edge_misalign_score"": 0.08451838046312332, ""best_valid_metric"": 0.8660876171292511}",
round3_model.min_gate_0.1,ok,0,"{""training.lr"": 0.02, ""training.weight_decay"": 1e-05, ""training.grad_clip"": 0.5, ""model.embedding_size"": 32, ""model.num_layers"": 2, ""model.dropout"": 0.7, ""model.node_dropout"": 0.7, ""model.nd_weight"": 0.1, ""model.ed_weight"": 0.7, ""model.min_gate"": 0.1, ""model.gate_beta0_init"": 3.0, ""model.gate_beta1_init"": 2.0}",/home/infolab/mnt/mingyu/review_rec/rating4review/results/scg_rgcl_42_Amazon_Musical_Instruments_14_20260515_132800_647908/test_results.json,0.8934308315917389,,,"{""mse"": 0.798218650838706, ""rmse"": 0.8934308315917389, ""mae"": 0.6273195374081706, ""num_samples"": 1026, ""eval_clip"": false, ""min_rating"": 1.0, ""max_rating"": 5.0, ""unclipped_prediction_min"": 3.387439489364624, ""unclipped_prediction_max"": 4.963408946990967, ""clipped_prediction_min"": 3.387439489364624, ""clipped_prediction_max"": 4.963408946990967, ""label_min"": 1.0, ""label_max"": 5.0, ""rating_mean"": 4.482456207275391, ""rating_std"": 0.9219989776611328, ""rating_distribution"": {""1.0"": 27, ""2.0"": 26, ""3.0"": 68, ""4.0"": 209, ""5.0"": 696}, ""pred_mean"": 4.493144577939143, ""pred_std"": 0.2852762426179191, ""pred_min"": 3.387439489364624, ""pred_max"": 4.963408946990967, ""abs_error_mean"": 0.6273195374081706, ""abs_error_p90"": 1.2550207376480103, ""abs_error_p95"": 1.8500481843948364, ""abs_error_p99"": 3.524751305580139, ""abs_error_max"": 3.8149938583374023, ""mean_gate"": 0.9406048059463501, ""std_gate"": 0.010625466704368591, ""min_gate_value"": 0.712375819683075, ""max_gate_value"": 0.9501113295555115, ""mean_edge_misalign_score"": 0.08451838046312332, ""best_valid_metric"": 0.8660748557224238}",
round3_model.min_gate_0.15,ok,0,"{""training.lr"": 0.02, ""training.weight_decay"": 1e-05, ""training.grad_clip"": 0.5, ""model.embedding_size"": 32, ""model.num_layers"": 2, ""model.dropout"": 0.7, ""model.node_dropout"": 0.7, ""model.nd_weight"": 0.1, ""model.ed_weight"": 0.7, ""model.min_gate"": 0.15, ""model.gate_beta0_init"": 3.0, ""model.gate_beta1_init"": 2.0}",/home/infolab/mnt/mingyu/review_rec/rating4review/results/scg_rgcl_42_Amazon_Musical_Instruments_14_20260515_132834_505415/test_results.json,0.8947488775621564,,,"{""mse"": 0.8005755538987387, ""rmse"": 0.8947488775621564, ""mae"": 0.6282461818895841, ""num_samples"": 1026, ""eval_clip"": false, ""min_rating"": 1.0, ""max_rating"": 5.0, ""unclipped_prediction_min"": 3.334533452987671, ""unclipped_prediction_max"": 4.965296268463135, ""clipped_prediction_min"": 3.334533452987671, ""clipped_prediction_max"": 4.965296268463135, ""label_min"": 1.0, ""label_max"": 5.0, ""rating_mean"": 4.482456207275391, ""rating_std"": 0.9219989776611328, ""rating_distribution"": {""1.0"": 27, ""2.0"": 26, ""3.0"": 68, ""4.0"": 209, ""5.0"": 696}, ""pred_mean"": 4.488948981896711, ""pred_std"": 0.2945264872886973, ""pred_min"": 3.334533452987671, ""pred_max"": 4.965296268463135, ""abs_error_mean"": 0.6282461818895841, ""abs_error_p90"": 1.2420283555984497, ""abs_error_p95"": 1.8516994714736938, ""abs_error_p99"": 3.523669958114624, ""abs_error_max"": 3.8268871307373047, ""mean_gate"": 0.9437909722328186, ""std_gate"": 0.010062945075333118, ""min_gate_value"": 0.7276619672775269, ""max_gate_value"": 0.9527937173843384, ""mean_edge_misalign_score"": 0.08451838046312332, ""best_valid_metric"": 0.8661801582838127}",
round3_model.gate_beta0_init_1.0,ok,0,"{""training.lr"": 0.02, ""training.weight_decay"": 1e-05, ""training.grad_clip"": 0.5, ""model.embedding_size"": 32, ""model.num_layers"": 2, ""model.dropout"": 0.7, ""model.node_dropout"": 0.7, ""model.nd_weight"": 0.1, ""model.ed_weight"": 0.7, ""model.min_gate"": 0.2, ""model.gate_beta0_init"": 1.0, ""model.gate_beta1_init"": 2.0}",/home/infolab/mnt/mingyu/review_rec/rating4review/results/scg_rgcl_42_Amazon_Musical_Instruments_14_20260515_132852_503196/test_results.json,0.8955359885010283,,,"{""mse"": 0.801984706700514, ""rmse"": 0.8955359885010283, ""mae"": 0.6363646426396063, ""num_samples"": 1026, ""eval_clip"": false, ""min_rating"": 1.0, ""max_rating"": 5.0, ""unclipped_prediction_min"": 3.419721841812134, ""unclipped_prediction_max"": 4.948420524597168, ""clipped_prediction_min"": 3.419721841812134, ""clipped_prediction_max"": 4.948420524597168, ""label_min"": 1.0, ""label_max"": 5.0, ""rating_mean"": 4.482456207275391, ""rating_std"": 0.9219989776611328, ""rating_distribution"": {""1.0"": 27, ""2.0"": 26, ""3.0"": 68, ""4.0"": 209, ""5.0"": 696}, ""pred_mean"": 4.488989095706456, ""pred_std"": 0.25341922663318367, ""pred_min"": 3.419721841812134, ""pred_max"": 4.948420524597168, ""abs_error_mean"": 0.6363646426396063, ""abs_error_p90"": 1.2545766830444336, ""abs_error_p95"": 1.8730878829956055, ""abs_error_p99"": 3.5193190574645996, ""abs_error_max"": 3.7730255126953125, ""mean_gate"": 0.7477972507476807, ""std_gate"": 0.024760693311691284, ""min_gate_value"": 0.40863847732543945, ""max_gate_value"": 0.77631014585495, ""mean_edge_misalign_score"": 0.08451838046312332, ""best_valid_metric"": 0.8700830480305862}",
round3_model.gate_beta0_init_2.0,ok,0,"{""training.lr"": 0.02, ""training.weight_decay"": 1e-05, ""training.grad_clip"": 0.5, ""model.embedding_size"": 32, ""model.num_layers"": 2, ""model.dropout"": 0.7, ""model.node_dropout"": 0.7, ""model.nd_weight"": 0.1, ""model.ed_weight"": 0.7, ""model.min_gate"": 0.2, ""model.gate_beta0_init"": 2.0, ""model.gate_beta1_init"": 2.0}",/home/infolab/mnt/mingyu/review_rec/rating4review/results/scg_rgcl_42_Amazon_Musical_Instruments_14_20260515_132923_765086/test_results.json,0.898274931426682,,,"{""mse"": 0.8068978524296103, ""rmse"": 0.898274931426682, ""mae"": 0.6310951261260124, ""num_samples"": 1026, ""eval_clip"": false, ""min_rating"": 1.0, ""max_rating"": 5.0, ""unclipped_prediction_min"": 3.2708816528320312, ""unclipped_prediction_max"": 4.968201637268066, ""clipped_prediction_min"": 3.2708816528320312, ""clipped_prediction_max"": 4.968201637268066, ""label_min"": 1.0, ""label_max"": 5.0, ""rating_mean"": 4.482456207275391, ""rating_std"": 0.9219989776611328, ""rating_distribution"": {""1.0"": 27, ""2.0"": 26, ""3.0"": 68, ""4.0"": 209, ""5.0"": 696}, ""pred_mean"": 4.485221324840717, ""pred_std"": 0.2975274605948645, ""pred_min"": 3.2708816528320312, ""pred_max"": 4.968201637268066, ""abs_error_mean"": 0.6310951261260124, ""abs_error_p90"": 1.2405073642730713, ""abs_error_p95"": 1.857080101966858, ""abs_error_p99"": 3.5253478288650513, ""abs_error_max"": 3.8196849822998047, ""mean_gate"": 0.8730751872062683, ""std_gate"": 0.018145741894841194, ""min_gate_value"": 0.5546090006828308, ""max_gate_value"": 0.8913787603378296, ""mean_edge_misalign_score"": 0.08451838046312332, ""best_valid_metric"": 0.8664799490335708}",
round3_model.gate_beta1_init_4.0,ok,0,"{""training.lr"": 0.02, ""training.weight_decay"": 1e-05, ""training.grad_clip"": 0.5, ""model.embedding_size"": 32, ""model.num_layers"": 2, ""model.dropout"": 0.7, ""model.node_dropout"": 0.7, ""model.nd_weight"": 0.1, ""model.ed_weight"": 0.7, ""model.min_gate"": 0.2, ""model.gate_beta0_init"": 3.0, ""model.gate_beta1_init"": 4.0}",/home/infolab/mnt/mingyu/review_rec/rating4review/results/scg_rgcl_42_Amazon_Musical_Instruments_14_20260515_132941_749929/test_results.json,0.8935135801714434,,,"{""mse"": 0.7983665179507905, ""rmse"": 0.8935135801714434, ""mae"": 0.6273959552103083, ""num_samples"": 1026, ""eval_clip"": false, ""min_rating"": 1.0, ""max_rating"": 5.0, ""unclipped_prediction_min"": 3.388493061065674, ""unclipped_prediction_max"": 4.963028430938721, ""clipped_prediction_min"": 3.388493061065674, ""clipped_prediction_max"": 4.963028430938721, ""label_min"": 1.0, ""label_max"": 5.0, ""rating_mean"": 4.482456207275391, ""rating_std"": 0.9219989776611328, ""rating_distribution"": {""1.0"": 27, ""2.0"": 26, ""3.0"": 68, ""4.0"": 209, ""5.0"": 696}, ""pred_mean"": 4.4934316787571005, ""pred_std"": 0.28426830435566103, ""pred_min"": 3.388493061065674, ""pred_max"": 4.963028430938721, ""abs_error_mean"": 0.6273959552103083, ""abs_error_p90"": 1.2536888122558594, ""abs_error_p95"": 1.8494362831115723, ""abs_error_p99"": 3.5266798734664917, ""abs_error_max"": 3.8142123222351074, ""mean_gate"": 0.9370307326316833, ""std_gate"": 0.02550765872001648, ""min_gate_value"": 0.3845364451408386, ""max_gate_value"": 0.9557624459266663, ""mean_edge_misalign_score"": 0.08451838046312332, ""best_valid_metric"": 0.8662522448711865}",
round3_model.gate_beta1_init_6.0,ok,0,"{""training.lr"": 0.02, ""training.weight_decay"": 1e-05, ""training.grad_clip"": 0.5, ""model.embedding_size"": 32, ""model.num_layers"": 2, ""model.dropout"": 0.7, ""model.node_dropout"": 0.7, ""model.nd_weight"": 0.1, ""model.ed_weight"": 0.7, ""model.min_gate"": 0.2, ""model.gate_beta0_init"": 3.0, ""model.gate_beta1_init"": 6.0}",/home/infolab/mnt/mingyu/review_rec/rating4review/results/scg_rgcl_42_Amazon_Musical_Instruments_14_20260515_133038_898733/test_results.json,0.893808350747112,,,"{""mse"": 0.7988933678652723, ""rmse"": 0.893808350747112, ""mae"": 0.6276490490803709, ""num_samples"": 1026, ""eval_clip"": false, ""min_rating"": 1.0, ""max_rating"": 5.0, ""unclipped_prediction_min"": 3.38881778717041, ""unclipped_prediction_max"": 4.963257789611816, ""clipped_prediction_min"": 3.38881778717041, ""clipped_prediction_max"": 4.963257789611816, ""label_min"": 1.0, ""label_max"": 5.0, ""rating_mean"": 4.482456207275391, ""rating_std"": 0.9219989776611328, ""rating_distribution"": {""1.0"": 27, ""2.0"": 26, ""3.0"": 68, ""4.0"": 209, ""5.0"": 696}, ""pred_mean"": 4.493434872775979, ""pred_std"": 0.283343480423712, ""pred_min"": 3.38881778717041, ""pred_max"": 4.963257789611816, ""abs_error_mean"": 0.6276490490803709, ""abs_error_p90"": 1.2508257627487183, ""abs_error_p95"": 1.850072979927063, ""abs_error_p99"": 3.5345754623413086, ""abs_error_max"": 3.8145437240600586, ""mean_gate"": 0.9251812100410461, ""std_gate"": 0.04389668628573418, ""min_gate_value"": 0.23297390341758728, ""max_gate_value"": 0.9562386274337769, ""mean_edge_misalign_score"": 0.08451838046312332, ""best_valid_metric"": 0.8664262301633934}",
